id,begin_date,end_date,type,paperless_billing,payment_method,monthly_charges,total_charges,internet_service,online_security,online_backup,device_protection,tech_support,streaming_tv,streaming_movies,gender,senior_citizen,partner,dependents,multiple_lines,target
6361,2019-02-01,2019-12-01,Month-to-month,Yes,Bank transfer (automatic),80.7,788.8,Fiber optic,No,Yes,No,No,No,No,Male,0,No,No,Yes,1
6362,2014-09-01,,Month-to-month,Yes,Electronic check,104.35,6578.55,Fiber optic,No,Yes,Yes,No,Yes,Yes,Male,1,Yes,No,Yes,0
6363,2020-01-01,,Month-to-month,No,Mailed check,19.55,19.55,Fiber optic,No,No,No,No,No,No,Male,0,No,Yes,No,0
6364,2016-12-01,,One year,No,Electronic check,74.05,2802.3,DSL,Yes,Yes,Yes,Yes,Yes,No,Male,0,Yes,Yes,No,0
6365,2018-03-01,,Two year,No,Mailed check,40.1,857.75,DSL,Yes,No,Yes,Yes,No,No,Male,0,No,Yes,No,0
6366,2019-04-01,,One year,No,Mailed check,20.1,184.4,Fiber optic,No,No,No,No,No,No,Female,0,Yes,No,No,0
6367,2019-08-01,2019-12-01,Month-to-month,Yes,Electronic check,101.7,364.55,Fiber optic,No,Yes,No,No,Yes,Yes,Male,0,No,Yes,Yes,1
6368,2014-02-01,,Two year,Yes,Credit card (automatic),83.55,6093.3,DSL,Yes,No,Yes,Yes,Yes,Yes,Male,0,Yes,Yes,Yes,0
6369,2017-03-01,,Month-to-month,No,Electronic check,56.85,1861.1,DSL,No,Yes,No,Yes,No,No,Female,0,Yes,No,No,0
6370,2019-11-01,2019-12-01,Month-to-month,No,Mailed check,20.4,20.4,Fiber optic,No,No,No,No,No,No,Female,0,No,No,No,1
6371,2015-04-01,,Two year,No,Credit card (automatic),19.55,1079.65,Fiber optic,No,No,No,No,No,No,Female,0,Yes,Yes,No,0
6372,2014-04-01,,One year,Yes,Electronic check,106.15,7475.1,Fiber optic,No,Yes,Yes,Yes,Yes,Yes,Male,0,Yes,Yes,No,0
6373,2016-12-01,,One year,No,Credit card (automatic),78.95,2862.55,DSL,No,Yes,Yes,No,Yes,Yes,Male,0,Yes,Yes,Yes,0
6374,2015-02-01,,Month-to-month,Yes,Electronic check,49.75,3069.45,DSL,No,Yes,No,No,Yes,Yes,Female,0,Yes,Yes,No,0
6375,2017-12-01,,Month-to-month,Yes,Credit card (automatic),92.4,2349.8,Fiber optic,Yes,Yes,No,No,Yes,No,Male,0,No,No,Yes,0
6376,2019-06-01,,One year,No,Bank transfer (automatic),58.2,469.25,DSL,Yes,Yes,No,Yes,No,No,Female,0,No,No,No,0
6377,2016-05-01,2019-10-01,One year,Yes,Electronic check,102.6,4213.35,Fiber optic,No,No,Yes,Yes,Yes,Yes,Male,0,Yes,Yes,Yes,1
6378,2017-02-01,,Month-to-month,Yes,Credit card (automatic),91.95,3301.05,Fiber optic,No,Yes,No,No,Yes,No,Female,1,Yes,No,Yes,0
6379,2015-08-01,,One year,No,Bank transfer (automatic),65.25,3529.95,DSL,No,No,Yes,Yes,No,Yes,Male,1,No,No,No,0
6380,2014-01-01,2019-12-01,Two year,Yes,Bank transfer (automatic),106.0,7723.7,Fiber optic,No,Yes,Yes,No,Yes,Yes,Male,0,Yes,Yes,Yes,1
6381,2015-07-01,,Month-to-month,Yes,Electronic check,73.1,4144.9,Fiber optic,No,No,No,No,No,No,Female,0,No,No,Yes,0
6382,2014-02-01,,Two year,No,Bank transfer (automatic),59.75,4265.0,DSL,Yes,Yes,No,No,No,No,Female,0,No,No,Yes,0
6383,2019-08-01,2019-11-01,Month-to-month,Yes,Mailed check,55.1,154.65,DSL,Yes,No,No,Yes,No,No,Female,0,No,Yes,No,1
6384,2015-08-01,,Two year,Yes,Bank transfer (automatic),59.8,3246.45,DSL,No,Yes,Yes,No,No,No,Female,0,Yes,Yes,Yes,0
6385,2014-02-01,,Two year,Yes,Bank transfer (automatic),116.6,8337.45,Fiber optic,Yes,Yes,Yes,Yes,Yes,Yes,Male,0,Yes,Yes,Yes,0
6386,2015-10-01,,Two year,Yes,Electronic check,109.3,5731.4,Fiber optic,Yes,No,Yes,Yes,Yes,Yes,Male,0,No,No,Yes,0
6387,2015-02-01,,One year,Yes,Bank transfer (automatic),101.4,6176.6,Fiber optic,Yes,No,No,No,Yes,Yes,Female,1,No,No,Yes,0
6388,2016-11-01,,Month-to-month,Yes,Credit card (automatic),50.65,1905.4,DSL,No,No,Yes,No,Yes,Yes,Female,0,No,No,No,0
6389,2018-11-01,,One year,No,Mailed check,56.15,931.9,DSL,No,No,No,No,Yes,No,Female,0,No,No,No,0
6390,2014-02-01,2019-11-01,Two year,Yes,Bank transfer (automatic),106.5,7348.8,Fiber optic,No,No,Yes,Yes,Yes,Yes,Male,0,No,No,Yes,1
6391,2016-07-01,,One year,Yes,Mailed check,19.2,776.25,Fiber optic,No,No,No,No,No,No,Male,0,Yes,Yes,No,0
6392,2014-11-01,,One year,No,Bank transfer (automatic),83.0,5243.05,DSL,Yes,Yes,Yes,Yes,Yes,No,Female,1,No,No,Yes,0
6393,2019-12-01,,Month-to-month,No,Electronic check,70.1,141.65,Fiber optic,No,No,No,No,No,No,Male,1,Yes,No,No,0
6394,2014-02-01,,Two year,Yes,Bank transfer (automatic),108.3,7679.65,Fiber optic,Yes,Yes,Yes,Yes,Yes,Yes,Female,0,Yes,Yes,No,0
6395,2017-03-01,2019-11-01,Month-to-month,Yes,Bank transfer (automatic),91.05,2954.5,Fiber optic,No,No,Yes,No,No,Yes,Female,0,Yes,Yes,Yes,1
6396,2016-10-01,,Two year,No,Credit card (automatic),25.25,1006.9,Fiber optic,No,No,No,No,No,No,Male,0,Yes,Yes,Yes,0
6397,2015-04-01,,One year,Yes,Electronic check,45.35,2540.1,DSL,Yes,Yes,No,No,Yes,No,Female,0,Yes,No,No,0
6398,2014-07-01,,Two year,No,Electronic check,43.9,3097.2,DSL,Yes,No,No,Yes,Yes,No,Male,0,No,No,No,0
6399,2015-09-01,2019-12-01,Month-to-month,Yes,Electronic check,77.5,3807.35,Fiber optic,Yes,No,No,No,No,No,Female,1,Yes,No,Yes,1
6400,2017-07-01,,One year,Yes,Mailed check,79.3,2484.0,DSL,No,No,Yes,Yes,Yes,Yes,Male,0,Yes,No,Yes,0
6401,2014-05-01,,Month-to-month,Yes,Credit card (automatic),84.9,5785.65,Fiber optic,Yes,Yes,No,No,No,No,Male,1,Yes,No,Yes,0
6402,2017-06-01,,One year,Yes,Electronic check,79.25,2619.15,Fiber optic,No,No,No,Yes,No,No,Male,0,Yes,No,Yes,0
6403,2018-05-01,,Two year,No,Credit card (automatic),71.05,1524.85,DSL,Yes,Yes,No,Yes,Yes,No,Female,0,No,No,No,0
6404,2015-10-01,,One year,No,Electronic check,53.75,2790.65,DSL,Yes,No,Yes,No,No,No,Male,0,No,No,No,0
6405,2014-02-01,,Two year,No,Credit card (automatic),24.25,1784.5,Fiber optic,No,No,No,No,No,No,Female,0,Yes,Yes,Yes,0
6406,2014-01-01,2020-01-01,Two year,Yes,Electronic check,54.2,3937.45,DSL,No,Yes,Yes,No,Yes,Yes,Female,0,Yes,No,No,1
6407,2015-10-01,,One year,No,Bank transfer (automatic),44.25,2276.1,DSL,Yes,No,Yes,No,No,Yes,Male,0,Yes,Yes,No,0
6408,2016-09-01,,One year,No,Bank transfer (automatic),50.05,2029.05,DSL,No,No,No,Yes,No,No,Female,0,No,No,No,0
6409,2016-09-01,,Two year,No,Mailed check,20.15,802.35,Fiber optic,No,No,No,No,No,No,Male,0,No,No,No,0
6410,2019-05-01,2019-11-01,Month-to-month,Yes,Mailed check,69.25,418.4,Fiber optic,No,No,No,No,No,No,Female,0,No,No,No,1
6411,2014-07-01,,One year,Yes,Credit card (automatic),69.35,4653.25,DSL,Yes,Yes,Yes,Yes,No,No,Male,0,Yes,Yes,Yes,0
6412,2018-10-01,,Month-to-month,No,Mailed check,19.35,275.9,Fiber optic,No,No,No,No,No,No,Female,0,Yes,Yes,No,0
6413,2018-09-01,,Two year,No,Mailed check,19.15,343.45,Fiber optic,No,No,No,No,No,No,Male,0,No,No,No,0
6414,2017-03-01,,Month-to-month,No,Mailed check,61.0,2130.45,DSL,Yes,Yes,Yes,No,No,No,Male,0,Yes,No,No,0
6415,2015-04-01,,Two year,No,Credit card (automatic),20.5,1191.4,Fiber optic,No,No,No,No,No,No,Female,0,Yes,Yes,No,0
6416,2019-12-01,2020-01-01,Month-to-month,Yes,Electronic check,50.5,50.5,DSL,No,No,Yes,No,No,No,Male,0,No,No,No,1
6417,2015-10-01,,Two year,No,Mailed check,50.2,2554.0,DSL,No,Yes,Yes,Yes,Yes,No,Male,0,Yes,Yes,No,0
6418,2014-04-01,,Two year,No,Bank transfer (automatic),79.6,5589.45,DSL,Yes,No,Yes,Yes,Yes,Yes,Female,0,No,No,No,0
6419,2018-07-01,,Two year,Yes,Bank transfer (automatic),24.9,467.7,Fiber optic,No,No,No,No,No,No,Female,0,Yes,Yes,Yes,0
6420,2019-09-01,2019-10-01,Month-to-month,Yes,Electronic check,74.4,74.4,Fiber optic,No,No,No,No,No,No,Male,1,No,No,Yes,1
6421,2017-03-01,,Month-to-month,Yes,Electronic check,106.9,3756.45,Fiber optic,Yes,No,Yes,Yes,Yes,Yes,Female,0,Yes,Yes,No,0
6422,2017-06-01,,Month-to-month,Yes,Electronic check,101.35,3334.9,Fiber optic,No,No,Yes,No,Yes,Yes,Female,0,No,No,Yes,0
6423,2018-09-01,,Month-to-month,Yes,Credit card (automatic),55.35,920.5,DSL,Yes,No,No,Yes,No,No,Female,0,Yes,Yes,No,0
6424,2014-07-01,,One year,No,Credit card (automatic),50.55,3431.75,DSL,No,Yes,No,No,No,No,Female,0,Yes,Yes,No,0
6425,2019-05-01,,Month-to-month,No,Bank transfer (automatic),19.5,150.35,Fiber optic,No,No,No,No,No,No,Female,0,No,No,No,0
6426,2017-03-01,2019-10-01,One year,Yes,Mailed check,79.45,2587.7,DSL,No,Yes,No,Yes,Yes,Yes,Male,0,No,Yes,Yes,1
6427,2019-10-01,,Month-to-month,No,Electronic check,90.65,367.95,Fiber optic,Yes,No,No,No,Yes,No,Male,0,No,No,Yes,0
6428,2015-04-01,,One year,Yes,Bank transfer (automatic),89.85,5125.75,Fiber optic,Yes,Yes,No,Yes,No,No,Male,1,Yes,Yes,Yes,0
6429,2015-02-01,,One year,No,Mailed check,79.0,4801.1,DSL,Yes,No,Yes,Yes,Yes,Yes,Male,0,No,No,No,0
6430,2015-02-01,2019-12-01,One year,Yes,Electronic check,104.65,6219.6,Fiber optic,No,No,Yes,Yes,Yes,Yes,Male,0,No,No,Yes,1
6431,2020-01-01,,Month-to-month,No,Mailed check,19.55,19.55,Fiber optic,No,No,No,No,No,No,Male,0,No,No,No,0
6432,2017-11-01,,Two year,No,Mailed check,19.9,550.1,Fiber optic,No,No,No,No,No,No,Female,0,Yes,Yes,No,0
6433,2014-08-01,,One year,Yes,Electronic check,116.25,7862.25,Fiber optic,Yes,Yes,Yes,Yes,Yes,Yes,Male,1,Yes,Yes,Yes,0
6434,2018-11-01,,Month-to-month,Yes,Bank transfer (automatic),87.75,1242.2,Fiber optic,Yes,No,No,No,Yes,No,Male,0,No,No,Yes,0
6435,2016-02-01,2020-01-01,Month-to-month,Yes,Electronic check,100.05,4871.05,Fiber optic,No,No,Yes,No,Yes,Yes,Male,1,Yes,No,Yes,1
6436,2016-09-01,,Month-to-month,Yes,Credit card (automatic),81.3,3190.65,Fiber optic,Yes,No,No,No,No,No,Female,0,No,No,Yes,0
6437,2015-03-01,,Month-to-month,Yes,Electronic check,44.3,2666.75,DSL,No,No,No,No,Yes,Yes,Male,0,Yes,No,No,0
6438,2015-12-01,,Two year,No,Credit card (automatic),70.35,3533.6,Fiber optic,No,No,No,No,No,No,Female,0,No,Yes,No,0
6439,2018-09-01,,One year,No,Credit card (automatic),44.45,792.15,DSL,Yes,No,Yes,No,Yes,No,Male,0,Yes,Yes,No,0
6440,2019-08-01,,Month-to-month,Yes,Electronic check,49.15,295.65,DSL,Yes,No,No,No,No,No,Male,0,Yes,Yes,No,0
6441,2015-11-01,,Month-to-month,Yes,Credit card (automatic),29.45,1459.35,DSL,No,Yes,No,No,No,No,Male,1,Yes,No,No,0
6442,2016-02-01,2019-10-01,Month-to-month,No,Electronic check,100.55,4398.15,Fiber optic,No,Yes,No,Yes,Yes,Yes,Male,0,No,No,No,1
6443,2016-01-01,,Month-to-month,Yes,Credit card (automatic),85.3,4297.95,Fiber optic,No,Yes,No,No,Yes,No,Male,0,Yes,No,No,0
6444,2019-08-01,2019-10-01,Month-to-month,No,Electronic check,95.65,167.3,Fiber optic,No,Yes,No,No,Yes,Yes,Male,0,No,No,No,1
6445,2015-03-01,,One year,Yes,Mailed check,69.1,4096.9,DSL,Yes,No,No,Yes,No,Yes,Male,0,Yes,No,Yes,0
6446,2015-12-01,,Month-to-month,Yes,Bank transfer (automatic),70.35,3454.6,DSL,Yes,Yes,No,No,Yes,No,Male,1,No,No,Yes,0
6447,2015-03-01,,Two year,No,Mailed check,20.6,1286.0,Fiber optic,No,No,No,No,No,No,Female,0,Yes,Yes,No,0
6448,2018-08-01,,Month-to-month,No,Mailed check,74.15,1387.0,Fiber optic,No,No,No,No,No,No,Male,0,No,No,Yes,0
6449,2019-04-01,,Month-to-month,No,Electronic check,75.05,786.3,Fiber optic,No,No,No,No,No,No,Male,0,No,No,Yes,0
6450,2018-12-01,,One year,No,Electronic check,44.6,641.25,DSL,No,No,No,No,No,No,Male,0,Yes,No,No,0
6451,2017-03-01,,Two year,No,Bank transfer (automatic),21.45,705.45,Fiber optic,No,No,No,No,No,No,Male,0,No,No,No,0
6452,2019-06-01,,One year,Yes,Mailed check,43.45,345.5,DSL,No,No,No,No,No,No,Male,0,Yes,Yes,No,0
6453,2018-08-01,,One year,No,Bank transfer (automatic),20.05,345.9,Fiber optic,No,No,No,No,No,No,Male,0,Yes,Yes,No,0
6454,2015-02-01,,One year,No,Bank transfer (automatic),94.15,5811.8,Fiber optic,Yes,Yes,No,No,Yes,No,Female,0,Yes,Yes,Yes,0
6455,2019-09-01,2019-10-01,Month-to-month,No,Electronic check,94.4,94.4,Fiber optic,No,No,Yes,No,Yes,Yes,Female,0,No,No,No,1
6456,2019-08-01,,Two year,No,Mailed check,19.55,124.45,Fiber optic,No,No,No,No,No,No,Female,0,No,No,No,0
6457,2018-07-01,,Month-to-month,Yes,Mailed check,75.9,1375.6,DSL,Yes,Yes,No,Yes,Yes,No,Female,0,No,Yes,Yes,0
6458,2015-09-01,,One year,No,Bank transfer (automatic),64.15,3491.55,DSL,Yes,Yes,No,Yes,No,No,Male,0,Yes,Yes,Yes,0
6459,2014-02-01,,Two year,Yes,Bank transfer (automatic),109.55,7920.7,Fiber optic,Yes,Yes,Yes,No,Yes,Yes,Male,1,Yes,No,Yes,0
6460,2015-02-01,,Two year,Yes,Credit card (automatic),110.8,6640.7,Fiber optic,No,Yes,Yes,Yes,Yes,Yes,Female,0,Yes,No,Yes,0
6461,2019-12-01,2020-01-01,Month-to-month,Yes,Credit card (automatic),55.0,55.0,DSL,No,No,No,No,Yes,No,Female,0,No,No,No,1
6462,2019-01-01,,Month-to-month,No,Mailed check,53.45,718.1,DSL,No,No,Yes,Yes,No,No,Female,0,No,Yes,No,0
6463,2019-09-01,,Month-to-month,No,Credit card (automatic),69.95,320.4,Fiber optic,No,No,No,No,No,No,Female,0,Yes,Yes,No,0
6464,2019-11-01,2019-12-01,Month-to-month,Yes,Electronic check,101.45,101.45,Fiber optic,No,No,Yes,No,Yes,Yes,Male,0,No,No,Yes,1
6465,2019-01-01,,Month-to-month,No,Electronic check,97.0,1334.45,Fiber optic,No,No,Yes,No,Yes,Yes,Male,0,Yes,Yes,No,0
6466,2017-01-01,,One year,Yes,Bank transfer (automatic),90.6,3358.65,DSL,Yes,Yes,Yes,Yes,Yes,Yes,Male,0,No,No,Yes,0
6467,2014-10-01,,Month-to-month,Yes,Mailed check,73.55,4764.0,Fiber optic,Yes,No,No,No,No,No,Male,0,Yes,No,No,0
6468,2019-07-01,2019-12-01,Month-to-month,No,Bank transfer (automatic),67.95,350.3,DSL,No,No,Yes,Yes,Yes,No,Female,0,Yes,No,Yes,1
6469,2015-01-01,,Two year,Yes,Bank transfer (automatic),94.35,5703.0,Fiber optic,No,Yes,No,Yes,No,Yes,Female,0,Yes,No,Yes,0
6470,2019-10-01,2019-11-01,Month-to-month,Yes,Electronic check,69.5,69.5,Fiber optic,No,No,No,No,No,No,Female,0,No,No,No,1
6471,2019-11-01,2019-12-01,Month-to-month,Yes,Mailed check,18.85,18.85,Fiber optic,No,No,No,No,No,No,Male,0,No,No,No,1
6472,2017-12-01,,One year,No,Mailed check,19.4,525.55,Fiber optic,No,No,No,No,No,No,Male,0,No,No,No,0
6473,2019-09-01,2019-10-01,Month-to-month,Yes,Electronic check,69.2,69.2,Fiber optic,No,No,No,No,No,No,Female,0,No,No,No,1
6474,2018-02-01,,Two year,No,Mailed check,19.75,483.15,Fiber optic,No,No,No,No,No,No,Male,0,Yes,No,No,0
6475,2018-09-01,,One year,No,Electronic check,54.6,934.8,DSL,No,No,Yes,Yes,Yes,Yes,Male,0,Yes,No,No,0
6476,2017-12-01,,Month-to-month,Yes,Mailed check,29.8,786.5,DSL,No,No,Yes,No,No,No,Female,0,No,Yes,No,0
6477,2019-09-01,2019-10-01,Month-to-month,Yes,Electronic check,69.65,69.65,Fiber optic,No,No,No,No,No,No,Male,0,No,No,No,1
6478,2016-06-01,2019-10-01,Month-to-month,No,Electronic check,101.85,4086.3,Fiber optic,Yes,No,No,No,Yes,Yes,Male,1,Yes,No,Yes,1
6479,2015-10-01,,Month-to-month,Yes,Electronic check,103.05,5364.8,Fiber optic,No,Yes,Yes,No,Yes,Yes,Male,0,No,No,Yes,0
6480,2019-10-01,2019-11-01,Month-to-month,Yes,Electronic check,82.3,82.3,Fiber optic,No,Yes,Yes,No,No,No,Female,0,No,No,No,1
6481,2018-05-01,,Two year,No,Mailed check,35.1,770.4,DSL,Yes,No,No,Yes,No,No,Female,0,No,No,No,0
6482,2014-07-01,,One year,Yes,Bank transfer (automatic),105.7,6816.95,Fiber optic,No,Yes,Yes,No,Yes,Yes,Female,0,Yes,No,Yes,0
6483,2016-06-01,,Month-to-month,No,Bank transfer (automatic),56.25,2419.55,DSL,Yes,No,No,Yes,No,No,Female,0,Yes,Yes,No,0
6484,2014-04-01,,One year,No,Electronic check,60.35,4138.7,DSL,No,Yes,Yes,Yes,Yes,Yes,Male,0,Yes,Yes,No,0
6485,2019-07-01,2019-10-01,Month-to-month,No,Electronic check,79.25,267.6,Fiber optic,No,No,No,No,Yes,No,Male,0,No,No,No,1
6486,2015-06-01,,Two year,Yes,Bank transfer (automatic),59.8,3457.45,DSL,Yes,Yes,Yes,No,No,No,Male,0,Yes,Yes,No,0
6487,2018-09-01,2019-10-01,Month-to-month,Yes,Electronic check,84.6,1115.2,Fiber optic,No,No,No,No,No,Yes,Female,0,No,No,Yes,1
6488,2015-02-01,2019-12-01,Month-to-month,Yes,Bank transfer (automatic),93.4,5435.6,Fiber optic,Yes,Yes,No,No,No,Yes,Female,0,Yes,Yes,Yes,1
6489,2016-04-01,2019-10-01,Month-to-month,Yes,Electronic check,94.2,4186.3,Fiber optic,No,No,No,No,Yes,Yes,Female,0,Yes,Yes,Yes,1
6490,2019-09-01,2019-10-01,Month-to-month,No,Electronic check,25.05,25.05,DSL,No,No,No,No,No,No,Male,1,Yes,No,No,1
6491,2016-04-01,,Two year,No,Mailed check,99.65,4630.2,Fiber optic,Yes,No,Yes,Yes,No,Yes,Female,0,Yes,Yes,Yes,0
6492,2014-11-01,,Two year,Yes,Bank transfer (automatic),50.65,3221.25,DSL,Yes,No,No,No,No,No,Female,0,Yes,Yes,No,0
6493,2019-03-01,,Month-to-month,Yes,Electronic check,60.9,688.5,DSL,No,Yes,Yes,Yes,No,No,Male,0,No,No,No,0
6494,2018-11-01,,Month-to-month,Yes,Bank transfer (automatic),59.65,867.1,DSL,No,No,Yes,Yes,No,No,Male,0,Yes,Yes,Yes,0
6495,2014-02-01,,Two year,Yes,Electronic check,64.7,4746.05,DSL,Yes,Yes,Yes,Yes,Yes,Yes,Male,0,Yes,No,No,0
6496,2017-05-01,2019-10-01,Month-to-month,Yes,Credit card (automatic),25.1,712.85,DSL,No,No,No,No,No,No,Female,0,No,No,No,1
6497,2019-10-01,2019-11-01,Month-to-month,No,Electronic check,48.95,48.95,DSL,No,No,Yes,No,No,No,Male,0,No,Yes,No,1
6498,2019-08-01,,Month-to-month,No,Electronic check,54.85,355.1,DSL,No,No,No,No,Yes,No,Female,0,Yes,Yes,No,0
6499,2019-12-01,2020-01-01,Month-to-month,No,Electronic check,45.3,45.3,DSL,No,No,No,No,No,No,Male,0,No,No,No,1
6500,2014-11-01,,One year,Yes,Electronic check,91.35,5764.7,Fiber optic,No,Yes,No,No,No,Yes,Male,0,Yes,Yes,Yes,0
6501,2019-09-01,2019-11-01,Month-to-month,Yes,Electronic check,85.85,167.3,Fiber optic,No,No,Yes,No,No,Yes,Male,0,No,No,No,1
6502,2018-08-01,,Two year,No,Mailed check,25.1,428.45,Fiber optic,No,No,No,No,No,No,Female,0,Yes,Yes,Yes,0
6503,2016-07-01,,Month-to-month,No,Bank transfer (automatic),34.0,1505.35,DSL,Yes,No,No,Yes,No,No,Female,0,Yes,No,No,0
6504,2018-11-01,,One year,No,Mailed check,45.9,693.45,DSL,Yes,Yes,Yes,Yes,No,No,Female,0,No,No,No,0
6505,2018-12-01,2019-10-01,Month-to-month,No,Electronic check,95.2,930.4,Fiber optic,No,No,No,No,Yes,Yes,Male,0,No,Yes,Yes,1
6506,2015-07-01,,Two year,No,Mailed check,20.5,1177.95,Fiber optic,No,No,No,No,No,No,Male,0,Yes,Yes,No,0
6507,2015-10-01,2019-11-01,One year,Yes,Bank transfer (automatic),100.6,5069.65,Fiber optic,No,No,No,Yes,Yes,Yes,Male,0,No,Yes,Yes,1
6508,2019-05-01,2019-11-01,Month-to-month,Yes,Mailed check,55.3,324.25,DSL,No,Yes,Yes,No,No,No,Male,0,Yes,Yes,No,1
6509,2014-04-01,,Two year,No,Credit card (automatic),20.35,1458.1,Fiber optic,No,No,No,No,No,No,Male,0,Yes,Yes,No,0
6510,2019-09-01,2019-11-01,Month-to-month,Yes,Mailed check,74.85,156.4,Fiber optic,No,No,No,No,No,No,Male,1,No,No,Yes,1
6511,2014-11-01,,One year,No,Bank transfer (automatic),36.1,2298.9,DSL,Yes,No,No,Yes,No,No,Male,1,Yes,No,No,0
6512,2018-01-01,,Month-to-month,Yes,Bank transfer (automatic),65.8,1679.65,DSL,No,Yes,No,Yes,No,Yes,Female,0,No,No,No,0
6513,2018-08-01,,One year,No,Bank transfer (automatic),20.35,369.6,Fiber optic,No,No,No,No,No,No,Female,1,No,No,No,0
6514,2017-10-01,,Month-to-month,Yes,Electronic check,105.8,2998.0,Fiber optic,No,Yes,No,Yes,Yes,Yes,Male,1,Yes,No,Yes,0
6515,2015-09-01,,One year,Yes,Mailed check,96.75,5206.55,Fiber optic,Yes,Yes,No,Yes,No,Yes,Female,1,No,No,No,0
6516,2016-12-01,2019-11-01,One year,Yes,Bank transfer (automatic),102.35,3626.1,Fiber optic,No,Yes,Yes,No,Yes,Yes,Male,0,No,No,No,1
6517,2020-01-01,,Month-to-month,No,Mailed check,24.4,24.4,DSL,No,No,No,No,No,No,Male,0,No,No,No,0
6518,2014-03-01,2020-01-01,One year,No,Credit card (automatic),115.65,7968.85,Fiber optic,Yes,Yes,Yes,Yes,Yes,Yes,Male,0,Yes,No,Yes,1
6519,2019-11-01,2020-01-01,Month-to-month,Yes,Electronic check,79.85,152.45,Fiber optic,No,No,Yes,Yes,No,No,Male,0,No,No,No,1
6520,2017-12-01,,Month-to-month,Yes,Electronic check,73.05,1959.5,DSL,No,Yes,No,Yes,Yes,Yes,Female,0,Yes,No,No,0
6521,2017-04-01,,One year,No,Electronic check,64.35,2053.05,DSL,Yes,Yes,No,No,No,Yes,Female,0,No,No,No,0
6522,2018-07-01,,Two year,No,Mailed check,20.5,398.55,Fiber optic,No,No,No,No,No,No,Female,0,No,Yes,No,0
6523,2018-07-01,2019-10-01,Month-to-month,Yes,Mailed check,76.0,1130.85,Fiber optic,No,No,No,No,No,No,Male,0,No,No,Yes,1
6524,2014-12-01,,One year,No,Credit card (automatic),54.75,3425.35,DSL,Yes,No,Yes,No,No,No,Female,0,Yes,Yes,No,0
6525,2016-04-01,2019-10-01,Month-to-month,Yes,Bank transfer (automatic),104.75,4323.45,Fiber optic,No,Yes,Yes,No,Yes,Yes,Female,1,No,No,Yes,1
6526,2019-04-01,2020-01-01,Month-to-month,Yes,Electronic check,74.65,703.55,DSL,Yes,Yes,No,No,Yes,Yes,Female,0,No,No,No,1
6527,2018-02-01,,Month-to-month,Yes,Electronic check,51.15,1275.7,DSL,Yes,No,No,No,No,No,Male,0,No,No,No,0
6528,2014-06-01,,Two year,Yes,Electronic check,41.95,2965.75,DSL,Yes,Yes,Yes,No,No,No,Male,1,Yes,No,No,0
6529,2017-07-01,,Month-to-month,No,Mailed check,54.35,1647.0,DSL,No,No,Yes,Yes,No,No,Male,0,Yes,Yes,No,0
6530,2019-09-01,2019-10-01,Month-to-month,Yes,Electronic check,56.25,56.25,DSL,No,No,No,No,No,Yes,Female,0,No,No,No,1
6531,2018-04-01,2020-01-01,Month-to-month,Yes,Electronic check,106.1,2249.95,Fiber optic,No,No,Yes,Yes,Yes,Yes,Male,0,Yes,No,Yes,1
6532,2014-11-01,,One year,Yes,Electronic check,96.0,6109.75,Fiber optic,No,Yes,No,No,Yes,Yes,Female,0,Yes,No,No,0
6533,2019-09-01,2019-11-01,Month-to-month,Yes,Bank transfer (automatic),79.75,159.4,Fiber optic,No,No,No,No,No,Yes,Female,1,No,No,No,1
6534,2015-01-01,,Two year,Yes,Bank transfer (automatic),61.45,3751.15,DSL,No,Yes,Yes,Yes,Yes,Yes,Female,0,Yes,Yes,No,0
6535,2019-10-01,2019-11-01,Month-to-month,No,Electronic check,68.65,68.65,Fiber optic,No,No,No,No,No,No,Female,0,No,No,No,1
6536,2018-08-01,,One year,No,Mailed check,19.65,411.25,Fiber optic,No,No,No,No,No,No,Male,0,No,No,No,0
6537,2019-08-01,,One year,No,Credit card (automatic),19.0,105.5,Fiber optic,No,No,No,No,No,No,Female,0,Yes,Yes,No,0
6538,2017-05-01,,Month-to-month,Yes,Electronic check,100.0,3320.6,Fiber optic,No,Yes,No,No,Yes,Yes,Female,0,No,No,Yes,0
6539,2018-06-01,2019-10-01,Month-to-month,No,Bank transfer (automatic),20.25,327.45,Fiber optic,No,No,No,No,No,No,Male,0,No,No,No,1
6540,2015-06-01,,Month-to-month,Yes,Electronic check,98.7,5669.5,Fiber optic,No,No,Yes,Yes,Yes,Yes,Female,0,Yes,No,No,0
6541,2018-03-01,,One year,No,Mailed check,19.8,465.45,Fiber optic,No,No,No,No,No,No,Male,0,No,Yes,No,0
6542,2019-05-01,,Month-to-month,Yes,Electronic check,73.8,704.3,Fiber optic,No,No,Yes,No,No,No,Male,0,No,No,No,0
6543,2018-08-01,2019-10-01,Month-to-month,Yes,Electronic check,100.2,1369.8,Fiber optic,No,Yes,No,No,Yes,Yes,Female,1,Yes,No,Yes,1
6544,2018-10-01,2020-01-01,Month-to-month,Yes,Bank transfer (automatic),74.9,1107.25,Fiber optic,No,No,No,No,No,No,Male,0,Yes,Yes,Yes,1
6545,2019-09-01,,Month-to-month,No,Credit card (automatic),20.05,95.55,Fiber optic,No,No,No,No,No,No,Male,0,No,No,No,0
6546,2015-01-01,,Month-to-month,Yes,Electronic check,106.2,6375.2,Fiber optic,Yes,Yes,No,No,Yes,Yes,Male,0,Yes,No,Yes,0
6547,2014-04-01,,Two year,Yes,Credit card (automatic),116.55,8152.3,Fiber optic,Yes,Yes,Yes,Yes,Yes,Yes,Male,0,Yes,Yes,Yes,0
6548,2018-11-01,,Month-to-month,Yes,Electronic check,99.7,1566.75,Fiber optic,Yes,No,No,No,Yes,Yes,Male,0,No,No,Yes,0
6549,2019-06-01,,Two year,No,Mailed check,19.7,130.25,Fiber optic,No,No,No,No,No,No,Male,0,Yes,Yes,No,0
6550,2019-06-01,,Two year,No,Mailed check,19.5,162.15,Fiber optic,No,No,No,No,No,No,Female,0,Yes,Yes,No,0
6551,2019-10-01,,Month-to-month,Yes,Mailed check,29.15,110.05,DSL,Yes,No,No,No,No,No,Female,0,No,No,No,0
6552,2017-04-01,,One year,No,Mailed check,55.0,1885.15,DSL,Yes,Yes,No,No,No,No,Female,0,No,No,No,0
6553,2014-06-01,,Two year,Yes,Credit card (automatic),90.8,6302.85,DSL,Yes,Yes,Yes,Yes,Yes,Yes,Male,0,Yes,No,Yes,0
6554,2016-05-01,,One year,No,Bank transfer (automatic),51.0,2264.5,DSL,No,Yes,Yes,Yes,No,Yes,Female,0,Yes,Yes,No,0
6555,2019-05-01,,Month-to-month,Yes,Electronic check,90.1,816.8,Fiber optic,No,No,Yes,No,Yes,No,Female,1,No,No,Yes,0
6556,2018-04-01,,Month-to-month,Yes,Mailed check,59.05,1253.5,DSL,Yes,No,No,Yes,No,No,Female,0,No,No,Yes,0
6557,2019-12-01,,Month-to-month,No,Mailed check,20.3,41.2,Fiber optic,No,No,No,No,No,No,Female,0,No,No,No,0
6558,2014-04-01,,Two year,No,Bank transfer (automatic),72.95,5265.55,DSL,No,Yes,Yes,Yes,Yes,No,Male,0,Yes,No,Yes,0
6559,2019-04-01,,One year,No,Credit card (automatic),73.55,693.3,DSL,Yes,No,Yes,Yes,No,Yes,Female,0,No,Yes,Yes,0
6560,2014-02-01,,Two year,No,Credit card (automatic),84.3,5997.1,DSL,Yes,No,Yes,Yes,Yes,Yes,Male,0,No,No,Yes,0
6561,2016-01-01,,One year,No,Credit card (automatic),78.0,3824.2,DSL,No,Yes,Yes,No,Yes,Yes,Female,0,Yes,Yes,No,0
6562,2015-08-01,,One year,No,Mailed check,72.1,3886.05,DSL,No,Yes,No,Yes,Yes,No,Female,1,No,No,Yes,0
6563,2014-03-01,,Two year,Yes,Credit card (automatic),106.75,7283.25,Fiber optic,Yes,Yes,Yes,No,Yes,Yes,Female,0,No,No,Yes,0
6564,2018-04-01,,One year,Yes,Mailed check,19.25,412.55,Fiber optic,No,No,No,No,No,No,Female,0,No,No,No,0
6565,2015-12-01,,Two year,No,Credit card (automatic),20.55,1070.25,Fiber optic,No,No,No,No,No,No,Female,0,Yes,Yes,No,0
6566,2016-07-01,,One year,No,Mailed check,20.0,817.95,Fiber optic,No,No,No,No,No,No,Female,0,Yes,Yes,No,0
6567,2016-05-01,,Two year,Yes,Credit card (automatic),24.65,1171.3,Fiber optic,No,No,No,No,No,No,Female,0,Yes,Yes,Yes,0
6568,2014-10-01,,Month-to-month,Yes,Bank transfer (automatic),103.5,6548.65,Fiber optic,Yes,Yes,No,No,Yes,Yes,Male,1,No,No,Yes,0
6569,2018-03-01,,Two year,No,Mailed check,23.85,625.65,Fiber optic,No,No,No,No,No,No,Female,0,Yes,Yes,Yes,0
6570,2014-06-01,,Two year,No,Credit card (automatic),25.8,1911.5,Fiber optic,No,No,No,No,No,No,Female,0,Yes,No,Yes,0
6571,2019-10-01,2019-11-01,Month-to-month,Yes,Electronic check,70.85,70.85,Fiber optic,No,No,No,No,No,No,Female,0,No,No,No,1
6572,2019-09-01,2019-11-01,Month-to-month,Yes,Credit card (automatic),69.8,134.7,Fiber optic,No,No,No,No,No,No,Male,0,No,No,No,1
6573,2017-12-01,,One year,No,Credit card (automatic),59.45,1507.0,DSL,No,No,No,Yes,Yes,No,Male,0,No,No,No,0
6574,2015-05-01,2019-12-01,Month-to-month,Yes,Bank transfer (automatic),54.55,2978.3,DSL,No,No,Yes,Yes,Yes,Yes,Male,0,Yes,No,No,1
6575,2018-12-01,,Month-to-month,Yes,Electronic check,20.05,299.3,Fiber optic,No,No,No,No,No,No,Male,0,No,No,No,0
6576,2014-03-01,,Two year,Yes,Electronic check,82.55,5832.65,DSL,Yes,No,Yes,Yes,Yes,Yes,Male,0,Yes,No,No,0
6577,2014-10-01,,One year,No,Electronic check,81.25,5567.55,DSL,Yes,Yes,Yes,Yes,Yes,No,Male,0,No,No,Yes,0
6578,2019-03-01,2019-10-01,Month-to-month,Yes,Credit card (automatic),70.75,450.8,DSL,No,No,No,Yes,Yes,Yes,Female,0,No,No,No,1
6579,2015-05-01,,Two year,Yes,Credit card (automatic),74.3,4166.35,DSL,Yes,Yes,Yes,Yes,Yes,No,Female,0,No,No,No,0
6580,2018-10-01,2019-11-01,Month-to-month,No,Electronic check,94.1,1215.6,Fiber optic,No,Yes,Yes,No,Yes,No,Female,0,Yes,No,Yes,1
6581,2019-10-01,2020-01-01,Month-to-month,No,Credit card (automatic),29.7,91.7,DSL,Yes,No,No,No,No,No,Female,0,Yes,Yes,No,1
6582,2014-02-01,,Two year,No,Credit card (automatic),109.7,7898.45,Fiber optic,No,Yes,Yes,Yes,Yes,Yes,Male,1,Yes,No,Yes,0
6583,2016-10-01,,Month-to-month,Yes,Credit card (automatic),96.35,3915.4,Fiber optic,No,Yes,Yes,No,Yes,No,Female,0,Yes,Yes,Yes,0
6584,2018-12-01,,Month-to-month,Yes,Credit card (automatic),66.6,979.5,DSL,No,No,No,Yes,Yes,No,Male,0,Yes,No,Yes,0
6585,2019-12-01,,Month-to-month,Yes,Electronic check,44.5,90.05,DSL,No,No,No,No,No,No,Male,0,Yes,Yes,No,0
6586,2014-06-01,2019-12-01,One year,No,Credit card (automatic),110.9,7432.05,Fiber optic,No,Yes,Yes,Yes,Yes,Yes,Male,1,No,No,Yes,1
6587,2016-09-01,2019-11-01,Month-to-month,Yes,Electronic check,105.0,4026.4,Fiber optic,No,No,Yes,Yes,Yes,Yes,Female,0,Yes,No,Yes,1
6588,2019-12-01,2020-01-01,Month-to-month,Yes,Electronic check,25.3,25.3,DSL,No,No,No,No,No,No,Male,0,No,Yes,No,1
6589,2018-02-01,2019-12-01,One year,Yes,Credit card (automatic),55.15,1193.05,DSL,No,Yes,No,Yes,No,No,Male,0,No,No,No,1
6590,2019-09-01,,Month-to-month,Yes,Mailed check,80.1,398.55,Fiber optic,No,No,No,No,Yes,No,Male,0,No,No,No,0
6591,2017-09-01,,One year,No,Bank transfer (automatic),69.05,1958.45,DSL,Yes,No,No,Yes,Yes,No,Male,0,Yes,Yes,Yes,0
6592,2019-09-01,2019-10-01,Month-to-month,Yes,Mailed check,69.9,69.9,Fiber optic,No,No,No,No,No,No,Male,0,Yes,Yes,No,1
6593,2019-11-01,,Month-to-month,No,Mailed check,20.4,63.15,Fiber optic,No,No,No,No,No,No,Female,0,No,No,No,0
6594,2014-03-01,,Two year,No,Credit card (automatic),19.7,1301.1,Fiber optic,No,No,No,No,No,No,Male,0,Yes,Yes,No,0
6595,2019-05-01,,Month-to-month,Yes,Electronic check,50.1,484.05,DSL,No,Yes,No,No,No,No,Male,0,No,Yes,No,0
6596,2016-06-01,2020-01-01,Month-to-month,Yes,Electronic check,101.4,4528.0,Fiber optic,No,Yes,No,No,Yes,Yes,Male,0,No,No,Yes,1
6597,2016-02-01,,One year,Yes,Credit card (automatic),83.45,3887.85,DSL,Yes,Yes,Yes,No,Yes,Yes,Female,0,No,No,Yes,0
6598,2017-12-01,,Month-to-month,Yes,Credit card (automatic),86.65,2208.75,Fiber optic,Yes,Yes,No,No,No,No,Male,0,No,No,Yes,0
6599,2019-05-01,,Month-to-month,No,Bank transfer (automatic),20.15,238.15,Fiber optic,No,No,No,No,No,No,Female,0,No,No,No,0
6600,2019-10-01,2019-11-01,Month-to-month,Yes,Electronic check,80.8,80.8,Fiber optic,No,No,No,No,No,Yes,Male,0,No,No,No,1
6601,2016-04-01,,Two year,No,Credit card (automatic),19.4,958.15,Fiber optic,No,No,No,No,No,No,Female,0,Yes,Yes,No,0
6602,2019-08-01,2019-10-01,Month-to-month,No,Bank transfer (automatic),62.05,118.3,DSL,No,No,No,No,No,Yes,Male,0,No,No,Yes,1
6603,2019-09-01,2019-10-01,Month-to-month,Yes,Electronic check,76.45,76.45,Fiber optic,No,No,No,No,No,No,Male,1,No,No,Yes,1
6604,2014-10-01,,Two year,Yes,Bank transfer (automatic),60.05,3845.45,DSL,Yes,No,Yes,Yes,Yes,Yes,Male,0,Yes,Yes,No,0
6605,2018-10-01,2019-10-01,Month-to-month,Yes,Electronic check,91.3,1094.5,Fiber optic,No,Yes,No,No,Yes,No,Female,1,No,No,Yes,1
6606,2019-07-01,2020-01-01,Month-to-month,Yes,Electronic check,95.75,573.75,Fiber optic,No,No,Yes,No,Yes,Yes,Male,1,Yes,No,No,1
6607,2015-03-01,,One year,No,Mailed check,20.35,1267.0,Fiber optic,No,No,No,No,No,No,Female,0,Yes,No,No,0
6608,2019-07-01,,One year,Yes,Mailed check,94.05,633.45,Fiber optic,No,Yes,No,No,Yes,Yes,Female,0,No,No,No,0
6609,2014-02-01,,Two year,Yes,Credit card (automatic),84.1,6129.65,DSL,Yes,Yes,Yes,No,Yes,Yes,Female,1,Yes,No,Yes,0
6610,2018-10-01,,Month-to-month,Yes,Electronic check,78.75,1218.25,Fiber optic,No,No,No,No,No,Yes,Male,1,No,No,No,0
6611,2018-01-01,,Month-to-month,No,Credit card (automatic),55.55,1405.3,DSL,No,No,Yes,No,No,No,Male,0,Yes,No,Yes,0
6612,2017-03-01,2020-01-01,Month-to-month,No,Electronic check,62.65,2274.9,DSL,Yes,Yes,No,Yes,No,No,Female,0,Yes,No,Yes,1
6613,2019-09-01,2019-10-01,Month-to-month,Yes,Electronic check,74.5,74.5,Fiber optic,No,No,No,No,No,No,Female,0,No,No,Yes,1
6614,2019-02-01,2019-12-01,Month-to-month,Yes,Credit card (automatic),102.1,1068.85,Fiber optic,No,Yes,Yes,No,Yes,Yes,Female,0,Yes,Yes,Yes,1
6615,2018-02-01,,One year,No,Mailed check,20.1,533.9,Fiber optic,No,No,No,No,No,No,Male,0,Yes,No,No,0
6616,2019-04-01,,One year,No,Electronic check,70.3,676.15,DSL,Yes,Yes,No,No,Yes,No,Female,0,Yes,Yes,Yes,0
6617,2014-05-01,,One year,Yes,Credit card (automatic),53.65,3804.4,DSL,Yes,Yes,No,No,No,No,Male,0,Yes,No,No,0
6618,2015-05-01,,Two year,No,Mailed check,20.75,1118.8,Fiber optic,No,No,No,No,No,No,Male,0,No,No,No,0
6619,2015-12-01,,One year,Yes,Bank transfer (automatic),103.4,5236.4,Fiber optic,No,Yes,Yes,Yes,Yes,Yes,Male,0,Yes,Yes,No,0
6620,2017-10-01,,One year,No,Mailed check,50.8,1386.8,DSL,Yes,No,Yes,Yes,Yes,No,Male,0,Yes,Yes,No,0
6621,2018-09-01,2020-01-01,Month-to-month,Yes,Electronic check,50.15,762.25,DSL,Yes,No,No,No,No,No,Female,0,No,No,No,1
6622,2018-01-01,,Month-to-month,Yes,Mailed check,79.0,1902.0,DSL,Yes,Yes,No,Yes,Yes,Yes,Male,0,No,No,No,0
6623,2019-11-01,,Month-to-month,Yes,Bank transfer (automatic),74.6,239.05,Fiber optic,No,Yes,No,No,No,No,Female,1,Yes,No,No,0
6624,2015-01-01,,One year,Yes,Bank transfer (automatic),96.5,5673.7,Fiber optic,No,No,No,No,Yes,Yes,Male,0,Yes,No,Yes,0
6625,2019-12-01,,Month-to-month,No,Mailed check,20.1,39.8,Fiber optic,No,No,No,No,No,No,Female,0,No,No,No,0
6626,2015-11-01,,One year,No,Mailed check,19.4,997.75,Fiber optic,No,No,No,No,No,No,Male,0,Yes,Yes,No,0
6627,2014-03-01,,Two year,No,Credit card (automatic),77.55,5574.35,DSL,Yes,No,Yes,No,Yes,Yes,Female,0,Yes,Yes,No,0
6628,2018-06-01,,Month-to-month,No,Mailed check,20.05,406.05,Fiber optic,No,No,No,No,No,No,Female,0,Yes,Yes,No,0
6629,2019-08-01,,Month-to-month,No,Credit card (automatic),19.85,138.85,Fiber optic,No,No,No,No,No,No,Male,0,Yes,Yes,No,0
6630,2019-08-01,,Month-to-month,No,Mailed check,20.2,123.65,Fiber optic,No,No,No,No,No,No,Female,0,No,No,No,0
6631,2017-09-01,,Month-to-month,No,Mailed check,67.45,1801.1,DSL,Yes,Yes,No,Yes,No,No,Female,0,No,No,Yes,0
6632,2017-02-01,,Two year,Yes,Credit card (automatic),18.55,689.0,Fiber optic,No,No,No,No,No,No,Male,0,No,No,No,0
6633,2017-10-01,,Month-to-month,Yes,Mailed check,29.75,790.7,DSL,No,No,Yes,No,No,No,Female,0,No,No,No,0
6634,2019-03-01,2019-10-01,Month-to-month,Yes,Electronic check,86.5,582.5,Fiber optic,No,No,No,No,Yes,No,Female,0,Yes,No,Yes,1
6635,2014-11-01,,Two year,No,Mailed check,24.2,1618.2,Fiber optic,No,No,No,No,No,No,Female,0,No,No,Yes,0
6636,2016-02-01,,Two year,No,Mailed check,23.55,1173.35,Fiber optic,No,No,No,No,No,No,Male,0,Yes,Yes,Yes,0
6637,2016-01-01,,One year,No,Bank transfer (automatic),20.45,900.9,Fiber optic,No,No,No,No,No,No,Female,0,Yes,No,No,0
6638,2017-07-01,2019-10-01,Month-to-month,Yes,Electronic check,81.45,2122.05,Fiber optic,No,Yes,No,No,No,No,Male,1,No,No,Yes,1
6639,2014-02-01,,Two year,No,Credit card (automatic),92.3,6719.9,DSL,Yes,Yes,Yes,Yes,Yes,Yes,Male,0,Yes,No,Yes,0
6640,2019-10-01,2019-11-01,Month-to-month,Yes,Electronic check,69.15,69.15,Fiber optic,No,No,No,No,No,No,Male,0,Yes,No,No,1
6641,2014-02-01,,Two year,No,Credit card (automatic),53.65,3784.0,DSL,No,Yes,No,Yes,Yes,Yes,Female,0,Yes,Yes,No,0
6642,2016-03-01,,One year,No,Credit card (automatic),39.65,1798.65,DSL,Yes,Yes,No,Yes,No,No,Female,0,No,No,No,0
6643,2020-01-01,,Month-to-month,Yes,Electronic check,54.65,54.65,DSL,No,No,No,No,Yes,No,Female,0,No,No,No,0
6644,2017-02-01,,One year,Yes,Bank transfer (automatic),104.8,3886.45,Fiber optic,No,Yes,Yes,No,Yes,Yes,Female,0,No,No,Yes,0
6645,2016-07-01,,Month-to-month,No,Credit card (automatic),29.3,1224.05,DSL,No,Yes,No,No,No,No,Male,0,Yes,Yes,No,0
6646,2017-11-01,,Month-to-month,No,Electronic check,83.85,2310.2,DSL,No,Yes,Yes,Yes,Yes,Yes,Female,1,Yes,No,Yes,0
6647,2019-03-01,2019-12-01,Month-to-month,Yes,Electronic check,79.55,723.4,Fiber optic,No,No,No,No,No,Yes,Female,0,No,No,No,1
6648,2016-12-01,,Month-to-month,Yes,Electronic check,103.65,3988.5,Fiber optic,No,No,Yes,Yes,Yes,Yes,Female,0,No,No,Yes,0
6649,2017-03-01,,Month-to-month,Yes,Electronic check,99.05,3554.6,Fiber optic,Yes,No,No,No,Yes,Yes,Female,1,No,No,Yes,0
6650,2020-02-01,,Two year,No,Mailed check,73.35,2291.023009417808,DSL,No,Yes,Yes,Yes,Yes,No,Female,0,Yes,Yes,Yes,0
6651,2015-03-01,,Two year,Yes,Mailed check,100.05,6034.85,Fiber optic,No,Yes,No,Yes,Yes,Yes,Female,0,Yes,No,No,0
6652,2017-11-01,,Two year,No,Credit card (automatic),20.35,531.6,Fiber optic,No,No,No,No,No,No,Male,0,No,No,No,0
6653,2019-12-01,,Month-to-month,No,Electronic check,43.95,85.1,DSL,No,No,No,No,No,No,Female,1,No,No,No,0
6654,2019-07-01,,Month-to-month,No,Mailed check,23.5,173.0,Fiber optic,No,No,No,No,No,No,Male,0,No,No,Yes,0
6655,2017-02-01,,One year,Yes,Mailed check,70.7,2511.95,DSL,No,Yes,No,Yes,No,Yes,Female,0,No,No,Yes,0
6656,2016-09-01,,Month-to-month,Yes,Bank transfer (automatic),94.3,3893.6,Fiber optic,Yes,Yes,No,No,Yes,No,Female,0,Yes,Yes,Yes,0
6657,2019-01-01,,Month-to-month,No,Electronic check,29.15,357.15,DSL,No,Yes,No,No,No,No,Female,0,No,No,No,0
6658,2018-07-01,,Two year,No,Credit card (automatic),20.85,467.5,Fiber optic,No,No,No,No,No,No,Male,0,No,Yes,No,0
6659,2015-02-01,,Two year,No,Bank transfer (automatic),37.7,2288.7,DSL,Yes,Yes,No,Yes,No,No,Female,0,Yes,No,No,0
6660,2015-12-01,2019-12-01,Two year,Yes,Mailed check,95.5,4627.85,Fiber optic,No,Yes,Yes,Yes,Yes,No,Female,0,No,Yes,No,1
6661,2019-08-01,2019-11-01,Month-to-month,No,Electronic check,91.05,289.1,Fiber optic,No,No,Yes,No,Yes,No,Male,1,No,No,Yes,1
6662,2014-05-01,,Two year,Yes,Mailed check,92.45,6460.55,Fiber optic,No,Yes,No,Yes,Yes,No,Male,0,Yes,No,Yes,0
6663,2016-07-01,,One year,No,Electronic check,44.15,1931.3,DSL,No,No,Yes,Yes,No,Yes,Male,0,No,No,No,0
6664,2019-03-01,,One year,Yes,Mailed check,36.05,402.6,DSL,Yes,No,No,Yes,No,No,Female,0,No,Yes,No,0
6665,2016-05-01,,Month-to-month,Yes,Credit card (automatic),50.25,2221.55,DSL,No,No,Yes,No,No,No,Female,0,Yes,No,No,0
6666,2014-02-01,,Two year,Yes,Credit card (automatic),109.75,7758.9,Fiber optic,No,Yes,Yes,Yes,Yes,Yes,Male,0,Yes,No,Yes,0
6667,2019-09-01,2019-11-01,Month-to-month,No,Electronic check,79.2,172.85,Fiber optic,No,No,Yes,No,No,No,Female,1,Yes,No,Yes,1
6668,2019-02-01,,Two year,No,Bank transfer (automatic),20.3,224.5,Fiber optic,No,No,No,No,No,No,Female,0,Yes,Yes,No,0
6669,2014-07-01,,One year,Yes,Credit card (automatic),112.35,7388.45,Fiber optic,No,Yes,Yes,Yes,Yes,Yes,Female,0,Yes,Yes,Yes,0
6670,2017-01-01,,Two year,No,Mailed check,94.3,3460.95,Fiber optic,No,No,Yes,Yes,Yes,No,Male,0,Yes,No,Yes,0
6671,2016-11-01,,One year,No,Bank transfer (automatic),41.15,1700.9,DSL,Yes,Yes,No,Yes,No,No,Female,0,No,No,No,0
6672,2016-09-01,,Month-to-month,Yes,Bank transfer (automatic),74.65,3090.65,DSL,Yes,No,Yes,Yes,No,Yes,Female,0,No,No,Yes,0
6673,2018-01-01,,Month-to-month,Yes,Electronic check,48.25,1293.8,DSL,No,No,Yes,No,Yes,Yes,Female,0,No,No,No,0
6674,2019-06-01,,Two year,Yes,Credit card (automatic),76.15,645.8,DSL,Yes,Yes,No,Yes,No,Yes,Male,0,Yes,Yes,Yes,0
6675,2014-03-01,,Two year,No,Mailed check,71.1,5224.95,DSL,Yes,Yes,Yes,Yes,No,No,Female,0,Yes,Yes,Yes,0
6676,2019-09-01,,Month-to-month,No,Electronic check,96.55,500.1,Fiber optic,No,Yes,Yes,No,No,Yes,Male,0,No,No,Yes,0
6677,2017-08-01,,One year,Yes,Credit card (automatic),79.3,2427.1,DSL,Yes,No,Yes,No,Yes,Yes,Female,0,No,No,Yes,0
6678,2016-10-01,,One year,Yes,Credit card (automatic),89.6,3488.15,Fiber optic,No,Yes,No,Yes,No,Yes,Male,0,No,No,No,0
6679,2015-08-01,,Two year,Yes,Mailed check,20.5,1035.7,Fiber optic,No,No,No,No,No,No,Female,0,No,No,No,0
6680,2014-02-01,,Two year,Yes,Bank transfer (automatic),106.3,7565.35,Fiber optic,No,Yes,Yes,No,Yes,Yes,Male,0,Yes,No,Yes,0
6681,2017-10-01,,One year,No,Bank transfer (automatic),100.35,2799.0,Fiber optic,No,Yes,Yes,No,Yes,Yes,Male,0,Yes,Yes,No,0
6682,2018-08-01,,Month-to-month,Yes,Electronic check,85.6,1601.5,Fiber optic,No,No,No,Yes,No,Yes,Male,0,Yes,Yes,No,0
6683,2019-08-01,2019-10-01,Month-to-month,Yes,Electronic check,45.25,85.5,DSL,No,No,No,No,Yes,Yes,Female,0,No,No,No,1
6684,2015-03-01,,One year,Yes,Electronic check,106.15,6256.2,Fiber optic,No,Yes,Yes,No,Yes,Yes,Female,0,Yes,Yes,Yes,0
6685,2018-04-01,,Month-to-month,Yes,Electronic check,51.1,1232.9,DSL,No,No,No,Yes,No,No,Male,0,Yes,Yes,No,0
6686,2014-02-01,,Two year,Yes,Credit card (automatic),25.7,1937.4,Fiber optic,No,No,No,No,No,No,Female,1,Yes,No,Yes,0
6687,2018-08-01,2019-10-01,Month-to-month,Yes,Electronic check,74.3,1096.25,Fiber optic,No,No,No,No,No,No,Female,1,No,No,Yes,1
6688,2015-12-01,,One year,No,Electronic check,99.4,5059.75,Fiber optic,No,No,No,Yes,Yes,Yes,Male,0,Yes,No,Yes,0
6689,2016-02-01,,One year,No,Bank transfer (automatic),69.7,3023.65,DSL,Yes,No,Yes,Yes,Yes,No,Female,0,Yes,Yes,No,0
6690,2016-01-01,,Month-to-month,Yes,Electronic check,98.35,4889.2,Fiber optic,No,Yes,No,No,Yes,Yes,Female,0,Yes,Yes,Yes,0
6691,2017-10-01,,Month-to-month,No,Electronic check,85.45,2289.9,Fiber optic,No,No,Yes,No,Yes,No,Male,0,Yes,Yes,No,0
6692,2014-06-01,,Month-to-month,Yes,Electronic check,95.9,6503.2,Fiber optic,No,Yes,Yes,No,No,Yes,Male,1,No,No,Yes,0
6693,2019-01-01,,Month-to-month,No,Electronic check,100.75,1313.25,Fiber optic,No,No,No,Yes,Yes,Yes,Male,0,No,No,Yes,0
6694,2019-03-01,,Month-to-month,Yes,Electronic check,89.2,990.3,Fiber optic,No,No,Yes,No,Yes,No,Female,0,No,No,Yes,0
6695,2019-09-01,2019-12-01,Month-to-month,Yes,Credit card (automatic),74.1,228.0,Fiber optic,No,No,No,No,No,No,Female,0,Yes,No,Yes,1
6696,2015-03-01,2019-12-01,Month-to-month,No,Electronic check,100.6,5746.15,Fiber optic,No,No,Yes,No,Yes,Yes,Male,1,Yes,No,Yes,1
6697,2019-10-01,2020-01-01,Month-to-month,No,Mailed check,75.0,209.1,Fiber optic,No,No,No,No,No,No,Male,0,No,No,Yes,1
6698,2014-02-01,,Two year,No,Credit card (automatic),25.75,1864.2,Fiber optic,No,No,No,No,No,No,Male,0,Yes,No,Yes,0
6699,2014-04-01,,Two year,Yes,Electronic check,84.1,5979.7,DSL,No,Yes,Yes,Yes,Yes,Yes,Male,0,Yes,Yes,Yes,0
6700,2016-01-01,,Two year,No,Bank transfer (automatic),79.3,3902.45,DSL,No,Yes,No,Yes,Yes,Yes,Female,0,Yes,Yes,Yes,0
6701,2014-07-01,,One year,Yes,Credit card (automatic),107.05,7142.5,Fiber optic,Yes,No,Yes,No,Yes,Yes,Female,1,Yes,No,Yes,0
6702,2016-04-01,,Two year,No,Bank transfer (automatic),20.05,902.0,Fiber optic,No,No,No,No,No,No,Male,0,No,No,No,0
6703,2014-06-01,2019-10-01,Two year,Yes,Credit card (automatic),70.2,4481.0,DSL,Yes,Yes,No,Yes,Yes,No,Female,1,No,No,No,1
6704,2017-01-01,,Month-to-month,No,Bank transfer (automatic),19.5,805.2,Fiber optic,No,No,No,No,No,No,Female,0,Yes,No,No,0
6705,2019-11-01,2020-01-01,Month-to-month,No,Electronic check,70.75,154.85,Fiber optic,No,No,No,No,No,No,Female,1,No,No,No,1
6706,2019-01-01,,Month-to-month,No,Electronic check,45.3,528.45,DSL,No,No,No,No,Yes,Yes,Female,1,Yes,No,No,0
6707,2014-02-01,,Two year,No,Electronic check,115.15,8349.7,Fiber optic,Yes,Yes,Yes,Yes,Yes,Yes,Female,0,Yes,No,Yes,0
6708,2014-06-01,,Two year,Yes,Bank transfer (automatic),72.95,4953.25,DSL,No,No,Yes,Yes,Yes,Yes,Male,0,Yes,Yes,No,0
6709,2018-11-01,,One year,No,Mailed check,19.65,332.65,Fiber optic,No,No,No,No,No,No,Male,0,Yes,Yes,No,0
6710,2018-02-01,,Two year,Yes,Bank transfer (automatic),19.55,470.2,Fiber optic,No,No,No,No,No,No,Female,0,No,No,No,0
6711,2018-02-01,,Month-to-month,Yes,Electronic check,89.55,2259.35,Fiber optic,No,No,No,Yes,No,Yes,Female,0,No,No,Yes,0
6712,2017-11-01,,Month-to-month,No,Mailed check,50.35,1411.35,DSL,Yes,No,No,No,No,No,Male,0,No,No,No,0
6713,2019-01-01,2020-01-01,Month-to-month,No,Bank transfer (automatic),50.25,593.75,DSL,No,No,No,Yes,No,No,Male,0,No,No,No,1
6714,2014-03-01,,Two year,No,Credit card (automatic),87.25,6328.7,DSL,Yes,Yes,Yes,Yes,Yes,Yes,Female,0,Yes,Yes,No,0
6715,2014-07-01,,Two year,Yes,Mailed check,20.8,1411.9,Fiber optic,No,No,No,No,No,No,Male,0,Yes,Yes,No,0
6716,2014-11-01,,Two year,Yes,Bank transfer (automatic),109.25,6841.4,Fiber optic,No,Yes,Yes,Yes,Yes,Yes,Female,0,Yes,No,Yes,0
6717,2020-01-01,,Month-to-month,No,Mailed check,20.35,20.35,Fiber optic,No,No,No,No,No,No,Male,0,No,No,No,0
6718,2019-10-01,,Month-to-month,Yes,Electronic check,55.9,238.5,DSL,No,No,No,No,No,Yes,Male,0,No,No,No,0
6719,2016-09-01,2020-01-01,Month-to-month,Yes,Credit card (automatic),79.2,3233.85,Fiber optic,Yes,Yes,No,No,No,No,Female,1,No,No,No,1
6720,2018-12-01,2019-12-01,Month-to-month,Yes,Electronic check,96.0,1062.1,Fiber optic,No,No,Yes,No,Yes,Yes,Female,0,No,No,No,1
6721,2015-10-01,,Two year,No,Electronic check,79.2,4016.3,DSL,Yes,Yes,Yes,No,Yes,Yes,Male,0,Yes,Yes,No,0
6722,2019-04-01,,Month-to-month,Yes,Electronic check,24.0,226.55,Fiber optic,No,No,No,No,No,No,Male,0,No,No,Yes,0
6723,2014-06-01,,One year,No,Bank transfer (automatic),101.35,7110.75,Fiber optic,Yes,Yes,Yes,No,Yes,No,Male,0,No,No,Yes,0
6724,2015-06-01,2019-12-01,Month-to-month,Yes,Electronic check,100.1,5440.9,Fiber optic,No,No,No,Yes,Yes,Yes,Female,0,No,No,Yes,1
6725,2019-06-01,2019-10-01,Month-to-month,No,Mailed check,56.5,235.1,DSL,No,Yes,No,Yes,No,No,Female,0,Yes,Yes,No,1
6726,2015-10-01,,One year,No,Mailed check,35.45,1958.95,DSL,Yes,No,Yes,No,No,No,Female,0,Yes,No,No,0
6727,2019-11-01,2019-12-01,Month-to-month,Yes,Electronic check,85.0,85.0,Fiber optic,No,No,Yes,No,No,Yes,Female,1,No,No,No,1
6728,2014-04-01,,One year,No,Bank transfer (automatic),79.4,5528.9,DSL,Yes,Yes,Yes,Yes,Yes,No,Male,0,Yes,No,Yes,0
6729,2016-07-01,,One year,Yes,Credit card (automatic),35.2,1463.7,DSL,Yes,No,Yes,No,No,No,Male,0,No,No,No,0
6730,2015-10-01,,Two year,No,Mailed check,19.65,1025.05,Fiber optic,No,No,No,No,No,No,Male,0,No,No,No,0
6731,2019-02-01,,Two year,No,Mailed check,49.85,552.1,DSL,Yes,No,Yes,Yes,No,Yes,Female,0,No,No,No,0
6732,2015-06-01,,One year,No,Bank transfer (automatic),68.75,3815.4,DSL,Yes,Yes,No,No,No,Yes,Female,0,Yes,Yes,Yes,0
6733,2020-02-01,,Two year,Yes,Bank transfer (automatic),61.9,2291.023009417808,DSL,Yes,Yes,No,Yes,No,No,Male,0,No,Yes,Yes,0
6734,2016-08-01,,Month-to-month,No,Electronic check,79.9,3313.4,Fiber optic,No,No,Yes,No,No,No,Male,0,No,No,Yes,0
6735,2018-04-01,,Month-to-month,Yes,Bank transfer (automatic),89.75,1938.9,Fiber optic,No,No,No,No,Yes,Yes,Male,1,Yes,No,No,0
6736,2015-09-01,2019-12-01,One year,No,Electronic check,59.3,3014.65,DSL,Yes,Yes,Yes,No,Yes,Yes,Male,0,Yes,Yes,No,1
6737,2017-11-01,,Month-to-month,Yes,Credit card (automatic),19.4,460.25,Fiber optic,No,No,No,No,No,No,Male,0,No,No,No,0
6738,2015-11-01,,One year,Yes,Bank transfer (automatic),93.65,4839.15,Fiber optic,Yes,No,Yes,No,No,Yes,Male,1,Yes,No,Yes,0
6739,2019-09-01,2020-01-01,Month-to-month,Yes,Electronic check,49.4,184.4,DSL,Yes,No,No,No,No,No,Male,0,No,Yes,No,1
6740,2020-01-01,,Month-to-month,Yes,Mailed check,19.9,19.9,Fiber optic,No,No,No,No,No,No,Male,0,No,No,No,0
6741,2016-11-01,2019-10-01,Month-to-month,No,Mailed check,55.0,2010.55,DSL,No,No,No,No,Yes,No,Male,0,No,No,No,1
6742,2014-03-01,,One year,Yes,Bank transfer (automatic),72.9,5139.65,DSL,No,Yes,Yes,Yes,No,Yes,Male,1,Yes,Yes,Yes,0
6743,2019-10-01,2019-11-01,Month-to-month,Yes,Electronic check,69.2,69.2,Fiber optic,No,No,No,No,No,No,Female,0,No,No,No,1
6744,2014-05-01,,Two year,Yes,Bank transfer (automatic),25.6,1673.4,Fiber optic,No,No,No,No,No,No,Female,0,Yes,Yes,Yes,0
6745,2018-12-01,,One year,No,Mailed check,19.75,309.35,Fiber optic,No,No,No,No,No,No,Male,0,Yes,Yes,No,0
6746,2015-05-01,,Month-to-month,No,Electronic check,55.7,3171.6,DSL,Yes,No,No,Yes,No,No,Male,0,Yes,No,No,0
6747,2014-02-01,,Two year,No,Credit card (automatic),117.5,8670.1,Fiber optic,Yes,Yes,Yes,Yes,Yes,Yes,Female,0,Yes,Yes,Yes,0
6748,2016-02-01,,Two year,No,Credit card (automatic),19.85,916.0,Fiber optic,No,No,No,No,No,No,Male,0,No,No,No,0
6749,2019-10-01,,Month-to-month,Yes,Mailed check,78.9,299.75,Fiber optic,No,No,No,No,Yes,No,Female,0,Yes,Yes,No,0
6750,2017-07-01,,Month-to-month,Yes,Electronic check,20.65,702.05,Fiber optic,No,No,No,No,No,No,Male,0,Yes,Yes,No,0
6751,2016-08-01,2019-10-01,One year,Yes,Mailed check,62.3,2354.8,DSL,No,No,Yes,Yes,No,Yes,Male,0,No,No,No,1
6752,2016-12-01,2020-01-01,Month-to-month,Yes,Electronic check,92.5,3473.4,Fiber optic,No,No,No,No,Yes,Yes,Male,1,Yes,No,Yes,1
6753,2015-05-01,,Two year,Yes,Bank transfer (automatic),79.75,4438.2,DSL,No,Yes,Yes,No,Yes,Yes,Male,1,No,No,Yes,0
6754,2014-12-01,,Two year,Yes,Credit card (automatic),79.95,4819.75,DSL,Yes,No,Yes,Yes,Yes,Yes,Female,1,Yes,No,No,0
6755,2019-11-01,,Month-to-month,Yes,Electronic check,29.9,92.25,DSL,No,No,No,Yes,No,No,Male,0,Yes,No,No,0
6756,2014-02-01,,Two year,Yes,Mailed check,19.75,1567.0,Fiber optic,No,No,No,No,No,No,Female,0,No,Yes,No,0
6757,2017-09-01,,Month-to-month,Yes,Mailed check,45.0,1242.45,DSL,Yes,Yes,Yes,Yes,No,No,Male,0,No,Yes,No,0
6758,2019-01-01,,Month-to-month,No,Bank transfer (automatic),44.8,559.2,DSL,No,No,No,No,No,No,Male,0,Yes,Yes,No,0
6759,2019-08-01,2019-11-01,Month-to-month,No,Electronic check,69.65,220.1,Fiber optic,No,No,No,No,No,No,Male,0,No,Yes,No,1
6760,2019-03-01,,Month-to-month,No,Electronic check,51.1,531.15,DSL,No,Yes,No,No,No,No,Female,0,No,No,No,0
6761,2018-05-01,,Two year,No,Mailed check,53.15,1183.2,DSL,Yes,Yes,Yes,Yes,Yes,No,Female,0,No,Yes,No,0
6762,2018-07-01,,Month-to-month,No,Bank transfer (automatic),24.7,465.85,Fiber optic,No,No,No,No,No,No,Female,0,No,No,Yes,0
6763,2014-10-01,2019-11-01,Two year,Yes,Credit card (automatic),111.6,6876.05,Fiber optic,Yes,No,Yes,Yes,Yes,Yes,Male,0,No,No,Yes,1
6764,2018-11-01,2019-10-01,Month-to-month,No,Credit card (automatic),48.55,501.0,DSL,Yes,No,No,No,No,No,Female,0,No,No,No,1
6765,2017-03-01,,Month-to-month,Yes,Electronic check,109.95,3782.4,Fiber optic,No,Yes,Yes,Yes,Yes,Yes,Male,0,Yes,Yes,Yes,0
6766,2018-01-01,,Month-to-month,No,Mailed check,20.8,460.2,Fiber optic,No,No,No,No,No,No,Male,0,No,Yes,No,0
6767,2019-11-01,2019-12-01,Month-to-month,Yes,Mailed check,20.2,20.2,Fiber optic,No,No,No,No,No,No,Female,0,No,No,No,1
6768,2014-07-01,,Two year,Yes,Bank transfer (automatic),25.6,1790.35,Fiber optic,No,No,No,No,No,No,Female,0,No,No,Yes,0
6769,2018-05-01,2019-12-01,Month-to-month,Yes,Electronic check,39.65,733.35,DSL,No,No,Yes,No,Yes,No,Male,0,No,No,No,1
6770,2015-02-01,2019-10-01,One year,No,Electronic check,24.9,1334.0,Fiber optic,No,No,No,No,No,No,Male,0,No,No,Yes,1
6771,2014-02-01,,Two year,Yes,Credit card (automatic),108.4,7767.25,Fiber optic,Yes,Yes,Yes,No,Yes,Yes,Male,0,Yes,Yes,Yes,0
6772,2016-07-01,,Two year,No,Mailed check,19.55,876.15,Fiber optic,No,No,No,No,No,No,Male,0,No,No,No,0
6773,2015-07-01,,Month-to-month,Yes,Electronic check,85.1,4600.95,Fiber optic,Yes,Yes,No,No,No,No,Female,0,Yes,Yes,Yes,0
6774,2019-10-01,2019-12-01,Month-to-month,No,Mailed check,56.7,113.55,DSL,Yes,No,No,No,No,No,Male,0,Yes,Yes,Yes,1
6775,2017-11-01,,Month-to-month,Yes,Mailed check,69.05,1793.25,Fiber optic,No,No,No,No,No,No,Male,0,No,No,No,0
6776,2019-01-01,,Month-to-month,Yes,Mailed check,70.15,886.7,Fiber optic,No,No,No,No,No,No,Female,0,No,No,No,0
6777,2014-04-01,,Two year,Yes,Mailed check,111.15,7737.55,Fiber optic,Yes,Yes,Yes,No,Yes,Yes,Female,0,No,No,Yes,0
6778,2018-08-01,2019-10-01,One year,No,Mailed check,105.95,1348.9,Fiber optic,Yes,Yes,No,Yes,Yes,Yes,Female,0,Yes,No,No,1
6779,2018-07-01,,One year,Yes,Bank transfer (automatic),89.35,1686.85,Fiber optic,No,No,No,Yes,No,Yes,Female,0,Yes,Yes,Yes,0
6780,2018-06-01,,Month-to-month,Yes,Bank transfer (automatic),89.1,1879.25,Fiber optic,Yes,No,No,No,Yes,No,Female,0,No,No,Yes,0
6781,2016-07-01,,One year,Yes,Credit card (automatic),91.25,4013.8,Fiber optic,Yes,No,Yes,Yes,No,No,Male,0,Yes,Yes,Yes,0
6782,2019-09-01,,Month-to-month,Yes,Mailed check,90.35,434.5,Fiber optic,Yes,No,Yes,No,No,Yes,Male,0,Yes,Yes,No,0
6783,2014-04-01,,One year,Yes,Bank transfer (automatic),105.55,7195.35,Fiber optic,No,Yes,No,Yes,Yes,Yes,Female,1,Yes,No,Yes,0
6784,2016-10-01,,Two year,No,Mailed check,19.1,780.1,Fiber optic,No,No,No,No,No,No,Female,0,Yes,No,No,0
6785,2019-08-01,,Two year,Yes,Credit card (automatic),20.4,107.6,Fiber optic,No,No,No,No,No,No,Male,0,Yes,Yes,No,0
6786,2016-11-01,,Two year,Yes,Electronic check,100.45,3801.7,Fiber optic,Yes,No,Yes,No,Yes,Yes,Male,0,No,No,No,0
6787,2019-07-01,2019-11-01,Month-to-month,No,Electronic check,74.95,308.7,Fiber optic,No,No,No,No,No,No,Male,1,Yes,No,Yes,1
6788,2018-08-01,2019-11-01,Month-to-month,Yes,Electronic check,29.7,438.25,DSL,No,No,No,Yes,No,No,Male,0,No,No,No,1
6789,2019-11-01,2019-12-01,Month-to-month,Yes,Electronic check,50.35,50.35,DSL,No,No,Yes,No,Yes,Yes,Male,0,Yes,No,No,1
6790,2016-05-01,,Month-to-month,Yes,Bank transfer (automatic),85.7,3778.1,Fiber optic,Yes,Yes,No,Yes,No,No,Female,1,No,No,No,0
6791,2014-07-01,2019-11-01,Two year,No,Electronic check,47.85,3147.5,DSL,Yes,No,Yes,Yes,No,Yes,Female,0,Yes,No,No,1
6792,2015-05-01,,Month-to-month,No,Credit card (automatic),94.0,5438.95,Fiber optic,No,Yes,Yes,No,No,Yes,Female,1,Yes,No,Yes,0
6793,2014-02-01,,Two year,No,Bank transfer (automatic),69.85,5102.35,DSL,Yes,Yes,Yes,Yes,No,No,Male,0,Yes,Yes,Yes,0
6794,2019-12-01,2020-01-01,Month-to-month,Yes,Electronic check,70.3,70.3,Fiber optic,No,No,No,No,No,No,Male,0,No,No,No,1
6795,2014-02-01,,Two year,No,Credit card (automatic),25.85,1872.2,Fiber optic,No,No,No,No,No,No,Male,0,Yes,No,Yes,0
6796,2019-11-01,,Two year,No,Mailed check,71.1,213.35,DSL,Yes,Yes,No,Yes,No,Yes,Female,0,No,No,No,0
6797,2015-04-01,2019-11-01,Month-to-month,Yes,Electronic check,98.8,5617.75,Fiber optic,Yes,No,No,No,Yes,Yes,Male,1,No,No,Yes,1
6798,2015-03-01,,Month-to-month,No,Electronic check,93.35,5386.5,Fiber optic,No,No,Yes,Yes,Yes,No,Female,0,Yes,No,Yes,0
6799,2018-06-01,2019-12-01,Month-to-month,Yes,Bank transfer (automatic),99.85,1776.95,Fiber optic,No,No,No,Yes,Yes,Yes,Female,0,No,No,Yes,1
6800,2017-03-01,2019-11-01,Month-to-month,Yes,Credit card (automatic),80.3,2483.05,Fiber optic,No,No,No,No,No,Yes,Male,1,Yes,No,No,1
6801,2019-10-01,,Month-to-month,Yes,Bank transfer (automatic),50.55,235.65,DSL,Yes,No,No,No,No,No,Female,0,No,No,No,0
6802,2014-05-01,2019-11-01,Month-to-month,Yes,Credit card (automatic),80.45,5224.35,Fiber optic,No,Yes,No,No,No,No,Female,1,No,No,Yes,1
6803,2017-11-01,,Month-to-month,Yes,Electronic check,81.3,2272.8,Fiber optic,No,No,Yes,No,No,No,Male,0,No,No,Yes,0
6804,2019-10-01,,Month-to-month,Yes,Credit card (automatic),20.7,83.75,Fiber optic,No,No,No,No,No,No,Male,0,No,No,No,0
6805,2015-02-01,,Month-to-month,Yes,Credit card (automatic),79.05,4663.4,DSL,Yes,Yes,No,Yes,Yes,Yes,Male,0,Yes,Yes,No,0
6806,2019-06-01,,Two year,No,Mailed check,19.05,201.7,Fiber optic,No,No,No,No,No,No,Female,0,Yes,Yes,No,0
6807,2019-06-01,,Two year,No,Credit card (automatic),19.6,125.0,Fiber optic,No,No,No,No,No,No,Male,0,Yes,Yes,No,0
6808,2017-03-01,,Two year,Yes,Mailed check,20.2,684.4,Fiber optic,No,No,No,No,No,No,Male,0,No,No,No,0
6809,2019-04-01,2019-11-01,Month-to-month,Yes,Electronic check,86.8,620.35,Fiber optic,No,No,No,No,No,Yes,Male,0,No,No,Yes,1
6810,2015-09-01,,Two year,No,Mailed check,20.9,1146.05,Fiber optic,No,No,No,No,No,No,Female,0,Yes,Yes,No,0
6811,2018-08-01,,Month-to-month,Yes,Credit card (automatic),103.6,1806.35,Fiber optic,No,Yes,No,Yes,Yes,Yes,Female,1,No,No,Yes,0
6812,2018-11-01,,Two year,Yes,Mailed check,38.8,603.0,DSL,No,Yes,No,No,No,Yes,Female,0,No,No,No,0
6813,2014-07-01,,One year,Yes,Bank transfer (automatic),88.4,5798.3,Fiber optic,No,Yes,No,No,Yes,No,Male,0,Yes,No,Yes,0
6814,2019-05-01,2019-11-01,Month-to-month,Yes,Electronic check,84.2,519.15,Fiber optic,No,Yes,No,No,No,Yes,Male,1,Yes,No,No,1
6815,2019-08-01,,Month-to-month,Yes,Electronic check,79.7,497.6,Fiber optic,No,No,No,No,Yes,No,Male,1,No,No,No,0
6816,2018-12-01,2020-01-01,Month-to-month,Yes,Mailed check,99.0,1301.7,Fiber optic,No,No,No,Yes,Yes,Yes,Male,0,No,No,Yes,1
6817,2019-01-01,2019-12-01,Month-to-month,Yes,Electronic check,100.75,1129.75,Fiber optic,No,No,Yes,No,Yes,Yes,Female,0,No,No,Yes,1
6818,2020-01-01,,Month-to-month,Yes,Mailed check,19.3,19.3,Fiber optic,No,No,No,No,No,No,Male,0,No,Yes,No,0
6819,2019-09-01,,Month-to-month,Yes,Mailed check,55.75,266.95,DSL,Yes,No,No,Yes,No,No,Male,0,No,No,No,0
6820,2019-01-01,,One year,Yes,Mailed check,19.95,257.0,Fiber optic,No,No,No,No,No,No,Male,0,No,No,No,0
6821,2019-04-01,2020-01-01,Month-to-month,No,Bank transfer (automatic),91.75,865.8,Fiber optic,Yes,Yes,Yes,No,No,No,Female,0,Yes,No,Yes,1
6822,2017-09-01,,Month-to-month,No,Mailed check,89.65,2623.65,Fiber optic,No,Yes,No,Yes,Yes,No,Male,0,No,No,No,0
6823,2020-01-01,,Month-to-month,Yes,Mailed check,45.85,45.85,DSL,No,No,No,No,No,No,Male,1,No,No,No,0
6824,2019-11-01,2019-12-01,Month-to-month,Yes,Mailed check,79.55,79.55,Fiber optic,No,No,Yes,No,No,No,Female,0,No,No,Yes,1
6825,2018-08-01,,Month-to-month,No,Mailed check,55.95,1082.8,DSL,No,No,No,No,Yes,No,Female,0,Yes,Yes,No,0
6826,2019-12-01,,Month-to-month,No,Credit card (automatic),69.0,147.8,DSL,No,No,Yes,No,Yes,Yes,Female,0,Yes,No,No,0
6827,2017-08-01,,Month-to-month,Yes,Bank transfer (automatic),83.55,2570.2,Fiber optic,No,Yes,No,Yes,No,No,Male,0,Yes,Yes,Yes,0
6828,2014-08-01,,Two year,No,Bank transfer (automatic),65.7,4378.9,DSL,Yes,Yes,No,Yes,No,No,Male,0,No,Yes,Yes,0
6829,2016-12-01,,Two year,Yes,Bank transfer (automatic),94.9,3616.25,Fiber optic,No,No,Yes,Yes,Yes,No,Male,0,Yes,Yes,Yes,0
6830,2016-06-01,,Month-to-month,Yes,Mailed check,61.9,2924.05,DSL,No,Yes,Yes,Yes,No,No,Male,0,Yes,Yes,No,0
6831,2015-07-01,2020-01-01,Month-to-month,No,Electronic check,111.1,6014.85,Fiber optic,No,Yes,Yes,Yes,Yes,Yes,Female,0,No,No,Yes,1
6832,2019-12-01,,Month-to-month,No,Mailed check,20.0,32.7,Fiber optic,No,No,No,No,No,No,Male,0,No,No,No,0
6833,2016-08-01,,One year,Yes,Mailed check,67.7,2882.25,DSL,Yes,Yes,No,Yes,No,Yes,Female,0,No,No,No,0
6834,2015-04-01,,Two year,No,Credit card (automatic),25.15,1509.9,Fiber optic,No,No,No,No,No,No,Female,0,Yes,Yes,Yes,0
6835,2015-04-01,,Month-to-month,Yes,Electronic check,92.85,5305.05,Fiber optic,No,Yes,No,No,Yes,Yes,Male,0,Yes,Yes,No,0
6836,2017-11-01,2019-12-01,Month-to-month,Yes,Electronic check,89.1,2368.4,Fiber optic,No,No,Yes,No,No,Yes,Female,0,Yes,Yes,Yes,1
6837,2014-03-01,,Two year,No,Mailed check,111.3,7985.9,Fiber optic,Yes,Yes,Yes,Yes,Yes,Yes,Female,0,No,No,Yes,0
6838,2016-10-01,2019-11-01,Month-to-month,Yes,Bank transfer (automatic),101.9,3545.35,Fiber optic,No,Yes,Yes,No,Yes,Yes,Female,0,No,No,Yes,1
6839,2018-11-01,2020-01-01,Month-to-month,Yes,Electronic check,91.65,1301.0,Fiber optic,No,No,No,Yes,Yes,No,Female,0,Yes,Yes,Yes,1
6840,2019-08-01,2019-12-01,Month-to-month,Yes,Electronic check,88.85,372.45,Fiber optic,No,No,Yes,No,No,Yes,Female,1,No,No,Yes,1
6841,2016-02-01,,One year,Yes,Bank transfer (automatic),60.6,2985.25,DSL,Yes,No,No,Yes,No,No,Female,0,Yes,No,Yes,0
6842,2019-10-01,2020-01-01,Month-to-month,No,Electronic check,25.3,77.75,DSL,No,No,No,No,No,No,Female,1,No,No,No,1
6843,2019-06-01,,Two year,No,Mailed check,65.5,564.35,DSL,Yes,No,No,Yes,No,Yes,Female,0,Yes,No,No,0
6844,2019-11-01,2019-12-01,Month-to-month,Yes,Electronic check,95.45,95.45,Fiber optic,No,No,No,No,Yes,Yes,Male,0,No,No,Yes,1
6845,2014-07-01,,Two year,No,Bank transfer (automatic),19.95,1311.75,Fiber optic,No,No,No,No,No,No,Male,0,No,No,No,0
6846,2018-11-01,2019-12-01,Month-to-month,Yes,Electronic check,91.1,1135.7,Fiber optic,No,No,No,No,Yes,Yes,Male,0,No,No,No,1
6847,2016-04-01,2020-01-01,One year,Yes,Credit card (automatic),54.15,2319.8,DSL,No,Yes,No,Yes,No,No,Female,0,Yes,Yes,No,1
6848,2016-01-01,,Month-to-month,Yes,Bank transfer (automatic),74.6,3720.35,Fiber optic,No,No,No,No,No,No,Male,0,No,No,Yes,0
6849,2015-10-01,,Month-to-month,No,Bank transfer (automatic),94.6,5025.8,Fiber optic,No,Yes,Yes,No,Yes,No,Female,0,Yes,No,Yes,0
6850,2014-11-01,,One year,Yes,Credit card (automatic),81.15,5224.5,Fiber optic,Yes,No,Yes,No,No,No,Female,0,Yes,No,No,0
6851,2014-06-01,,Two year,Yes,Bank transfer (automatic),89.05,6185.8,DSL,Yes,Yes,Yes,Yes,Yes,Yes,Female,0,Yes,Yes,Yes,0
6852,2017-07-01,,Month-to-month,Yes,Mailed check,49.2,1498.55,DSL,No,No,No,Yes,No,No,Female,0,Yes,No,No,0
6853,2014-10-01,,Two year,No,Credit card (automatic),19.45,1208.6,Fiber optic,No,No,No,No,No,No,Female,0,Yes,No,No,0
6854,2014-12-01,,One year,Yes,Electronic check,104.3,6613.65,Fiber optic,Yes,No,Yes,Yes,Yes,Yes,Female,0,Yes,No,No,0
6855,2019-12-01,2020-01-01,Month-to-month,No,Bank transfer (automatic),69.7,69.7,Fiber optic,No,No,No,No,No,No,Female,0,No,No,No,1
6856,2019-07-01,2020-01-01,Month-to-month,Yes,Electronic check,89.5,573.3,Fiber optic,No,No,No,No,Yes,Yes,Female,0,No,No,No,1
6857,2018-05-01,,Month-to-month,Yes,Electronic check,86.05,1818.9,Fiber optic,No,No,No,Yes,Yes,No,Female,0,Yes,No,No,0
6858,2014-02-01,,Two year,No,Bank transfer (automatic),25.2,1787.35,Fiber optic,No,No,No,No,No,No,Female,0,Yes,Yes,Yes,0
6859,2017-06-01,,Month-to-month,Yes,Electronic check,35.15,1051.05,DSL,Yes,Yes,No,No,No,No,Female,0,Yes,Yes,No,0
6860,2014-03-01,,One year,Yes,Credit card (automatic),99.65,7181.25,Fiber optic,Yes,Yes,No,Yes,Yes,No,Female,1,No,No,Yes,0
6861,2017-04-01,,Month-to-month,Yes,Bank transfer (automatic),105.35,3688.6,Fiber optic,Yes,Yes,Yes,No,Yes,Yes,Female,0,No,Yes,No,0
6862,2019-08-01,2019-11-01,Month-to-month,Yes,Electronic check,35.15,99.75,DSL,No,No,No,No,No,Yes,Male,0,Yes,No,No,1
6863,2019-01-01,2020-01-01,Month-to-month,Yes,Credit card (automatic),73.75,871.4,Fiber optic,No,No,No,No,No,No,Male,0,No,Yes,Yes,1
6864,2019-04-01,2019-12-01,Month-to-month,No,Electronic check,101.35,780.5,Fiber optic,No,No,Yes,No,Yes,Yes,Female,1,No,No,Yes,1
6865,2017-03-01,,Two year,No,Bank transfer (automatic),24.3,821.6,Fiber optic,No,No,No,No,No,No,Female,0,Yes,Yes,Yes,0
6866,2019-11-01,,Month-to-month,Yes,Electronic check,80.7,239.45,Fiber optic,No,No,No,No,Yes,No,Female,0,Yes,Yes,No,0
6867,2019-11-01,,Month-to-month,Yes,Mailed check,89.85,244.45,Fiber optic,No,No,Yes,Yes,Yes,No,Male,0,No,No,No,0
6868,2015-09-01,,One year,Yes,Electronic check,61.1,3357.9,DSL,No,No,Yes,No,No,Yes,Male,0,No,No,No,0
6869,2019-10-01,,Month-to-month,Yes,Electronic check,29.05,129.6,DSL,Yes,No,No,No,No,No,Female,0,Yes,No,No,0
6870,2016-02-01,,One year,Yes,Bank transfer (automatic),99.7,4977.2,Fiber optic,Yes,No,Yes,No,Yes,Yes,Female,0,Yes,Yes,No,0
6871,2019-05-01,2019-11-01,Month-to-month,No,Credit card (automatic),55.9,365.35,DSL,Yes,Yes,No,No,No,No,Female,0,Yes,Yes,No,1
6872,2019-09-01,2019-12-01,Month-to-month,Yes,Electronic check,105.9,334.65,Fiber optic,No,Yes,Yes,No,Yes,Yes,Male,1,Yes,No,Yes,1
6873,2015-08-01,,Two year,No,Credit card (automatic),46.0,2424.05,DSL,No,No,Yes,Yes,No,Yes,Male,0,Yes,Yes,No,0
6874,2019-11-01,2019-12-01,Month-to-month,No,Mailed check,43.95,43.95,DSL,No,No,No,No,No,No,Female,0,No,No,No,1
6875,2014-12-01,,Month-to-month,Yes,Bank transfer (automatic),80.4,4981.15,DSL,No,Yes,Yes,Yes,Yes,Yes,Male,0,No,No,No,0
6876,2018-04-01,,One year,Yes,Mailed check,100.05,2090.25,Fiber optic,No,Yes,Yes,No,Yes,Yes,Male,0,Yes,Yes,No,0
6877,2019-11-01,2019-12-01,Month-to-month,Yes,Bank transfer (automatic),45.1,45.1,DSL,No,No,No,No,No,No,Male,0,No,No,No,1
6878,2015-11-01,,One year,Yes,Bank transfer (automatic),94.0,4905.75,Fiber optic,No,No,Yes,No,Yes,Yes,Male,1,No,No,No,0
6879,2017-08-01,,One year,Yes,Credit card (automatic),68.95,2038.7,DSL,No,Yes,Yes,No,Yes,No,Female,0,No,No,Yes,0
6880,2015-06-01,,One year,Yes,Credit card (automatic),68.45,4014.0,DSL,Yes,Yes,Yes,Yes,No,No,Female,1,Yes,No,Yes,0
6881,2017-03-01,,One year,Yes,Electronic check,69.0,2441.7,DSL,No,Yes,No,Yes,Yes,No,Male,0,Yes,No,Yes,0
6882,2014-10-01,,Month-to-month,Yes,Electronic check,43.85,2751.0,DSL,No,Yes,No,Yes,Yes,No,Female,1,No,No,No,0
6883,2017-08-01,,Month-to-month,Yes,Electronic check,44.5,1307.8,DSL,No,No,No,No,Yes,Yes,Male,0,No,Yes,No,0
6884,2018-01-01,,Two year,Yes,Mailed check,18.7,383.65,Fiber optic,No,No,No,No,No,No,Female,0,Yes,Yes,No,0
6885,2016-07-01,2019-12-01,Month-to-month,No,Bank transfer (automatic),70.25,2868.05,Fiber optic,No,No,No,No,No,No,Female,0,No,No,No,1
6886,2019-02-01,2019-11-01,Month-to-month,No,Electronic check,55.35,449.75,DSL,No,No,No,No,Yes,No,Male,0,No,Yes,No,1
6887,2020-01-01,,Month-to-month,Yes,Mailed check,53.55,53.55,DSL,Yes,Yes,No,No,No,No,Female,0,Yes,No,No,0
6888,2014-04-01,,Two year,Yes,Electronic check,114.6,7882.5,Fiber optic,Yes,Yes,Yes,Yes,Yes,Yes,Male,0,No,Yes,Yes,0
6889,2015-05-01,,Two year,Yes,Bank transfer (automatic),20.1,1087.7,Fiber optic,No,No,No,No,No,No,Female,0,Yes,Yes,No,0
6890,2019-05-01,,Month-to-month,Yes,Electronic check,85.5,791.7,Fiber optic,No,No,No,No,Yes,No,Male,0,No,No,Yes,0
6891,2014-05-01,,One year,Yes,Bank transfer (automatic),108.75,7493.05,Fiber optic,No,Yes,Yes,Yes,Yes,Yes,Female,0,Yes,Yes,Yes,0
6892,2016-06-01,2020-01-01,Month-to-month,Yes,Electronic check,103.0,4414.3,Fiber optic,No,Yes,Yes,No,Yes,Yes,Male,1,Yes,No,Yes,1
6893,2014-02-01,,Two year,Yes,Electronic check,97.85,6841.3,Fiber optic,No,No,Yes,No,Yes,Yes,Female,0,Yes,No,Yes,0
6894,2016-06-01,,Two year,No,Bank transfer (automatic),19.55,819.95,Fiber optic,No,No,No,No,No,No,Male,0,No,Yes,No,0
6895,2014-02-01,,Two year,Yes,Bank transfer (automatic),84.05,6052.25,Fiber optic,Yes,Yes,No,No,No,No,Female,0,Yes,No,Yes,0
6896,2017-02-01,2019-11-01,One year,Yes,Electronic check,103.75,3361.05,Fiber optic,Yes,No,Yes,Yes,Yes,Yes,Female,0,Yes,No,No,1
6897,2015-08-01,,Month-to-month,No,Credit card (automatic),89.4,4869.5,Fiber optic,No,No,Yes,No,No,Yes,Male,0,No,No,Yes,0
6898,2017-11-01,,Two year,No,Credit card (automatic),19.7,509.3,Fiber optic,No,No,No,No,No,No,Male,0,No,Yes,No,0
6899,2015-08-01,,Month-to-month,Yes,Bank transfer (automatic),79.85,4308.25,Fiber optic,No,Yes,No,No,No,No,Male,0,No,No,Yes,0
6900,2019-11-01,,Month-to-month,No,Credit card (automatic),74.45,221.1,Fiber optic,No,Yes,No,No,No,No,Male,0,No,No,No,0
6901,2015-09-01,,One year,No,Bank transfer (automatic),74.1,3833.95,DSL,Yes,Yes,Yes,No,No,Yes,Female,0,Yes,No,Yes,0
6902,2018-11-01,,One year,No,Mailed check,18.8,294.95,Fiber optic,No,No,No,No,No,No,Male,0,Yes,No,No,0
6903,2015-05-01,2020-01-01,Month-to-month,Yes,Electronic check,73.85,4092.85,Fiber optic,No,Yes,No,No,No,No,Female,0,No,No,No,1
6904,2019-09-01,,Month-to-month,No,Credit card (automatic),64.4,316.9,DSL,Yes,Yes,No,Yes,No,No,Male,0,Yes,Yes,Yes,0
6905,2016-02-01,,One year,Yes,Credit card (automatic),55.8,2651.2,DSL,No,Yes,Yes,No,No,No,Male,0,Yes,Yes,No,0
6906,2018-01-01,,Month-to-month,No,Credit card (automatic),20.05,471.7,Fiber optic,No,No,No,No,No,No,Female,0,No,Yes,No,0
6907,2019-08-01,2019-11-01,Month-to-month,Yes,Credit card (automatic),75.15,216.75,Fiber optic,No,No,No,No,No,No,Female,0,Yes,No,Yes,1
6908,2015-04-01,,One year,No,Bank transfer (automatic),99.15,5720.95,Fiber optic,Yes,Yes,No,No,Yes,Yes,Male,0,No,No,No,0
6909,2019-04-01,,Month-to-month,Yes,Bank transfer (automatic),56.75,503.25,DSL,No,No,No,No,No,Yes,Male,0,No,No,No,0
6910,2019-11-01,2019-12-01,Month-to-month,Yes,Electronic check,69.6,69.6,Fiber optic,No,No,No,No,No,No,Male,0,No,No,No,1
6911,2014-03-01,,Two year,Yes,Credit card (automatic),104.15,7365.3,Fiber optic,No,Yes,No,Yes,Yes,Yes,Male,0,Yes,No,Yes,0
6912,2014-09-01,,Two year,Yes,Credit card (automatic),110.8,7245.9,Fiber optic,No,Yes,Yes,Yes,Yes,Yes,Female,0,Yes,Yes,Yes,0
6913,2019-05-01,2019-10-01,Month-to-month,Yes,Electronic check,80.15,385.0,Fiber optic,No,Yes,No,No,No,No,Male,0,Yes,Yes,Yes,1
6914,2017-10-01,,Month-to-month,Yes,Mailed check,35.75,961.4,DSL,No,No,Yes,Yes,No,No,Female,0,No,No,No,0
6915,2014-07-01,,Two year,Yes,Bank transfer (automatic),69.9,4615.9,DSL,No,No,Yes,Yes,No,Yes,Female,0,Yes,Yes,Yes,0
6916,2017-03-01,,One year,Yes,Electronic check,89.2,3251.3,Fiber optic,Yes,No,No,Yes,No,Yes,Male,0,No,No,No,0
6917,2014-02-01,,Two year,No,Credit card (automatic),55.65,3880.05,DSL,Yes,Yes,Yes,Yes,No,Yes,Female,0,Yes,Yes,No,0
6918,2015-01-01,,One year,Yes,Bank transfer (automatic),50.7,3088.75,DSL,Yes,Yes,No,Yes,No,Yes,Female,0,Yes,Yes,No,0
6919,2014-06-01,,Two year,Yes,Credit card (automatic),20.0,1396.0,Fiber optic,No,No,No,No,No,No,Male,1,No,No,No,0
6920,2019-10-01,2019-11-01,Month-to-month,No,Bank transfer (automatic),30.5,30.5,DSL,Yes,No,No,No,No,No,Female,0,Yes,Yes,No,1
6921,2019-11-01,,Month-to-month,Yes,Mailed check,19.1,53.05,Fiber optic,No,No,No,No,No,No,Male,0,No,No,No,0
6922,2014-03-01,2020-01-01,Two year,No,Bank transfer (automatic),98.3,6859.5,Fiber optic,No,Yes,No,No,Yes,Yes,Male,0,Yes,Yes,Yes,1
6923,2016-02-01,,Month-to-month,No,Credit card (automatic),45.55,2108.35,DSL,No,Yes,Yes,No,No,Yes,Female,0,No,Yes,No,0
6924,2014-06-01,,One year,Yes,Credit card (automatic),101.05,6770.5,Fiber optic,No,Yes,No,No,Yes,Yes,Male,0,Yes,Yes,Yes,0
6925,2016-03-01,,One year,Yes,Electronic check,103.7,4730.6,Fiber optic,Yes,No,Yes,Yes,Yes,Yes,Female,0,No,No,No,0
6926,2017-06-01,,One year,Yes,Mailed check,36.25,1151.05,DSL,No,No,Yes,Yes,No,No,Male,0,Yes,Yes,No,0
6927,2019-09-01,,Month-to-month,Yes,Mailed check,49.4,232.55,DSL,Yes,No,No,No,No,No,Female,0,Yes,Yes,No,0
6928,2016-01-01,,Two year,Yes,Credit card (automatic),19.9,1022.6,Fiber optic,No,No,No,No,No,No,Male,0,No,No,No,0
6929,2015-10-01,2019-10-01,Month-to-month,Yes,Bank transfer (automatic),107.4,5121.3,Fiber optic,No,Yes,Yes,No,Yes,Yes,Female,0,No,No,Yes,1
6930,2018-12-01,2020-01-01,Month-to-month,Yes,Electronic check,82.0,1127.2,Fiber optic,No,No,No,No,No,Yes,Female,1,No,No,Yes,1
6931,2018-11-01,,Month-to-month,Yes,Mailed check,19.8,309.4,Fiber optic,No,No,No,No,No,No,Male,0,No,No,No,0
6932,2019-02-01,,Month-to-month,Yes,Electronic check,45.05,523.1,DSL,No,No,No,No,No,No,Female,0,No,No,No,0
6933,2014-07-01,,Two year,Yes,Bank transfer (automatic),64.55,4250.1,DSL,Yes,Yes,No,Yes,No,No,Male,1,No,No,Yes,0
6934,2019-05-01,,Month-to-month,No,Electronic check,86.25,770.5,Fiber optic,No,No,No,Yes,Yes,No,Male,0,No,No,No,0
6935,2019-01-01,,Two year,Yes,Bank transfer (automatic),19.75,246.7,Fiber optic,No,No,No,No,No,No,Female,0,Yes,Yes,No,0
6936,2016-12-01,,One year,Yes,Mailed check,89.1,3342.0,Fiber optic,No,No,No,No,Yes,Yes,Female,0,No,No,No,0
6937,2016-08-01,,Month-to-month,Yes,Electronic check,95.55,3930.6,Fiber optic,No,Yes,Yes,No,Yes,No,Female,1,Yes,No,Yes,0
6938,2017-12-01,2019-12-01,Month-to-month,Yes,Credit card (automatic),75.4,1747.85,Fiber optic,No,No,No,No,No,No,Female,0,Yes,No,Yes,1
6939,2017-09-01,2019-12-01,Month-to-month,Yes,Electronic check,101.25,2754.45,Fiber optic,Yes,No,Yes,No,Yes,Yes,Female,1,Yes,No,No,1
6940,2019-05-01,,Month-to-month,Yes,Credit card (automatic),102.6,897.75,Fiber optic,No,Yes,Yes,No,Yes,Yes,Male,0,Yes,Yes,Yes,0
6941,2016-01-01,,One year,Yes,Credit card (automatic),56.3,2780.6,DSL,No,Yes,No,Yes,Yes,Yes,Female,0,Yes,No,No,0
6942,2015-01-01,,Month-to-month,Yes,Credit card (automatic),94.2,5895.45,Fiber optic,Yes,Yes,Yes,Yes,No,No,Female,1,Yes,No,Yes,0
6943,2015-12-01,,One year,Yes,Bank transfer (automatic),43.05,2208.05,DSL,Yes,Yes,No,No,Yes,No,Male,0,No,Yes,No,0
6944,2017-09-01,2019-10-01,Month-to-month,Yes,Electronic check,89.5,2196.15,Fiber optic,No,Yes,No,No,Yes,No,Male,1,No,No,Yes,1
6945,2018-01-01,2019-11-01,Month-to-month,Yes,Bank transfer (automatic),74.4,1692.6,Fiber optic,No,No,No,No,No,No,Female,1,No,No,Yes,1
6946,2019-11-01,2019-12-01,Month-to-month,No,Mailed check,20.5,20.5,Fiber optic,No,No,No,No,No,No,Male,0,No,No,No,1
6947,2019-09-01,2020-01-01,Month-to-month,Yes,Electronic check,74.35,265.35,Fiber optic,No,No,No,No,No,No,Male,0,No,No,Yes,1
6948,2018-07-01,2020-01-01,Month-to-month,No,Bank transfer (automatic),99.75,1836.25,Fiber optic,No,No,No,Yes,Yes,Yes,Female,1,Yes,No,Yes,1
6949,2015-04-01,2019-12-01,One year,Yes,Electronic check,111.95,6418.9,Fiber optic,No,Yes,Yes,Yes,Yes,Yes,Female,1,No,No,Yes,1
6950,2015-09-01,,One year,Yes,Electronic check,94.0,4871.45,Fiber optic,No,Yes,Yes,Yes,Yes,No,Female,1,Yes,No,No,0
6951,2015-11-01,,One year,Yes,Electronic check,98.85,4947.55,Fiber optic,No,No,Yes,No,Yes,Yes,Female,0,Yes,No,Yes,0
6952,2018-02-01,,Two year,No,Electronic check,64.35,1558.65,DSL,Yes,Yes,Yes,No,No,No,Female,0,Yes,Yes,Yes,0
6953,2014-12-01,,Two year,Yes,Credit card (automatic),72.0,4284.2,DSL,Yes,Yes,Yes,No,Yes,No,Female,0,Yes,No,No,0
6954,2018-02-01,,Month-to-month,Yes,Mailed check,49.7,1218.25,DSL,No,Yes,No,No,No,No,Male,0,No,No,No,0
6955,2014-04-01,,Two year,No,Electronic check,80.7,5617.95,DSL,Yes,Yes,Yes,Yes,Yes,No,Female,0,Yes,Yes,Yes,0
6956,2020-01-01,,Month-to-month,No,Mailed check,24.2,24.2,DSL,No,No,No,No,No,No,Male,0,No,Yes,No,0
6957,2018-08-01,2019-12-01,Month-to-month,Yes,Mailed check,39.0,679.85,DSL,No,Yes,No,No,Yes,No,Male,1,No,No,No,1
6958,2019-06-01,,Month-to-month,Yes,Electronic check,65.45,554.45,DSL,No,Yes,No,Yes,Yes,No,Female,0,No,No,No,0
6959,2014-02-01,,Two year,Yes,Electronic check,74.35,5237.4,DSL,Yes,Yes,Yes,Yes,No,Yes,Female,0,Yes,Yes,No,0
6960,2018-03-01,,Month-to-month,No,Bank transfer (automatic),83.2,2032.3,Fiber optic,No,Yes,Yes,Yes,No,No,Female,0,No,No,No,0
6961,2017-07-01,,Month-to-month,No,Credit card (automatic),25.0,789.2,DSL,No,No,No,No,No,No,Male,0,No,Yes,No,0
6962,2017-01-01,,One year,Yes,Electronic check,40.2,1525.35,DSL,Yes,No,Yes,Yes,No,No,Male,0,Yes,Yes,No,0
6963,2017-07-01,2020-01-01,Month-to-month,Yes,Credit card (automatic),94.1,2804.45,Fiber optic,No,Yes,No,Yes,Yes,No,Female,0,Yes,No,Yes,1
6964,2017-03-01,,One year,Yes,Electronic check,108.35,3726.15,Fiber optic,Yes,Yes,Yes,No,Yes,Yes,Female,1,No,No,Yes,0
6965,2018-03-01,,Month-to-month,Yes,Credit card (automatic),69.5,1652.1,DSL,No,Yes,No,Yes,Yes,No,Female,0,Yes,Yes,Yes,0
6966,2018-06-01,,One year,No,Bank transfer (automatic),76.0,1588.75,DSL,Yes,No,No,No,Yes,Yes,Female,0,Yes,Yes,Yes,0
6967,2017-02-01,,Month-to-month,Yes,Electronic check,93.6,3366.05,Fiber optic,Yes,No,No,No,Yes,Yes,Male,0,Yes,No,No,0
6968,2019-03-01,2019-11-01,Month-to-month,No,Bank transfer (automatic),95.65,778.1,Fiber optic,No,No,No,No,Yes,Yes,Female,0,No,No,Yes,1
6969,2014-03-01,,One year,No,Bank transfer (automatic),100.55,7113.75,Fiber optic,No,Yes,No,No,Yes,Yes,Male,0,Yes,Yes,Yes,0
6970,2015-11-01,2020-01-01,Month-to-month,Yes,Electronic check,88.05,4367.35,Fiber optic,No,Yes,No,No,Yes,No,Female,1,Yes,No,Yes,1
6971,2016-07-01,,One year,Yes,Bank transfer (automatic),24.45,993.15,Fiber optic,No,No,No,No,No,No,Female,0,Yes,Yes,Yes,0
6972,2015-05-01,,Two year,No,Mailed check,89.55,5012.35,DSL,Yes,Yes,Yes,Yes,Yes,Yes,Male,0,No,Yes,Yes,0
6973,2016-05-01,2019-10-01,One year,Yes,Bank transfer (automatic),66.5,2728.6,DSL,No,Yes,No,Yes,No,Yes,Female,0,Yes,Yes,No,1
6974,2017-11-01,,Month-to-month,Yes,Electronic check,76.1,2093.4,Fiber optic,No,Yes,No,No,No,No,Female,0,Yes,No,No,0
6975,2019-01-01,,Month-to-month,Yes,Electronic check,80.5,1011.8,Fiber optic,No,No,No,No,No,Yes,Female,0,No,No,No,0
6976,2019-07-01,2019-10-01,Month-to-month,Yes,Mailed check,35.45,106.85,DSL,Yes,Yes,No,No,No,No,Male,0,No,No,No,1
6977,2014-07-01,,One year,No,Electronic check,20.55,1343.4,Fiber optic,No,No,No,No,No,No,Female,0,No,No,No,0
6978,2019-09-01,2019-12-01,Month-to-month,Yes,Mailed check,49.9,130.1,DSL,No,Yes,No,No,No,No,Male,0,No,No,No,1
6979,2014-10-01,,Two year,Yes,Bank transfer (automatic),105.4,6794.75,Fiber optic,No,Yes,No,Yes,Yes,Yes,Female,0,Yes,No,Yes,0
6980,2017-12-01,,Month-to-month,No,Electronic check,35.75,1022.5,DSL,No,No,Yes,Yes,No,No,Male,0,No,No,No,0
6981,2016-12-01,,Month-to-month,Yes,Credit card (automatic),95.1,3691.2,Fiber optic,No,Yes,Yes,No,No,Yes,Male,0,No,No,Yes,0
6982,2018-03-01,,One year,No,Credit card (automatic),19.3,486.2,Fiber optic,No,No,No,No,No,No,Male,0,Yes,No,No,0
6983,2016-09-01,2020-01-01,Month-to-month,Yes,Credit card (automatic),104.5,4036.85,Fiber optic,No,Yes,Yes,No,Yes,Yes,Male,0,No,No,Yes,1
6984,2014-02-01,,Two year,Yes,Bank transfer (automatic),63.1,4685.55,DSL,Yes,Yes,Yes,Yes,Yes,Yes,Male,1,Yes,No,No,0
6985,2019-09-01,2019-12-01,Month-to-month,Yes,Credit card (automatic),75.05,256.25,Fiber optic,No,No,No,No,No,No,Female,1,No,No,Yes,1
6986,2017-11-01,2019-10-01,Month-to-month,Yes,Electronic check,81.0,1917.1,Fiber optic,No,No,Yes,No,No,No,Male,0,No,No,Yes,1
6987,2019-11-01,2019-12-01,Month-to-month,Yes,Electronic check,74.45,74.45,Fiber optic,No,No,No,No,No,No,Female,1,Yes,No,Yes,1
6988,2019-06-01,2019-10-01,Month-to-month,Yes,Mailed check,60.4,272.15,DSL,Yes,Yes,No,Yes,No,No,Female,0,No,No,No,1
6989,2014-12-01,,Two year,Yes,Electronic check,84.95,5150.55,DSL,Yes,Yes,No,Yes,Yes,Yes,Female,0,Yes,No,Yes,0
6990,2016-10-01,,Month-to-month,Yes,Bank transfer (automatic),93.4,3756.4,Fiber optic,No,Yes,Yes,No,Yes,No,Female,0,No,No,Yes,0
6991,2016-09-01,,Month-to-month,Yes,Electronic check,89.2,3645.75,Fiber optic,No,Yes,No,No,Yes,No,Male,0,No,No,Yes,0
6992,2017-04-01,,Month-to-month,Yes,Credit card (automatic),85.2,2874.45,Fiber optic,No,No,Yes,No,Yes,No,Male,1,Yes,No,No,0
6993,2020-01-01,,Month-to-month,No,Electronic check,49.95,49.95,DSL,No,Yes,No,No,No,No,Female,0,No,No,No,0
6994,2015-11-01,,Two year,No,Bank transfer (automatic),20.65,1020.75,Fiber optic,No,No,No,No,No,No,Female,0,No,No,No,0
6995,2019-10-01,2019-11-01,Month-to-month,Yes,Mailed check,70.65,70.65,Fiber optic,No,No,No,No,No,No,Male,0,Yes,Yes,No,1
6996,2016-11-01,,Two year,No,Mailed check,20.15,826.0,Fiber optic,No,No,No,No,No,No,Female,0,No,No,No,0
6997,2019-02-01,,Month-to-month,Yes,Electronic check,19.2,239.0,Fiber optic,No,No,No,No,No,No,Male,0,Yes,Yes,No,0
6998,2018-11-01,2019-11-01,One year,Yes,Electronic check,59.8,727.8,DSL,No,No,No,Yes,Yes,No,Male,0,No,No,No,1
6999,2014-02-01,,One year,Yes,Electronic check,104.95,7544.3,Fiber optic,No,Yes,Yes,No,Yes,Yes,Male,0,No,No,Yes,0
7000,2014-11-01,,Month-to-month,Yes,Electronic check,103.5,6479.4,Fiber optic,No,Yes,Yes,No,Yes,Yes,Female,1,Yes,No,Yes,0
7005,2014-06-01,,Two year,No,Bank transfer (automatic),64.1,4326.25,DSL,No,Yes,No,Yes,Yes,No,Female,0,Yes,No,No,0
7006,2019-08-01,,Month-to-month,Yes,Electronic check,44.4,263.05,DSL,No,No,No,No,Yes,Yes,Female,1,No,No,No,0
7007,2019-12-01,,Month-to-month,Yes,Mailed check,20.05,39.25,Fiber optic,No,No,No,No,No,No,Female,0,No,No,No,0
7008,2015-07-01,,One year,No,Credit card (automatic),60.0,3316.1,DSL,Yes,Yes,No,No,No,No,Male,1,Yes,No,Yes,0
7009,2019-10-01,2019-11-01,Month-to-month,Yes,Electronic check,75.75,75.75,Fiber optic,No,No,No,No,No,No,Male,1,No,No,Yes,1
7010,2016-12-01,,Month-to-month,Yes,Credit card (automatic),69.5,2625.25,Fiber optic,No,No,No,No,No,No,Male,0,No,No,No,0
7011,2014-03-01,2019-10-01,Month-to-month,Yes,Credit card (automatic),102.95,6886.25,Fiber optic,Yes,Yes,Yes,No,Yes,No,Female,0,No,No,Yes,1
7012,2018-07-01,,Month-to-month,Yes,Bank transfer (automatic),78.7,1495.1,Fiber optic,No,No,No,No,Yes,No,Male,0,No,No,No,0
7013,2019-02-01,,One year,No,Electronic check,60.65,743.3,DSL,No,Yes,Yes,Yes,Yes,Yes,Female,0,No,No,No,0
7014,2014-02-01,,Two year,Yes,Bank transfer (automatic),21.15,1419.4,Fiber optic,No,No,No,No,No,No,Female,0,No,No,No,0
7015,2018-02-01,,One year,Yes,Mailed check,84.8,1990.5,DSL,Yes,No,Yes,Yes,Yes,Yes,Male,0,Yes,Yes,Yes,0
7016,2014-02-01,,One year,Yes,Credit card (automatic),103.2,7362.9,Fiber optic,No,Yes,Yes,No,Yes,Yes,Female,0,Yes,Yes,Yes,0
7017,2019-03-01,,Month-to-month,Yes,Electronic check,29.6,346.45,DSL,Yes,No,No,No,No,No,Female,0,Yes,Yes,No,0
7018,2019-07-01,2019-11-01,Month-to-month,Yes,Mailed check,74.4,306.6,Fiber optic,No,No,No,No,No,No,Male,1,Yes,No,Yes,1
7019,2014-08-01,,Two year,Yes,Bank transfer (automatic),105.65,6844.5,Fiber optic,Yes,No,Yes,Yes,Yes,Yes,Male,0,No,No,No,0
1001,2018-05-01,,Month-to-month,No,Mailed check,20.0,417.7,Fiber optic,No,No,No,No,No,No,Male,0,No,No,No,0
1002,2015-09-01,,One year,Yes,Credit card (automatic),95.85,5016.25,Fiber optic,No,No,No,No,Yes,Yes,Female,1,Yes,No,Yes,0
1003,2018-06-01,2019-12-01,Month-to-month,Yes,Electronic check,90.1,1612.75,Fiber optic,No,No,No,Yes,No,Yes,Female,0,No,No,Yes,1
1004,2019-11-01,2020-01-01,Month-to-month,No,Electronic check,68.95,119.75,Fiber optic,No,No,No,No,No,No,Female,0,No,No,No,1
1005,2017-02-01,2019-10-01,Month-to-month,Yes,Credit card (automatic),99.55,3204.65,Fiber optic,Yes,No,No,No,Yes,Yes,Male,0,Yes,Yes,Yes,1
1006,2018-03-01,,One year,Yes,Electronic check,20.75,485.2,Fiber optic,No,No,No,No,No,No,Male,1,Yes,No,No,0
1007,2019-11-01,,Month-to-month,Yes,Mailed check,50.15,160.85,DSL,Yes,No,No,No,No,No,Male,0,No,No,No,0
1008,2014-03-01,,Two year,No,Mailed check,58.65,4145.25,DSL,Yes,Yes,No,Yes,Yes,Yes,Female,0,Yes,Yes,No,0
1009,2019-05-01,,Month-to-month,Yes,Bank transfer (automatic),95.9,827.45,Fiber optic,No,No,No,Yes,Yes,Yes,Male,0,No,No,No,0
1010,2020-01-01,,Month-to-month,No,Electronic check,49.5,49.5,DSL,No,Yes,No,No,No,No,Female,0,No,No,No,0
1011,2018-07-01,2020-01-01,Month-to-month,No,Electronic check,57.45,990.85,DSL,No,No,Yes,No,No,Yes,Male,0,Yes,Yes,No,1
1012,2018-11-01,2019-11-01,One year,No,Credit card (automatic),53.65,696.35,DSL,No,No,No,No,No,Yes,Male,0,Yes,Yes,No,1
1013,2014-03-01,,Two year,Yes,Mailed check,80.1,5585.4,DSL,Yes,Yes,Yes,Yes,No,Yes,Male,0,Yes,No,Yes,0
1014,2014-10-01,,One year,Yes,Bank transfer (automatic),24.4,1601.2,Fiber optic,No,No,No,No,No,No,Female,0,No,No,Yes,0
1015,2019-10-01,,Month-to-month,Yes,Electronic check,40.05,162.45,DSL,No,No,No,Yes,No,Yes,Male,0,No,No,No,0
1016,2018-03-01,,Month-to-month,Yes,Mailed check,19.5,470.2,Fiber optic,No,No,No,No,No,No,Female,0,No,No,No,0
1017,2016-11-01,,Month-to-month,No,Credit card (automatic),51.05,2066.0,DSL,Yes,No,No,No,No,No,Female,0,Yes,Yes,No,0
1018,2017-10-01,,One year,No,Mailed check,54.35,1426.45,DSL,Yes,No,No,Yes,No,No,Male,0,Yes,No,No,0
2001,2019-10-01,2019-12-01,Month-to-month,Yes,Electronic check,80.2,181.1,Fiber optic,No,No,No,No,No,Yes,Male,0,No,No,No,1
2002,2019-06-01,2019-10-01,Month-to-month,Yes,Mailed check,87.1,341.45,Fiber optic,No,No,Yes,Yes,No,No,Female,0,No,Yes,Yes,1
2003,2014-04-01,,Two year,Yes,Bank transfer (automatic),79.25,5731.85,DSL,Yes,Yes,Yes,Yes,Yes,No,Male,0,Yes,Yes,Yes,0
2004,2019-06-01,2019-11-01,Month-to-month,Yes,Bank transfer (automatic),75.9,357.75,Fiber optic,No,No,No,No,No,No,Male,0,No,No,Yes,1
2005,2015-09-01,,Month-to-month,No,Electronic check,85.7,4616.1,DSL,Yes,No,Yes,Yes,Yes,Yes,Male,0,Yes,Yes,Yes,0
2006,2015-11-01,2019-10-01,Month-to-month,Yes,Electronic check,98.75,4533.7,Fiber optic,Yes,Yes,Yes,No,Yes,No,Female,0,Yes,No,Yes,1
2007,2017-07-01,,One year,No,Credit card (automatic),20.1,589.25,Fiber optic,No,No,No,No,No,No,Female,0,No,Yes,No,0
2008,2019-01-01,,Month-to-month,No,Bank transfer (automatic),61.8,750.1,DSL,No,Yes,Yes,Yes,No,No,Male,0,Yes,Yes,No,0
2137,2019-11-01,,Month-to-month,Yes,Mailed check,50.5,147.75,DSL,No,No,No,Yes,No,No,Male,0,No,No,No,0
3001,2016-12-01,,Month-to-month,Yes,Mailed check,80.45,3162.65,Fiber optic,Yes,No,No,No,No,No,Male,1,No,Yes,Yes,0
3002,2019-05-01,,Two year,No,Mailed check,19.75,210.65,Fiber optic,No,No,No,No,No,No,Female,0,Yes,Yes,No,0
3003,2015-08-01,,Two year,Yes,Credit card (automatic),65.65,3566.7,DSL,Yes,Yes,No,Yes,No,No,Male,0,Yes,Yes,Yes,0
3004,2017-09-01,,One year,Yes,Credit card (automatic),71.0,2080.1,DSL,No,No,No,No,Yes,Yes,Female,0,No,No,Yes,0
3005,2016-06-01,,Month-to-month,Yes,Electronic check,89.2,4040.2,Fiber optic,No,No,Yes,No,Yes,No,Male,1,Yes,No,Yes,0
3006,2015-03-01,,Two year,Yes,Electronic check,86.75,5186.0,DSL,Yes,Yes,Yes,Yes,Yes,Yes,Male,0,Yes,Yes,No,0
3007,2019-09-01,2019-12-01,Month-to-month,Yes,Electronic check,55.3,196.15,DSL,No,No,No,No,No,Yes,Female,0,No,No,No,1
3008,2018-08-01,,One year,Yes,Mailed check,61.5,1087.45,DSL,Yes,Yes,No,Yes,No,No,Female,0,Yes,Yes,No,0
3009,2014-07-01,,Two year,No,Credit card (automatic),25.1,1672.15,Fiber optic,No,No,No,No,No,No,Male,1,No,No,Yes,0
3010,2018-01-01,2019-11-01,Month-to-month,No,Electronic check,55.15,1206.05,DSL,No,Yes,No,Yes,No,No,Female,0,Yes,Yes,No,1
3011,2017-05-01,,One year,No,Credit card (automatic),34.05,1113.95,DSL,Yes,No,No,Yes,No,No,Male,0,No,Yes,No,0
3012,2019-09-01,,Month-to-month,No,Mailed check,19.95,107.05,Fiber optic,No,No,No,No,No,No,Male,0,No,No,No,0
3013,2019-12-01,,Month-to-month,No,Mailed check,19.95,38.15,Fiber optic,No,No,No,No,No,No,Female,0,No,No,No,0
4454,2016-02-01,,One year,Yes,Mailed check,69.55,3435.6,DSL,No,No,Yes,Yes,No,Yes,Female,0,Yes,No,Yes,0
4001,2015-10-01,,Month-to-month,No,Credit card (automatic),108.1,5839.3,Fiber optic,Yes,Yes,Yes,No,Yes,Yes,Female,1,No,No,Yes,0
4002,2017-02-01,,One year,No,Mailed check,54.45,1893.5,DSL,Yes,No,No,No,No,No,Female,0,No,No,Yes,0
4003,2020-01-01,,Month-to-month,No,Mailed check,45.35,45.35,DSL,No,No,No,No,No,No,Female,0,No,No,No,0
4004,2017-10-01,,One year,No,Mailed check,59.0,1654.45,DSL,Yes,No,Yes,No,No,No,Female,0,No,No,Yes,0
4005,2019-07-01,,One year,No,Electronic check,69.45,477.05,DSL,Yes,Yes,Yes,No,Yes,No,Female,0,Yes,Yes,No,0
4006,2018-08-01,2019-10-01,Month-to-month,Yes,Electronic check,100.55,1415.55,Fiber optic,No,Yes,No,No,Yes,Yes,Male,0,No,No,Yes,1
4007,2014-02-01,,Two year,Yes,Credit card (automatic),64.95,4546.0,DSL,Yes,Yes,Yes,Yes,Yes,Yes,Male,1,Yes,No,No,0
4008,2019-11-01,2019-12-01,Month-to-month,Yes,Mailed check,20.5,20.5,Fiber optic,No,No,No,No,No,No,Female,0,Yes,Yes,No,1
4009,2019-04-01,,Month-to-month,No,Mailed check,18.85,163.2,Fiber optic,No,No,No,No,No,No,Female,0,No,No,No,0
4010,2016-08-01,,One year,No,Bank transfer (automatic),19.8,849.9,Fiber optic,No,No,No,No,No,No,Male,0,No,No,No,0
5001,2019-06-01,2019-11-01,Month-to-month,No,Credit card (automatic),19.85,108.05,Fiber optic,No,No,No,No,No,No,Female,0,No,No,No,1
5002,2016-09-01,,One year,No,Mailed check,35.45,1391.65,DSL,No,Yes,No,Yes,No,No,Female,0,Yes,No,No,0
5003,2014-02-01,,Two year,No,Credit card (automatic),19.7,1379.8,Fiber optic,No,No,No,No,No,No,Female,0,Yes,Yes,No,0
5004,2018-12-01,,Month-to-month,Yes,Electronic check,95.6,1273.3,Fiber optic,No,No,No,No,Yes,Yes,Male,1,No,No,Yes,0
5005,2016-09-01,,Two year,Yes,Mailed check,19.85,810.45,Fiber optic,No,No,No,No,No,No,Female,0,No,No,No,0
5006,2018-03-01,,One year,No,Credit card (automatic),81.85,1810.85,Fiber optic,Yes,No,No,No,No,No,Female,0,Yes,Yes,Yes,0
5007,2014-03-01,,Two year,No,Credit card (automatic),109.3,7782.85,Fiber optic,Yes,Yes,Yes,Yes,Yes,Yes,Male,0,Yes,Yes,No,0
5008,2019-11-01,2019-12-01,Month-to-month,Yes,Electronic check,70.3,70.3,Fiber optic,No,No,No,No,No,No,Female,0,No,No,No,1
5009,2014-02-01,,Two year,No,Mailed check,25.4,1797.1,Fiber optic,No,No,No,No,No,No,Male,0,Yes,No,Yes,0
6075,2014-03-01,,Two year,Yes,Electronic check,47.05,3263.6,DSL,No,No,Yes,Yes,No,Yes,Female,0,Yes,No,No,0
6001,2016-09-01,,One year,Yes,Electronic check,80.55,3263.9,DSL,No,Yes,Yes,No,Yes,Yes,Female,0,No,No,Yes,0
6002,2017-04-01,,One year,No,Mailed check,61.25,1993.2,DSL,Yes,No,Yes,Yes,Yes,Yes,Female,0,Yes,Yes,No,0
6003,2019-01-01,,Month-to-month,Yes,Mailed check,20.45,254.5,Fiber optic,No,No,No,No,No,No,Female,0,Yes,Yes,No,0
6004,2018-06-01,,Month-to-month,Yes,Credit card (automatic),18.9,347.65,Fiber optic,No,No,No,No,No,No,Female,0,No,No,No,0
6005,2015-11-01,,Two year,No,Credit card (automatic),19.6,967.9,Fiber optic,No,No,No,No,No,No,Female,1,No,No,No,0
6006,2019-09-01,2019-12-01,Month-to-month,Yes,Credit card (automatic),91.5,242.95,Fiber optic,No,Yes,No,No,No,Yes,Female,0,Yes,No,Yes,1
6007,2016-09-01,,Month-to-month,No,Bank transfer (automatic),45.2,1841.9,DSL,No,No,No,No,No,No,Female,0,No,Yes,No,0
6008,2019-01-01,,Month-to-month,No,Credit card (automatic),19.45,232.1,Fiber optic,No,No,No,No,No,No,Female,0,No,No,No,0
6009,2017-03-01,,Two year,No,Bank transfer (automatic),25.45,809.25,Fiber optic,No,No,No,No,No,No,Male,0,Yes,Yes,Yes,0
6010,2018-12-01,2019-12-01,Month-to-month,No,Bank transfer (automatic),80.85,866.45,Fiber optic,Yes,No,No,Yes,No,No,Male,0,Yes,No,No,1
6011,2019-10-01,,Month-to-month,Yes,Mailed check,94.9,360.55,Fiber optic,Yes,Yes,No,Yes,No,Yes,Male,0,No,No,No,0
6012,2016-04-01,2019-11-01,Month-to-month,Yes,Bank transfer (automatic),49.05,2076.2,DSL,No,No,Yes,No,Yes,Yes,Female,0,No,No,No,1
6013,2019-02-01,,Month-to-month,Yes,Mailed check,29.3,355.9,DSL,No,No,No,Yes,No,No,Female,1,Yes,Yes,No,0
6014,2014-04-01,2019-12-01,Month-to-month,Yes,Electronic check,105.3,7299.65,Fiber optic,No,Yes,Yes,No,Yes,Yes,Male,1,Yes,No,Yes,1
6015,2017-10-01,2019-11-01,Month-to-month,Yes,Electronic check,88.95,2291.2,Fiber optic,No,Yes,No,No,Yes,No,Male,1,No,No,Yes,1
6016,2019-07-01,,One year,No,Mailed check,20.25,129.15,Fiber optic,No,No,No,No,No,No,Female,0,No,No,No,0
6017,2014-06-01,2019-12-01,One year,Yes,Electronic check,110.85,7491.75,Fiber optic,No,Yes,Yes,Yes,Yes,Yes,Male,1,Yes,No,Yes,1
6018,2015-09-01,,One year,No,Electronic check,110.5,5835.5,Fiber optic,Yes,Yes,Yes,Yes,Yes,Yes,Female,0,Yes,No,No,0
7001,2016-06-01,,Month-to-month,Yes,Credit card (automatic),84.8,3626.35,Fiber optic,Yes,No,Yes,No,No,No,Male,0,Yes,No,Yes,0
7002,2018-08-01,,Month-to-month,Yes,Bank transfer (automatic),95.05,1679.4,Fiber optic,No,No,Yes,Yes,No,Yes,Female,0,No,No,Yes,0
7003,2019-02-01,2019-11-01,Month-to-month,Yes,Bank transfer (automatic),44.2,403.35,DSL,No,No,No,No,No,No,Female,0,No,No,No,1
7004,2019-01-01,,Month-to-month,No,Mailed check,73.35,931.55,DSL,No,Yes,No,Yes,Yes,Yes,Male,0,No,No,No,0
1,2020-01-01,,Month-to-month,Yes,Electronic check,29.85,29.85,DSL,No,Yes,No,No,No,No,Female,0,Yes,No,No,0
2,2017-04-01,,One year,No,Mailed check,56.95,1889.5,DSL,Yes,No,Yes,No,No,No,Male,0,No,No,No,0
3,2019-10-01,2019-12-01,Month-to-month,Yes,Mailed check,53.85,108.15,DSL,Yes,Yes,No,No,No,No,Male,0,No,No,No,1
4,2016-05-01,,One year,No,Bank transfer (automatic),42.3,1840.75,DSL,Yes,No,Yes,Yes,No,No,Male,0,No,No,No,0
5,2019-09-01,2019-11-01,Month-to-month,Yes,Electronic check,70.7,151.65,Fiber optic,No,No,No,No,No,No,Female,0,No,No,No,1
6,2019-03-01,2019-11-01,Month-to-month,Yes,Electronic check,99.65,820.5,Fiber optic,No,No,Yes,No,Yes,Yes,Female,0,No,No,Yes,1
7,2018-04-01,,Month-to-month,Yes,Credit card (automatic),89.1,1949.4,Fiber optic,No,Yes,No,No,Yes,No,Male,0,No,Yes,Yes,0
8,2019-04-01,,Month-to-month,No,Mailed check,29.75,301.9,DSL,Yes,No,No,No,No,No,Female,0,No,No,No,0
9,2017-07-01,2019-11-01,Month-to-month,Yes,Electronic check,104.8,3046.05,Fiber optic,No,No,Yes,Yes,Yes,Yes,Female,0,Yes,No,Yes,1
10,2014-12-01,,One year,No,Bank transfer (automatic),56.15,3487.95,DSL,Yes,Yes,No,No,No,No,Male,0,No,Yes,No,0
11,2019-01-01,,Month-to-month,Yes,Mailed check,49.95,587.45,DSL,Yes,No,No,No,No,No,Male,0,Yes,Yes,No,0
12,2018-10-01,,Two year,No,Credit card (automatic),18.95,326.8,Fiber optic,No,No,No,No,No,No,Male,0,No,No,No,0
13,2015-04-01,,One year,No,Credit card (automatic),100.35,5681.1,Fiber optic,No,No,Yes,No,Yes,Yes,Male,0,Yes,No,Yes,0
14,2015-09-01,2019-10-01,Month-to-month,Yes,Bank transfer (automatic),103.7,5036.3,Fiber optic,No,Yes,Yes,No,Yes,Yes,Male,0,No,No,Yes,1
15,2018-01-01,,Month-to-month,Yes,Electronic check,105.5,2686.05,Fiber optic,Yes,No,Yes,Yes,Yes,Yes,Male,0,No,No,No,0
16,2014-05-01,,Two year,No,Credit card (automatic),113.25,7895.15,Fiber optic,Yes,Yes,Yes,Yes,Yes,Yes,Female,0,Yes,Yes,Yes,0
17,2015-10-01,,One year,No,Mailed check,20.65,1022.95,Fiber optic,No,No,No,No,No,No,Female,0,No,No,No,0
18,2014-03-01,,Two year,No,Bank transfer (automatic),106.7,7382.25,Fiber optic,Yes,No,Yes,No,Yes,Yes,Male,0,No,Yes,Yes,0
19,2019-01-01,2019-11-01,Month-to-month,No,Credit card (automatic),55.2,528.35,DSL,No,No,Yes,Yes,No,No,Female,0,Yes,Yes,No,1
20,2018-05-01,,Month-to-month,Yes,Electronic check,90.05,1862.9,Fiber optic,No,Yes,Yes,No,No,Yes,Female,0,No,No,No,0
21,2019-11-01,2019-12-01,Month-to-month,Yes,Electronic check,39.65,39.65,DSL,No,No,Yes,No,No,Yes,Male,1,No,No,No,1
22,2019-02-01,,One year,No,Bank transfer (automatic),19.8,202.25,Fiber optic,No,No,No,No,No,No,Male,0,Yes,No,No,0
23,2019-11-01,2019-12-01,Month-to-month,No,Mailed check,20.15,20.15,Fiber optic,No,No,No,No,No,No,Male,0,No,No,No,1
24,2015-04-01,,Two year,Yes,Credit card (automatic),59.9,3505.1,DSL,No,Yes,No,Yes,No,No,Female,0,Yes,No,Yes,0
25,2016-01-01,,Month-to-month,No,Credit card (automatic),59.6,2970.3,DSL,Yes,Yes,No,Yes,No,No,Male,0,Yes,Yes,No,0
26,2017-08-01,,Month-to-month,Yes,Bank transfer (automatic),55.3,1530.6,DSL,Yes,Yes,No,No,No,No,Female,0,No,No,No,0
27,2015-12-01,2019-11-01,Month-to-month,Yes,Electronic check,99.35,4749.15,Fiber optic,No,Yes,No,No,Yes,Yes,Male,0,Yes,Yes,Yes,1
28,2019-11-01,2019-12-01,Month-to-month,No,Electronic check,30.2,30.2,DSL,No,Yes,No,No,No,No,Male,0,Yes,Yes,No,1
29,2014-02-01,,Two year,Yes,Credit card (automatic),90.25,6369.45,DSL,Yes,Yes,Yes,Yes,Yes,Yes,Male,0,Yes,No,Yes,0
30,2018-06-01,2019-11-01,Month-to-month,Yes,Mailed check,64.7,1093.1,DSL,No,No,No,No,Yes,Yes,Female,0,No,Yes,No,1
31,2014-03-01,,Two year,Yes,Credit card (automatic),96.35,6766.95,Fiber optic,Yes,Yes,Yes,Yes,No,No,Female,1,Yes,No,Yes,0
32,2019-12-01,,Month-to-month,Yes,Credit card (automatic),95.5,181.65,Fiber optic,No,No,Yes,No,Yes,Yes,Male,1,Yes,No,No,0
33,2017-11-01,,One year,No,Mailed check,66.15,1874.45,DSL,Yes,Yes,Yes,Yes,No,No,Female,0,Yes,Yes,No,0
34,2020-01-01,,Month-to-month,No,Bank transfer (automatic),20.2,20.2,Fiber optic,No,No,No,No,No,No,Male,0,No,No,No,0
35,2020-01-01,,Month-to-month,No,Bank transfer (automatic),45.25,45.25,DSL,No,No,No,No,No,No,Male,1,No,No,No,0
36,2014-02-01,,Two year,No,Bank transfer (automatic),99.9,7251.7,Fiber optic,Yes,Yes,No,Yes,Yes,No,Female,0,Yes,Yes,Yes,0
37,2019-06-01,2019-11-01,Month-to-month,Yes,Electronic check,69.7,316.9,Fiber optic,No,No,No,No,No,No,Male,0,No,No,No,1
38,2016-04-01,,Month-to-month,Yes,Credit card (automatic),74.8,3548.3,Fiber optic,No,No,Yes,No,No,No,Female,0,No,No,No,0
39,2017-02-01,2019-12-01,Month-to-month,Yes,Electronic check,106.35,3549.25,Fiber optic,No,Yes,Yes,No,Yes,Yes,Male,0,No,No,Yes,1
40,2018-12-01,2019-11-01,Month-to-month,Yes,Bank transfer (automatic),97.85,1105.4,Fiber optic,No,No,Yes,No,Yes,Yes,Female,0,No,No,Yes,1
41,2019-04-01,,One year,No,Mailed check,49.55,475.7,DSL,No,Yes,No,No,No,No,Male,0,Yes,Yes,No,0
42,2014-04-01,,Two year,Yes,Credit card (automatic),69.2,4872.35,DSL,Yes,Yes,No,No,Yes,No,Female,0,Yes,Yes,Yes,0
43,2018-09-01,,One year,No,Mailed check,20.75,418.25,Fiber optic,No,No,No,No,No,No,Female,0,Yes,Yes,No,0
44,2014-11-01,,Two year,Yes,Credit card (automatic),79.85,4861.45,DSL,Yes,Yes,Yes,Yes,Yes,No,Female,0,No,No,Yes,0
45,2019-01-01,,Month-to-month,Yes,Electronic check,76.2,981.45,DSL,Yes,Yes,No,Yes,Yes,No,Female,0,Yes,No,Yes,0
46,2016-01-01,,Month-to-month,Yes,Electronic check,84.5,3906.7,Fiber optic,No,No,No,No,No,Yes,Female,0,No,No,Yes,0
47,2019-12-01,,Month-to-month,No,Mailed check,49.25,97.0,DSL,No,Yes,No,No,No,No,Male,0,No,No,No,0
48,2019-11-01,2020-01-01,Month-to-month,Yes,Electronic check,80.65,144.15,Fiber optic,No,No,No,No,Yes,No,Female,0,No,No,No,1
49,2015-10-01,,Two year,Yes,Credit card (automatic),79.75,4217.8,DSL,Yes,No,No,Yes,Yes,Yes,Male,0,No,No,Yes,0
50,2014-05-01,,Two year,Yes,Credit card (automatic),64.15,4254.1,DSL,Yes,No,Yes,Yes,No,No,Female,0,Yes,Yes,Yes,0
51,2016-07-01,,Month-to-month,Yes,Electronic check,90.25,3838.75,Fiber optic,No,Yes,No,No,Yes,No,Female,1,No,No,Yes,0
52,2018-09-01,2019-12-01,Month-to-month,Yes,Credit card (automatic),99.1,1426.4,Fiber optic,Yes,Yes,No,No,Yes,Yes,Female,0,No,No,No,1
53,2018-01-01,,Month-to-month,Yes,Credit card (automatic),69.5,1752.65,DSL,Yes,No,No,Yes,Yes,No,Female,1,Yes,No,Yes,0
54,2019-03-01,2019-11-01,Month-to-month,Yes,Credit card (automatic),80.65,633.3,Fiber optic,No,Yes,No,No,No,No,Female,1,Yes,No,Yes,1
55,2015-02-01,,One year,Yes,Credit card (automatic),74.85,4456.35,DSL,Yes,Yes,Yes,Yes,No,Yes,Female,1,Yes,Yes,No,0
56,2018-07-01,2020-01-01,Month-to-month,Yes,Electronic check,95.45,1752.55,Fiber optic,No,No,No,No,Yes,Yes,Male,1,No,No,Yes,1
57,2014-11-01,,One year,Yes,Credit card (automatic),99.65,6311.2,Fiber optic,Yes,No,No,No,Yes,Yes,Female,0,Yes,Yes,Yes,0
58,2014-08-01,,One year,Yes,Electronic check,108.45,7076.35,Fiber optic,No,Yes,Yes,Yes,Yes,Yes,Male,1,Yes,Yes,Yes,0
59,2017-04-01,,Two year,No,Credit card (automatic),24.95,894.3,Fiber optic,No,No,No,No,No,No,Female,0,Yes,Yes,Yes,0
60,2014-02-01,,Two year,Yes,Credit card (automatic),107.5,7853.7,Fiber optic,No,No,Yes,Yes,Yes,Yes,Female,0,No,No,Yes,0
61,2016-03-01,,Month-to-month,Yes,Electronic check,100.5,4707.1,Fiber optic,No,No,Yes,No,Yes,Yes,Female,0,Yes,No,Yes,0
62,2015-02-01,,Month-to-month,Yes,Bank transfer (automatic),89.9,5450.7,Fiber optic,No,Yes,No,No,Yes,No,Male,0,No,No,Yes,0
63,2014-02-01,,Two year,No,Bank transfer (automatic),42.1,2962.0,DSL,Yes,Yes,Yes,No,No,No,Male,0,Yes,No,No,0
64,2018-08-01,,One year,Yes,Credit card (automatic),54.4,957.1,DSL,No,No,Yes,Yes,No,No,Female,0,Yes,Yes,No,0
65,2019-04-01,2020-01-01,Month-to-month,No,Electronic check,94.4,857.25,Fiber optic,No,No,No,No,Yes,Yes,Female,0,No,No,Yes,1
66,2019-11-01,,Month-to-month,Yes,Electronic check,75.3,244.1,DSL,No,Yes,No,Yes,Yes,Yes,Female,0,No,No,No,0
67,2016-03-01,,One year,Yes,Electronic check,78.9,3650.35,Fiber optic,No,Yes,No,No,No,No,Male,0,Yes,No,Yes,0
68,2017-07-01,,Two year,No,Mailed check,79.2,2497.2,DSL,No,Yes,Yes,Yes,Yes,Yes,Female,0,No,No,No,0
69,2015-12-01,,Two year,No,Bank transfer (automatic),20.15,930.9,Fiber optic,No,No,No,No,No,No,Female,0,Yes,Yes,No,0
70,2019-04-01,,Month-to-month,Yes,Mailed check,79.85,887.35,Fiber optic,Yes,No,Yes,No,No,No,Male,0,No,No,No,0
71,2020-01-01,,Month-to-month,No,Mailed check,49.05,49.05,DSL,No,No,No,Yes,No,No,Male,0,No,No,No,0
72,2015-10-01,,One year,Yes,Electronic check,20.4,1090.65,Fiber optic,No,No,No,No,No,No,Female,0,Yes,Yes,No,0
73,2014-10-01,,Two year,Yes,Bank transfer (automatic),111.6,7099.0,Fiber optic,Yes,No,Yes,Yes,Yes,Yes,Male,1,Yes,Yes,Yes,0
74,2014-12-01,,Two year,Yes,Bank transfer (automatic),24.25,1424.6,Fiber optic,No,No,No,No,No,No,Male,0,Yes,Yes,Yes,0
75,2019-11-01,,Month-to-month,Yes,Bank transfer (automatic),64.5,177.4,DSL,Yes,No,No,Yes,No,Yes,Female,0,No,Yes,No,0
76,2015-06-01,,One year,No,Electronic check,110.5,6139.5,Fiber optic,Yes,Yes,Yes,No,Yes,Yes,Female,1,No,No,Yes,0
77,2016-04-01,,One year,No,Credit card (automatic),55.65,2688.85,DSL,No,No,No,No,No,Yes,Female,0,No,No,No,0
78,2019-06-01,,Month-to-month,No,Mailed check,54.65,482.25,DSL,Yes,Yes,No,No,No,No,Female,0,Yes,Yes,No,0
79,2017-08-01,,Month-to-month,Yes,Electronic check,74.75,2111.3,DSL,Yes,Yes,No,No,Yes,Yes,Male,1,No,No,No,0
80,2016-05-01,,One year,Yes,Credit card (automatic),25.9,1216.6,Fiber optic,No,No,No,No,No,No,Female,0,Yes,Yes,Yes,0
81,2019-11-01,2019-12-01,Month-to-month,Yes,Electronic check,79.35,79.35,Fiber optic,No,No,No,No,Yes,No,Female,0,No,Yes,No,1
82,2019-03-01,,Month-to-month,No,Electronic check,50.55,565.35,DSL,Yes,No,No,No,Yes,Yes,Female,0,Yes,Yes,No,0
83,2019-03-01,2019-10-01,Month-to-month,Yes,Bank transfer (automatic),75.15,496.9,Fiber optic,No,No,Yes,No,No,No,Female,0,Yes,No,No,1
84,2016-08-01,,Month-to-month,Yes,Bank transfer (automatic),103.8,4327.5,Fiber optic,No,Yes,Yes,Yes,Yes,Yes,Female,0,No,No,No,0
85,2016-01-01,,Two year,Yes,Bank transfer (automatic),20.15,973.35,Fiber optic,No,No,No,No,No,No,Female,0,Yes,No,No,0
86,2019-05-01,,Month-to-month,Yes,Credit card (automatic),99.3,918.75,Fiber optic,No,Yes,No,No,Yes,Yes,Male,0,No,No,Yes,0
87,2017-03-01,,One year,Yes,Bank transfer (automatic),62.15,2215.45,DSL,Yes,No,No,No,Yes,No,Female,0,Yes,No,No,0
88,2016-02-01,,Two year,No,Bank transfer (automatic),20.65,1057.0,Fiber optic,No,No,No,No,No,No,Female,0,Yes,Yes,No,0
89,2016-04-01,,Two year,Yes,Mailed check,19.95,927.1,Fiber optic,No,No,No,No,No,No,Female,0,Yes,Yes,No,0
90,2017-09-01,,Month-to-month,No,Mailed check,33.75,1009.25,DSL,No,No,No,No,Yes,No,Male,0,Yes,No,No,0
91,2017-08-01,,Month-to-month,No,Bank transfer (automatic),82.05,2570.2,Fiber optic,No,Yes,Yes,No,No,No,Male,0,Yes,Yes,No,0
92,2020-01-01,,Month-to-month,No,Electronic check,74.7,74.7,Fiber optic,No,No,No,Yes,No,No,Male,1,No,No,No,0
93,2014-08-01,,Two year,Yes,Mailed check,84.0,5714.25,DSL,Yes,No,Yes,Yes,Yes,Yes,Male,0,Yes,Yes,Yes,0
94,2014-09-01,,Month-to-month,Yes,Credit card (automatic),111.05,7107.0,Fiber optic,Yes,Yes,Yes,No,Yes,Yes,Female,0,No,No,Yes,0
95,2014-02-01,,Two year,Yes,Bank transfer (automatic),100.9,7459.05,Fiber optic,No,Yes,Yes,No,Yes,Yes,Male,0,No,No,Yes,0
96,2018-12-01,2019-12-01,Month-to-month,Yes,Electronic check,78.95,927.35,Fiber optic,Yes,No,No,No,No,No,Female,0,No,No,Yes,1
97,2014-03-01,,One year,Yes,Credit card (automatic),66.85,4748.7,DSL,Yes,Yes,No,Yes,No,No,Male,0,Yes,Yes,Yes,0
98,2019-06-01,2019-11-01,Month-to-month,No,Mailed check,21.05,113.85,Fiber optic,No,No,No,No,No,No,Male,0,No,No,No,1
99,2015-10-01,,Two year,No,Bank transfer (automatic),21.0,1107.2,Fiber optic,No,No,No,No,No,No,Male,0,No,No,No,0
100,2017-12-01,2020-01-01,Month-to-month,Yes,Electronic check,98.5,2514.5,Fiber optic,No,Yes,Yes,No,Yes,Yes,Female,1,Yes,No,No,1
101,2020-01-01,,Month-to-month,No,Electronic check,19.45,19.45,Fiber optic,No,No,No,No,No,No,Female,0,Yes,Yes,No,0
102,2016-12-01,,One year,No,Bank transfer (automatic),95.0,3605.6,Fiber optic,No,No,Yes,Yes,Yes,No,Male,0,No,No,Yes,0
103,2014-08-01,,One year,No,Bank transfer (automatic),45.55,3027.25,DSL,No,Yes,Yes,No,Yes,No,Female,1,Yes,No,No,0
104,2014-03-01,2019-11-01,Two year,Yes,Bank transfer (automatic),110.0,7611.85,Fiber optic,No,Yes,Yes,Yes,Yes,Yes,Male,0,Yes,No,Yes,1
105,2019-09-01,,Month-to-month,No,Mailed check,24.3,100.2,DSL,No,No,No,No,No,No,Male,0,No,No,No,0
106,2014-02-01,,One year,Yes,Electronic check,104.15,7303.05,Fiber optic,Yes,Yes,No,No,Yes,Yes,Female,0,Yes,Yes,Yes,0
107,2017-06-01,,One year,No,Mailed check,30.15,927.65,DSL,Yes,No,No,No,No,No,Female,0,No,No,No,0
108,2016-07-01,,One year,No,Mailed check,94.35,3921.3,Fiber optic,No,No,No,No,Yes,Yes,Male,0,No,No,Yes,0
109,2014-02-01,,Two year,No,Credit card (automatic),19.4,1363.25,Fiber optic,No,No,No,No,No,No,Male,0,Yes,Yes,No,0
110,2015-05-01,2019-12-01,Month-to-month,Yes,Electronic check,96.75,5238.9,Fiber optic,Yes,Yes,No,No,Yes,No,Male,0,Yes,No,Yes,1
111,2015-10-01,,One year,No,Credit card (automatic),57.95,3042.25,DSL,Yes,No,Yes,Yes,No,No,Female,0,No,No,No,0
112,2016-07-01,,Month-to-month,Yes,Electronic check,91.65,3954.1,Fiber optic,No,Yes,Yes,No,Yes,No,Female,0,No,No,No,0
113,2016-10-01,2019-11-01,Month-to-month,Yes,Electronic check,76.5,2868.15,Fiber optic,No,No,No,No,No,No,Female,1,Yes,No,Yes,1
114,2014-10-01,,Two year,Yes,Electronic check,54.6,3423.5,DSL,No,Yes,No,Yes,Yes,Yes,Female,0,Yes,Yes,No,0
115,2019-11-01,,Month-to-month,No,Electronic check,89.85,248.4,Fiber optic,Yes,Yes,No,No,Yes,No,Male,0,Yes,Yes,No,0
116,2017-02-01,,Two year,No,Bank transfer (automatic),31.05,1126.35,DSL,Yes,No,No,No,No,No,Female,0,No,No,No,0
117,2019-02-01,2019-12-01,Month-to-month,Yes,Electronic check,100.25,1064.65,Fiber optic,Yes,No,No,No,Yes,Yes,Female,0,Yes,Yes,Yes,1
118,2016-09-01,,Two year,No,Mailed check,20.65,835.15,Fiber optic,No,No,No,No,No,No,Female,0,No,No,No,0
119,2017-11-01,,Month-to-month,Yes,Credit card (automatic),85.2,2151.6,Fiber optic,No,Yes,No,Yes,No,No,Male,0,Yes,Yes,Yes,0
120,2015-06-01,,One year,Yes,Credit card (automatic),99.8,5515.45,Fiber optic,No,No,Yes,No,Yes,Yes,Female,0,Yes,Yes,Yes,0
121,2019-08-01,,Month-to-month,No,Mailed check,20.7,112.75,Fiber optic,No,No,No,No,No,No,Female,0,No,No,No,0
122,2019-09-01,2019-12-01,Month-to-month,Yes,Electronic check,74.4,229.55,Fiber optic,No,No,No,No,No,No,Male,0,No,No,Yes,1
123,2019-07-01,,Month-to-month,No,Mailed check,50.7,350.35,DSL,Yes,No,No,No,No,No,Female,0,Yes,Yes,No,0
124,2019-10-01,,Month-to-month,No,Mailed check,20.85,62.9,Fiber optic,No,No,No,No,No,No,Female,0,Yes,Yes,No,0
125,2017-05-01,,Two year,Yes,Electronic check,88.95,3027.65,Fiber optic,Yes,No,No,Yes,Yes,No,Male,0,No,No,No,0
126,2017-10-01,2020-01-01,Month-to-month,Yes,Electronic check,78.05,2135.5,Fiber optic,No,No,Yes,No,No,No,Female,1,No,No,Yes,1
127,2014-02-01,,Two year,Yes,Bank transfer (automatic),23.55,1723.95,Fiber optic,No,No,No,No,No,No,Male,0,Yes,No,Yes,0
128,2020-01-01,,Month-to-month,No,Mailed check,19.75,19.75,Fiber optic,No,No,No,No,No,No,Male,0,No,No,No,0
129,2014-03-01,,One year,Yes,Electronic check,56.45,3985.35,DSL,Yes,Yes,No,No,Yes,Yes,Male,1,No,No,No,0
130,2019-01-01,,Month-to-month,Yes,Electronic check,85.95,1215.65,Fiber optic,No,No,No,No,No,Yes,Female,0,No,No,Yes,0
131,2017-12-01,2020-01-01,Month-to-month,Yes,Credit card (automatic),58.6,1502.65,DSL,Yes,Yes,Yes,No,Yes,Yes,Female,0,Yes,Yes,No,1
132,2014-07-01,,Two year,No,Bank transfer (automatic),50.55,3260.1,DSL,No,No,No,Yes,No,No,Male,0,No,No,No,0
133,2019-12-01,2020-01-01,Month-to-month,Yes,Electronic check,35.45,35.45,DSL,No,No,No,No,No,Yes,Male,0,No,No,No,1
134,2019-11-01,2020-01-01,Month-to-month,No,Electronic check,44.35,81.25,DSL,No,No,No,No,No,No,Male,0,No,No,No,1
135,2016-07-01,,Two year,Yes,Credit card (automatic),25.7,1188.2,Fiber optic,No,No,No,No,No,No,Female,0,No,No,Yes,0
136,2018-03-01,,Month-to-month,Yes,Bank transfer (automatic),75.0,1778.5,Fiber optic,Yes,No,No,No,No,No,Female,0,No,No,No,0
137,2014-10-01,,Two year,No,Mailed check,20.2,1277.75,Fiber optic,No,No,No,No,No,No,Female,0,Yes,Yes,No,0
138,2015-05-01,,Two year,Yes,Mailed check,19.6,1170.55,Fiber optic,No,No,No,No,No,No,Male,0,No,Yes,No,0
139,2019-10-01,2019-11-01,Month-to-month,Yes,Mailed check,70.45,70.45,Fiber optic,No,No,No,No,No,No,Female,1,Yes,No,No,1
140,2014-02-01,,Two year,Yes,Credit card (automatic),88.05,6425.65,DSL,Yes,Yes,Yes,Yes,Yes,Yes,Female,1,Yes,Yes,Yes,0
141,2019-02-01,2019-10-01,Month-to-month,No,Electronic check,71.15,563.65,DSL,Yes,No,No,Yes,No,Yes,Female,0,No,No,Yes,1
142,2015-01-01,,Two year,Yes,Bank transfer (automatic),101.05,5971.25,Fiber optic,No,Yes,No,No,Yes,Yes,Female,0,Yes,No,Yes,0
143,2014-10-01,,One year,Yes,Credit card (automatic),84.3,5289.05,Fiber optic,Yes,Yes,No,No,No,No,Male,0,No,No,Yes,0
144,2014-03-01,,Two year,No,Bank transfer (automatic),23.95,1756.2,Fiber optic,No,No,No,No,No,No,Male,1,Yes,No,Yes,0
145,2014-09-01,,Two year,Yes,Credit card (automatic),99.05,6416.7,Fiber optic,Yes,Yes,No,Yes,Yes,No,Female,0,Yes,Yes,Yes,0
146,2019-11-01,,One year,No,Mailed check,19.6,61.35,Fiber optic,No,No,No,No,No,No,Male,0,No,No,No,0
147,2019-12-01,2020-01-01,Month-to-month,Yes,Electronic check,45.65,45.65,DSL,No,No,No,No,No,No,Male,0,No,No,No,1
148,2017-08-01,,One year,No,Credit card (automatic),64.5,1929.95,DSL,No,Yes,Yes,No,Yes,No,Male,0,No,Yes,No,0
149,2018-11-01,,Month-to-month,Yes,Mailed check,69.5,1071.4,DSL,No,Yes,Yes,Yes,No,Yes,Male,0,Yes,Yes,No,0
150,2019-06-01,,Month-to-month,Yes,Electronic check,68.55,564.35,DSL,No,No,No,Yes,Yes,Yes,Female,0,Yes,Yes,No,0
151,2019-06-01,2020-01-01,Month-to-month,No,Mailed check,95.0,655.5,Fiber optic,No,No,No,No,Yes,Yes,Male,0,No,No,Yes,1
152,2014-04-01,,One year,Yes,Credit card (automatic),108.15,7930.55,Fiber optic,Yes,Yes,Yes,No,Yes,Yes,Female,0,Yes,Yes,Yes,0
153,2014-12-01,,Two year,No,Electronic check,86.1,5215.25,DSL,Yes,Yes,Yes,Yes,Yes,Yes,Male,0,Yes,Yes,No,0
154,2019-08-01,,Month-to-month,No,Mailed check,19.7,113.5,Fiber optic,No,No,No,No,No,No,Female,0,Yes,Yes,No,0
155,2018-12-01,,Month-to-month,Yes,Bank transfer (automatic),80.9,1152.8,Fiber optic,No,No,No,No,No,Yes,Female,0,Yes,Yes,No,0
156,2018-04-01,,Month-to-month,Yes,Bank transfer (automatic),84.15,1821.95,Fiber optic,No,No,No,No,Yes,No,Female,0,No,No,Yes,0
157,2018-04-01,,One year,No,Mailed check,20.15,419.9,Fiber optic,No,No,No,No,No,No,Male,0,Yes,Yes,No,0
158,2018-10-01,,Two year,No,Mailed check,64.25,1024.0,DSL,Yes,No,Yes,No,Yes,No,Male,0,Yes,Yes,No,0
159,2019-04-01,,Two year,No,Bank transfer (automatic),25.7,251.6,Fiber optic,No,No,No,No,No,No,Male,0,No,No,Yes,0
160,2019-01-01,,Month-to-month,Yes,Electronic check,56.0,764.55,DSL,Yes,Yes,No,No,No,No,Female,0,No,Yes,No,0
161,2018-03-01,2019-11-01,Month-to-month,No,Electronic check,82.4,1592.35,Fiber optic,Yes,No,No,No,No,No,Female,0,Yes,No,Yes,1
162,2019-12-01,,Month-to-month,Yes,Electronic check,69.7,135.2,Fiber optic,No,No,No,No,No,No,Female,0,No,No,No,0
163,2015-09-01,,Two year,Yes,Bank transfer (automatic),73.9,3958.25,DSL,No,Yes,Yes,Yes,No,Yes,Male,0,No,No,Yes,0
164,2019-03-01,,One year,No,Mailed check,20.6,233.9,Fiber optic,No,No,No,No,No,No,Female,0,Yes,Yes,No,0
165,2014-05-01,,Two year,No,Mailed check,19.9,1363.45,Fiber optic,No,No,No,No,No,No,Male,0,Yes,No,No,0
166,2019-07-01,2019-11-01,Month-to-month,Yes,Bank transfer (automatic),70.9,273.0,Fiber optic,No,No,No,No,No,No,Female,0,No,No,No,1
167,2014-02-01,,Two year,Yes,Bank transfer (automatic),89.05,6254.45,DSL,Yes,Yes,Yes,Yes,Yes,Yes,Male,0,Yes,No,Yes,0
168,2015-03-01,2020-01-01,Month-to-month,Yes,Electronic check,45.3,2651.2,DSL,No,Yes,Yes,No,No,Yes,Male,1,Yes,No,No,1
169,2018-10-01,,Month-to-month,No,Electronic check,20.4,321.4,Fiber optic,No,No,No,No,No,No,Female,0,Yes,Yes,No,0
170,2016-07-01,,One year,Yes,Bank transfer (automatic),84.25,3539.25,Fiber optic,Yes,No,Yes,Yes,No,No,Male,0,Yes,No,No,0
171,2019-11-01,2020-01-01,Month-to-month,Yes,Electronic check,104.4,242.8,Fiber optic,No,No,Yes,Yes,Yes,Yes,Female,0,Yes,No,Yes,1
172,2018-12-01,,Two year,No,Mailed check,81.95,1181.75,DSL,No,Yes,Yes,Yes,Yes,Yes,Male,0,Yes,No,No,0
173,2015-05-01,2019-10-01,One year,Yes,Bank transfer (automatic),94.85,5000.2,Fiber optic,No,No,Yes,No,Yes,Yes,Female,0,Yes,No,No,1
174,2017-06-01,,One year,No,Bank transfer (automatic),20.55,654.55,Fiber optic,No,No,No,No,No,No,Female,0,No,No,No,0
175,2017-04-01,,Month-to-month,No,Electronic check,24.7,780.2,Fiber optic,No,No,No,No,No,No,Female,0,Yes,No,Yes,0
176,2018-07-01,2019-10-01,Month-to-month,Yes,Mailed check,74.45,1145.7,Fiber optic,No,No,No,No,No,No,Female,1,No,No,Yes,1
177,2019-06-01,2020-01-01,Month-to-month,No,Bank transfer (automatic),76.45,503.6,Fiber optic,Yes,No,No,No,No,No,Female,1,No,No,No,1
178,2018-11-01,,Month-to-month,Yes,Bank transfer (automatic),105.35,1559.25,Fiber optic,No,Yes,Yes,No,Yes,Yes,Female,0,Yes,Yes,Yes,0
179,2015-01-01,,One year,Yes,Credit card (automatic),20.55,1252.0,Fiber optic,No,No,No,No,No,No,Male,0,Yes,No,No,0
180,2019-12-01,2020-01-01,Month-to-month,No,Bank transfer (automatic),29.95,29.95,DSL,No,Yes,No,No,No,No,Female,0,No,No,No,1
181,2020-01-01,,Month-to-month,No,Mailed check,45.3,45.3,DSL,No,No,No,No,No,No,Female,0,No,No,No,0
182,2019-02-01,2019-10-01,Month-to-month,No,Bank transfer (automatic),84.5,662.65,Fiber optic,No,No,No,No,No,Yes,Male,0,No,No,Yes,1
183,2017-05-01,,One year,No,Credit card (automatic),74.75,2453.3,DSL,Yes,No,Yes,No,Yes,Yes,Male,0,Yes,Yes,No,0
184,2018-09-01,2019-10-01,Month-to-month,Yes,Electronic check,79.25,1111.65,Fiber optic,No,Yes,Yes,No,No,No,Female,0,No,No,No,1
185,2019-10-01,2019-11-01,Month-to-month,Yes,Electronic check,24.8,24.8,DSL,No,No,No,No,No,No,Female,0,Yes,No,No,1
186,2018-06-01,,Month-to-month,Yes,Mailed check,51.8,1023.85,DSL,No,Yes,No,No,No,No,Male,0,No,No,No,0
187,2019-11-01,,Month-to-month,No,Electronic check,30.4,82.15,DSL,No,No,No,Yes,No,No,Male,0,No,No,No,0
188,2019-01-01,,One year,No,Electronic check,19.65,244.8,Fiber optic,No,No,No,No,No,No,Female,0,No,No,No,0
189,2016-10-01,,Month-to-month,No,Credit card (automatic),56.6,2379.1,DSL,No,Yes,No,No,No,No,Female,0,Yes,No,Yes,0
190,2016-07-01,,One year,Yes,Credit card (automatic),71.9,3173.35,DSL,Yes,No,No,Yes,No,Yes,Male,0,Yes,Yes,Yes,0
191,2019-07-01,2020-01-01,Month-to-month,Yes,Electronic check,91.0,531.0,Fiber optic,No,Yes,Yes,No,No,Yes,Male,0,Yes,No,No,1
192,2014-05-01,,Two year,No,Bank transfer (automatic),19.75,1375.4,Fiber optic,No,No,No,No,No,No,Female,0,Yes,Yes,No,0
193,2014-02-01,,Two year,No,Credit card (automatic),109.7,8129.3,Fiber optic,Yes,Yes,Yes,No,Yes,Yes,Female,0,Yes,Yes,Yes,0
194,2015-03-01,,Two year,No,Credit card (automatic),19.3,1192.7,Fiber optic,No,No,No,No,No,No,Male,0,Yes,Yes,No,0
195,2018-06-01,,Month-to-month,Yes,Electronic check,96.55,1901.65,Fiber optic,Yes,Yes,No,Yes,Yes,No,Female,0,Yes,No,No,0
196,2018-02-01,,Two year,Yes,Bank transfer (automatic),24.1,587.4,Fiber optic,No,No,No,No,No,No,Male,0,Yes,Yes,Yes,0
197,2015-03-01,,Month-to-month,Yes,Electronic check,111.35,6519.75,Fiber optic,No,Yes,Yes,Yes,Yes,Yes,Male,0,No,No,Yes,0
198,2014-02-01,,Two year,Yes,Bank transfer (automatic),112.25,8041.65,Fiber optic,No,Yes,Yes,Yes,Yes,Yes,Male,0,Yes,Yes,Yes,0
199,2020-01-01,,Month-to-month,No,Mailed check,20.75,20.75,Fiber optic,No,No,No,No,No,No,Male,0,No,Yes,No,0
200,2017-11-01,,One year,Yes,Credit card (automatic),101.9,2681.15,Fiber optic,Yes,No,No,Yes,Yes,Yes,Female,0,Yes,No,No,0
201,2018-12-01,,Month-to-month,Yes,Credit card (automatic),80.05,1112.3,Fiber optic,No,Yes,No,Yes,No,No,Female,0,No,No,No,0
202,2014-03-01,,Two year,No,Electronic check,105.55,7405.5,Fiber optic,Yes,No,Yes,No,Yes,Yes,Male,0,Yes,Yes,Yes,0
203,2019-01-01,,Month-to-month,Yes,Credit card (automatic),78.3,1033.95,Fiber optic,No,No,No,No,Yes,No,Male,0,No,Yes,No,0
204,2016-06-01,,Month-to-month,No,Credit card (automatic),68.85,2958.95,Fiber optic,No,No,No,No,No,No,Male,0,No,No,No,0
205,2017-05-01,,One year,Yes,Bank transfer (automatic),79.95,2684.85,Fiber optic,No,Yes,No,Yes,No,No,Female,0,No,No,No,0
206,2014-02-01,,Two year,Yes,Credit card (automatic),55.45,4179.2,DSL,Yes,Yes,Yes,Yes,No,Yes,Male,0,Yes,Yes,No,0
207,2019-12-01,2020-01-01,Month-to-month,No,Electronic check,79.9,79.9,Fiber optic,No,No,No,No,No,Yes,Male,0,No,No,No,1
208,2018-06-01,2020-01-01,Month-to-month,Yes,Electronic check,106.6,1934.45,Fiber optic,Yes,No,Yes,Yes,Yes,Yes,Female,0,No,No,No,1
209,2014-10-01,,One year,Yes,Credit card (automatic),102.45,6654.1,Fiber optic,No,Yes,Yes,Yes,Yes,Yes,Male,0,Yes,No,No,0
210,2019-10-01,2019-12-01,Month-to-month,Yes,Credit card (automatic),46.0,84.5,DSL,No,No,No,No,No,No,Male,0,No,No,No,1
211,2020-01-01,,Month-to-month,No,Electronic check,25.25,25.25,DSL,No,No,No,No,No,No,Female,0,No,No,No,0
212,2015-01-01,,Two year,No,Mailed check,19.75,1124.2,Fiber optic,No,No,No,No,No,No,Male,0,No,Yes,No,0
213,2017-09-01,,One year,No,Electronic check,20.0,540.05,Fiber optic,No,No,No,No,No,No,Female,0,Yes,Yes,No,0
214,2018-03-01,,Month-to-month,No,Electronic check,86.8,1975.85,Fiber optic,No,No,No,No,No,Yes,Male,1,Yes,No,Yes,0
215,2015-05-01,,Month-to-month,Yes,Bank transfer (automatic),58.75,3437.45,DSL,Yes,Yes,Yes,No,Yes,Yes,Female,0,Yes,No,No,0
216,2014-02-01,,Two year,No,Credit card (automatic),45.25,3139.8,DSL,Yes,Yes,Yes,Yes,No,No,Male,0,Yes,Yes,No,0
217,2014-08-01,,Two year,Yes,Bank transfer (automatic),56.6,3789.2,DSL,Yes,Yes,Yes,Yes,Yes,No,Male,0,Yes,No,No,0
218,2014-09-01,,Two year,Yes,Bank transfer (automatic),84.2,5324.5,DSL,No,Yes,Yes,Yes,Yes,Yes,Male,0,Yes,Yes,Yes,0
219,2019-06-01,,Month-to-month,Yes,Bank transfer (automatic),80.0,624.6,Fiber optic,No,No,No,No,Yes,No,Female,0,No,No,No,0
220,2019-09-01,2020-01-01,Month-to-month,Yes,Electronic check,70.15,268.35,Fiber optic,No,No,No,No,No,No,Female,0,No,No,No,1
221,2014-03-01,,Two year,No,Bank transfer (automatic),24.75,1836.9,Fiber optic,No,No,No,No,No,No,Female,0,Yes,No,Yes,0
222,2020-01-01,,One year,Yes,Electronic check,20.2,20.2,Fiber optic,No,No,No,No,No,No,Male,0,Yes,Yes,No,0
223,2019-07-01,2019-11-01,Month-to-month,No,Mailed check,50.05,179.35,DSL,No,No,No,Yes,No,No,Male,0,Yes,No,No,1
224,2019-02-01,,One year,Yes,Bank transfer (automatic),19.35,219.35,Fiber optic,No,No,No,No,No,No,Female,0,No,No,No,0
225,2018-02-01,,One year,Yes,Mailed check,50.6,1288.75,DSL,Yes,No,No,No,Yes,Yes,Male,0,No,No,No,0
226,2017-07-01,,One year,Yes,Mailed check,81.15,2545.75,DSL,Yes,No,Yes,Yes,Yes,Yes,Female,0,Yes,Yes,No,0
227,2019-12-01,2020-01-01,Month-to-month,No,Mailed check,55.2,55.2,DSL,No,No,No,No,Yes,No,Female,0,Yes,No,No,1
228,2017-08-01,,Month-to-month,Yes,Credit card (automatic),89.9,2723.15,Fiber optic,No,No,No,Yes,No,Yes,Male,0,No,No,Yes,0
229,2016-03-01,,Two year,Yes,Credit card (automatic),85.3,4107.25,DSL,Yes,Yes,No,Yes,Yes,Yes,Female,0,Yes,Yes,Yes,0
230,2015-08-01,,Two year,Yes,Credit card (automatic),108.0,5760.65,Fiber optic,Yes,Yes,No,Yes,Yes,Yes,Male,0,No,No,Yes,0
231,2015-12-01,,Month-to-month,Yes,Credit card (automatic),93.5,4747.5,Fiber optic,Yes,Yes,No,Yes,No,Yes,Male,0,No,No,No,0
232,2019-10-01,2019-11-01,Month-to-month,Yes,Mailed check,84.6,84.6,Fiber optic,Yes,No,No,No,No,Yes,Male,0,No,No,No,1
233,2014-02-01,,Two year,No,Credit card (automatic),20.25,1566.9,Fiber optic,No,No,No,No,No,No,Female,0,No,No,No,0
234,2017-09-01,,Month-to-month,No,Electronic check,25.15,702.0,Fiber optic,No,No,No,No,No,No,Female,0,No,No,Yes,0
235,2019-10-01,2019-12-01,Month-to-month,Yes,Mailed check,54.4,114.1,DSL,No,Yes,No,No,No,No,Male,0,No,No,Yes,1
236,2019-04-01,,Two year,Yes,Mailed check,29.6,299.05,DSL,No,No,No,Yes,No,No,Female,0,No,No,No,0
237,2018-08-01,,Month-to-month,Yes,Electronic check,73.15,1305.95,Fiber optic,No,No,No,No,No,No,Male,0,Yes,No,Yes,0
238,2018-12-01,2019-11-01,Month-to-month,Yes,Electronic check,95.0,1120.3,Fiber optic,No,Yes,No,No,Yes,Yes,Female,1,No,No,No,1
239,2018-10-01,,Two year,No,Mailed check,19.75,284.35,Fiber optic,No,No,No,No,No,No,Male,0,No,No,No,0
240,2014-02-01,,Two year,No,Bank transfer (automatic),86.6,6350.5,DSL,No,Yes,Yes,Yes,Yes,Yes,Female,0,No,No,Yes,0
241,2014-02-01,,Two year,No,Bank transfer (automatic),109.2,7878.3,Fiber optic,No,Yes,Yes,Yes,Yes,Yes,Male,0,No,No,Yes,0
242,2016-09-01,,One year,Yes,Credit card (automatic),74.7,3187.65,DSL,Yes,No,No,Yes,Yes,Yes,Female,0,Yes,Yes,No,0
243,2014-09-01,,Month-to-month,No,Electronic check,94.4,6126.15,Fiber optic,Yes,Yes,Yes,No,No,Yes,Female,1,Yes,No,No,0
244,2019-01-01,,Month-to-month,Yes,Electronic check,54.8,731.3,DSL,No,Yes,Yes,No,No,No,Female,1,No,No,No,0
245,2019-10-01,,Month-to-month,No,Electronic check,75.35,273.4,Fiber optic,Yes,No,No,No,No,No,Male,1,No,No,No,0
246,2016-09-01,,One year,No,Mailed check,65.0,2531.8,DSL,No,No,Yes,No,No,Yes,Male,0,No,No,Yes,0
247,2018-10-01,2020-01-01,Month-to-month,Yes,Electronic check,74.4,1074.3,Fiber optic,No,Yes,No,No,No,No,Male,1,No,No,No,1
248,2019-09-01,2019-10-01,Month-to-month,Yes,Mailed check,48.55,48.55,DSL,Yes,No,No,No,No,No,Male,0,No,No,No,1
249,2016-08-01,,One year,Yes,Electronic check,99.0,4298.45,Fiber optic,Yes,Yes,Yes,No,No,Yes,Male,0,No,No,Yes,0
250,2015-11-01,,One year,Yes,Electronic check,93.5,4619.55,Fiber optic,Yes,Yes,Yes,No,Yes,No,Female,0,Yes,No,No,0
251,2019-09-01,2019-11-01,Month-to-month,No,Electronic check,70.4,147.15,Fiber optic,No,No,No,No,No,No,Female,0,Yes,Yes,No,1
252,2019-11-01,2019-12-01,Month-to-month,No,Electronic check,40.2,40.2,DSL,No,Yes,No,No,Yes,No,Male,1,Yes,No,No,1
253,2017-06-01,,One year,No,Credit card (automatic),83.7,2633.3,DSL,No,Yes,Yes,Yes,Yes,Yes,Male,0,No,Yes,Yes,0
254,2019-04-01,,Month-to-month,Yes,Mailed check,19.85,193.05,Fiber optic,No,No,No,No,No,No,Male,0,No,No,No,0
255,2014-07-01,,Two year,Yes,Electronic check,59.55,4103.9,DSL,No,Yes,Yes,Yes,Yes,Yes,Female,0,Yes,Yes,No,0
256,2015-01-01,,Two year,No,Credit card (automatic),115.1,7008.15,Fiber optic,Yes,Yes,Yes,Yes,Yes,Yes,Female,0,Yes,Yes,Yes,0
257,2015-12-01,,One year,No,Credit card (automatic),114.35,5791.1,Fiber optic,Yes,Yes,Yes,Yes,Yes,Yes,Male,0,No,No,Yes,0
258,2019-08-01,2019-10-01,Month-to-month,Yes,Credit card (automatic),44.6,80.55,DSL,No,No,No,No,No,No,Female,0,Yes,No,No,1
259,2017-09-01,,Month-to-month,Yes,Electronic check,45.0,1228.65,DSL,Yes,No,Yes,No,No,Yes,Female,1,Yes,No,No,0
260,2019-08-01,2019-11-01,Month-to-month,Yes,Electronic check,41.15,132.2,DSL,No,No,Yes,No,No,Yes,Male,1,No,No,No,1
261,2018-12-01,2020-01-01,Month-to-month,Yes,Electronic check,106.9,1364.3,Fiber optic,No,Yes,Yes,No,Yes,Yes,Male,1,No,No,Yes,1
262,2015-05-01,,Month-to-month,Yes,Electronic check,89.85,4925.35,Fiber optic,No,Yes,No,No,No,Yes,Male,1,Yes,No,Yes,0
263,2017-07-01,,Two year,Yes,Bank transfer (automatic),49.85,1520.1,DSL,Yes,Yes,No,Yes,No,Yes,Female,0,No,No,No,0
264,2016-05-01,,One year,No,Mailed check,113.3,5032.25,Fiber optic,Yes,Yes,Yes,Yes,Yes,Yes,Female,0,Yes,No,Yes,0
265,2015-01-01,,Two year,No,Mailed check,88.1,5526.75,DSL,Yes,Yes,Yes,Yes,Yes,Yes,Female,0,Yes,Yes,Yes,0
266,2015-12-01,,Two year,No,Bank transfer (automatic),24.9,1195.25,Fiber optic,No,No,No,No,No,No,Male,0,No,No,Yes,0
267,2018-07-01,,Month-to-month,Yes,Mailed check,105.0,2007.25,Fiber optic,Yes,Yes,No,Yes,Yes,Yes,Female,1,No,No,No,0
268,2015-02-01,2020-01-01,Two year,No,Mailed check,19.35,1099.6,Fiber optic,No,No,No,No,No,No,Male,0,No,No,No,1
269,2014-03-01,,Two year,Yes,Credit card (automatic),24.25,1732.95,Fiber optic,No,No,No,No,No,No,Female,0,Yes,No,Yes,0
270,2018-06-01,2019-10-01,Month-to-month,Yes,Electronic check,94.45,1511.2,Fiber optic,No,No,No,Yes,Yes,Yes,Female,1,No,No,No,1
271,2015-05-01,,Two year,Yes,Electronic check,59.75,3450.15,DSL,Yes,Yes,No,Yes,No,No,Male,0,Yes,No,No,0
272,2019-11-01,2019-12-01,Month-to-month,No,Bank transfer (automatic),24.8,24.8,DSL,No,No,No,No,No,No,Male,0,No,No,No,1
273,2018-06-01,,Month-to-month,No,Electronic check,107.05,2172.05,Fiber optic,No,Yes,No,Yes,Yes,Yes,Male,1,Yes,No,Yes,0
274,2019-12-01,2020-01-01,Month-to-month,No,Mailed check,70.6,70.6,Fiber optic,No,No,No,No,No,No,Male,0,No,No,No,1
275,2019-05-01,2019-10-01,Month-to-month,Yes,Electronic check,85.4,401.1,Fiber optic,No,Yes,No,Yes,No,No,Male,0,Yes,No,Yes,1
276,2015-09-01,2020-01-01,Month-to-month,Yes,Electronic check,105.05,5624.85,Fiber optic,No,Yes,Yes,No,Yes,Yes,Female,0,Yes,No,Yes,1
277,2018-05-01,,Month-to-month,Yes,Bank transfer (automatic),64.95,1339.8,DSL,Yes,Yes,No,No,No,Yes,Male,1,Yes,No,No,0
278,2018-12-01,,Month-to-month,Yes,Electronic check,55.0,771.95,DSL,No,No,Yes,Yes,Yes,Yes,Male,0,No,No,No,0
279,2019-09-01,,Month-to-month,No,Bank transfer (automatic),50.55,244.75,DSL,No,Yes,No,No,No,No,Female,0,No,No,No,0
280,2019-08-01,,Month-to-month,No,Mailed check,55.15,322.9,DSL,Yes,Yes,No,No,No,No,Female,0,No,No,No,0
281,2019-04-01,,Month-to-month,No,Electronic check,51.2,498.25,DSL,No,Yes,No,No,No,No,Female,0,No,No,No,0
282,2020-01-01,,Month-to-month,No,Mailed check,25.4,25.4,Fiber optic,No,No,No,No,No,No,Female,0,No,Yes,Yes,0
283,2014-06-01,,Month-to-month,No,Mailed check,54.45,3687.75,DSL,Yes,No,No,No,No,No,Female,0,No,No,Yes,0
284,2018-06-01,2019-12-01,Month-to-month,No,Mailed check,95.15,1779.95,Fiber optic,No,No,Yes,No,Yes,Yes,Male,0,Yes,Yes,No,1
285,2018-04-01,,One year,Yes,Credit card (automatic),76.0,1783.6,Fiber optic,No,No,No,No,No,No,Female,0,No,No,Yes,0
286,2018-06-01,,Month-to-month,Yes,Electronic check,44.35,927.15,DSL,No,No,No,No,No,No,Female,0,No,No,No,0
287,2019-09-01,2019-10-01,Month-to-month,No,Electronic check,70.0,70.0,Fiber optic,No,No,No,No,No,No,Male,0,Yes,No,No,1
288,2019-02-01,2019-10-01,Month-to-month,Yes,Electronic check,74.5,606.55,Fiber optic,No,Yes,No,No,No,No,Male,1,No,No,No,1
289,2019-03-01,2020-01-01,Month-to-month,Yes,Credit card (automatic),44.85,435.4,DSL,No,No,No,No,No,No,Male,0,No,No,No,1
290,2017-11-01,2019-11-01,Month-to-month,Yes,Electronic check,76.1,1712.7,Fiber optic,No,No,No,No,No,No,Male,1,No,No,Yes,1
291,2017-03-01,,One year,No,Mailed check,61.2,2021.2,DSL,Yes,Yes,Yes,No,No,No,Male,0,No,No,No,0
292,2018-03-01,,One year,No,Mailed check,86.8,1940.8,Fiber optic,No,Yes,Yes,Yes,No,No,Male,0,Yes,Yes,No,0
293,2019-08-01,,Month-to-month,Yes,Electronic check,89.35,567.8,Fiber optic,No,No,No,No,Yes,Yes,Female,1,No,No,No,0
294,2019-02-01,,Month-to-month,No,Mailed check,19.7,220.35,Fiber optic,No,No,No,No,No,No,Female,0,No,No,No,0
295,2020-01-01,,Month-to-month,No,Mailed check,20.25,20.25,Fiber optic,No,No,No,No,No,No,Male,0,No,No,No,0
296,2014-03-01,,Two year,No,Electronic check,76.05,5436.45,Fiber optic,No,No,Yes,No,No,No,Female,0,Yes,Yes,No,0
297,2017-03-01,,Month-to-month,Yes,Electronic check,100.8,3437.5,Fiber optic,No,No,Yes,No,Yes,Yes,Male,1,Yes,No,Yes,0
298,2016-10-01,,Month-to-month,Yes,Electronic check,74.55,3015.75,DSL,No,No,Yes,No,Yes,Yes,Male,0,Yes,Yes,Yes,0
299,2019-11-01,2019-12-01,Month-to-month,Yes,Mailed check,73.6,73.6,Fiber optic,Yes,No,No,No,No,No,Female,0,No,Yes,No,1
300,2018-03-01,,One year,Yes,Bank transfer (automatic),64.9,1509.8,DSL,No,No,No,No,Yes,Yes,Male,0,No,No,No,0
301,2019-06-01,2019-10-01,Month-to-month,Yes,Electronic check,95.45,396.1,Fiber optic,No,No,No,No,Yes,Yes,Female,1,No,No,Yes,1
302,2019-10-01,,Month-to-month,Yes,Electronic check,90.4,356.65,Fiber optic,No,No,Yes,Yes,No,Yes,Male,0,No,No,No,0
303,2014-06-01,,Two year,No,Credit card (automatic),60.3,4109.0,DSL,No,Yes,Yes,Yes,Yes,Yes,Female,0,Yes,Yes,No,0
304,2016-12-01,,Month-to-month,Yes,Mailed check,81.85,3141.7,Fiber optic,No,Yes,No,No,No,No,Male,0,No,Yes,Yes,0
305,2015-10-01,,Two year,No,Mailed check,24.8,1229.1,Fiber optic,No,No,No,No,No,No,Male,0,Yes,Yes,Yes,0
306,2017-04-01,2019-12-01,Month-to-month,Yes,Electronic check,74.9,2303.35,Fiber optic,No,No,No,No,No,No,Male,1,Yes,No,Yes,1
307,2017-09-01,,Two year,No,Mailed check,75.55,2054.4,DSL,No,No,Yes,Yes,Yes,Yes,Male,0,Yes,Yes,No,0
308,2016-12-01,,Month-to-month,No,Electronic check,101.15,3741.85,Fiber optic,No,Yes,No,No,Yes,Yes,Male,1,Yes,Yes,Yes,0
309,2016-02-01,,One year,Yes,Credit card (automatic),78.75,3682.45,DSL,Yes,No,Yes,No,Yes,Yes,Male,0,No,Yes,Yes,0
310,2020-01-01,,Month-to-month,Yes,Bank transfer (automatic),19.25,19.25,Fiber optic,No,No,No,No,No,No,Female,0,No,No,No,0
311,2018-04-01,,Month-to-month,Yes,Electronic check,89.05,1886.25,Fiber optic,Yes,No,No,Yes,No,Yes,Female,0,No,No,No,0
312,2016-07-01,,Two year,No,Credit card (automatic),115.05,4895.1,Fiber optic,Yes,Yes,Yes,Yes,Yes,Yes,Female,0,No,No,Yes,0
313,2019-09-01,,Month-to-month,Yes,Electronic check,69.35,341.6,Fiber optic,No,No,No,No,No,No,Female,1,Yes,No,No,0
314,2019-05-01,2019-10-01,Month-to-month,Yes,Electronic check,80.6,415.55,Fiber optic,No,No,No,No,Yes,No,Male,0,No,No,No,1
315,2015-11-01,,One year,No,Credit card (automatic),110.05,5686.4,Fiber optic,Yes,Yes,No,Yes,Yes,Yes,Male,0,Yes,Yes,Yes,0
316,2014-03-01,,Two year,Yes,Credit card (automatic),19.9,1355.1,Fiber optic,No,No,No,No,No,No,Male,0,No,No,No,0
317,2016-08-01,2019-10-01,One year,No,Credit card (automatic),80.3,3058.65,DSL,Yes,Yes,No,Yes,Yes,Yes,Female,0,Yes,Yes,No,1
318,2017-12-01,2019-12-01,Month-to-month,Yes,Electronic check,93.15,2231.05,Fiber optic,No,No,Yes,No,Yes,Yes,Male,1,Yes,No,No,1
319,2017-03-01,,Month-to-month,Yes,Credit card (automatic),91.5,3236.35,Fiber optic,No,No,No,Yes,Yes,No,Male,0,Yes,No,Yes,0
320,2015-05-01,2019-11-01,One year,No,Bank transfer (automatic),82.45,4350.1,DSL,Yes,Yes,No,Yes,Yes,Yes,Female,1,No,No,Yes,1
321,2014-02-01,,Two year,Yes,Electronic check,60.0,4264.0,DSL,No,Yes,Yes,Yes,Yes,Yes,Female,0,Yes,Yes,No,0
322,2020-01-01,,Month-to-month,Yes,Electronic check,44.8,44.8,DSL,No,No,No,No,No,No,Male,0,No,No,No,0
323,2019-05-01,,One year,No,Mailed check,48.6,422.3,DSL,Yes,No,No,No,No,No,Female,0,Yes,Yes,No,0
324,2014-05-01,,Two year,Yes,Bank transfer (automatic),60.05,4176.7,DSL,Yes,Yes,No,Yes,Yes,Yes,Male,0,No,No,No,0
325,2015-10-01,,Month-to-month,Yes,Credit card (automatic),102.7,5138.1,Fiber optic,No,Yes,No,Yes,Yes,Yes,Female,0,Yes,No,Yes,0
326,2019-03-01,,Month-to-month,Yes,Electronic check,82.9,880.05,Fiber optic,No,No,No,Yes,Yes,No,Female,1,Yes,No,No,0
327,2019-10-01,2019-12-01,Month-to-month,Yes,Electronic check,70.35,139.05,Fiber optic,No,No,No,No,No,No,Female,1,No,No,No,1
328,2017-10-01,,Month-to-month,Yes,Electronic check,35.9,973.65,DSL,No,No,No,No,Yes,No,Female,1,Yes,Yes,No,0
329,2018-09-01,,Month-to-month,Yes,Credit card (automatic),82.65,1470.05,Fiber optic,No,No,Yes,No,No,No,Female,1,No,No,Yes,0
330,2017-03-01,,Two year,Yes,Mailed check,19.85,739.35,Fiber optic,No,No,No,No,No,No,Female,0,Yes,Yes,No,0
331,2019-06-01,,One year,Yes,Mailed check,19.2,161.95,Fiber optic,No,No,No,No,No,No,Female,0,No,No,No,0
332,2016-04-01,,One year,Yes,Credit card (automatic),94.9,4422.95,Fiber optic,No,Yes,Yes,No,Yes,No,Male,0,No,No,Yes,0
333,2019-05-01,2019-12-01,Month-to-month,Yes,Electronic check,73.85,511.25,Fiber optic,No,No,No,No,No,No,Female,0,No,No,Yes,1
334,2019-10-01,2019-12-01,Month-to-month,No,Mailed check,80.6,155.8,Fiber optic,No,No,Yes,No,No,No,Female,0,No,No,Yes,1
335,2014-03-01,2019-11-01,One year,Yes,Bank transfer (automatic),75.8,5293.95,DSL,No,Yes,Yes,Yes,No,Yes,Male,0,Yes,Yes,Yes,1
336,2016-05-01,2019-12-01,Two year,Yes,Electronic check,104.6,4759.85,Fiber optic,No,Yes,Yes,No,Yes,Yes,Female,0,No,No,Yes,1
337,2014-06-01,,Two year,Yes,Electronic check,88.15,6148.45,DSL,Yes,Yes,Yes,Yes,Yes,Yes,Female,0,No,No,Yes,0
338,2017-02-01,,Month-to-month,Yes,Credit card (automatic),94.8,3565.65,Fiber optic,No,Yes,No,No,Yes,Yes,Female,0,No,No,No,0
339,2014-09-01,2019-12-01,Month-to-month,Yes,Electronic check,103.4,6603.0,Fiber optic,No,Yes,Yes,No,Yes,Yes,Male,0,Yes,No,Yes,1
340,2017-06-01,,Month-to-month,No,Bank transfer (automatic),54.65,1830.1,DSL,No,Yes,No,Yes,No,No,Female,1,No,No,No,0
341,2014-03-01,,Two year,No,Credit card (automatic),85.75,6223.8,DSL,Yes,Yes,Yes,Yes,Yes,Yes,Female,0,Yes,No,Yes,0
342,2014-08-01,,Month-to-month,Yes,Bank transfer (automatic),67.45,4508.65,DSL,Yes,Yes,Yes,No,No,No,Female,0,Yes,Yes,Yes,0
343,2014-11-01,,One year,No,Mailed check,20.5,1328.15,Fiber optic,No,No,No,No,No,No,Male,0,No,No,No,0
344,2016-09-01,,One year,Yes,Credit card (automatic),20.25,865.0,Fiber optic,No,No,No,No,No,No,Female,0,No,Yes,No,0
345,2020-01-01,,Month-to-month,Yes,Electronic check,72.1,72.1,Fiber optic,No,No,No,No,No,No,Female,1,No,No,Yes,0
346,2019-11-01,2020-01-01,Month-to-month,Yes,Electronic check,90.4,168.2,Fiber optic,No,No,No,No,Yes,Yes,Female,0,No,No,No,1
347,2014-04-01,,Two year,No,Bank transfer (automatic),19.45,1303.5,Fiber optic,No,No,No,No,No,No,Female,0,Yes,No,No,0
348,2018-03-01,,Month-to-month,Yes,Electronic check,44.95,996.85,DSL,No,No,No,No,Yes,Yes,Female,0,No,No,No,0
349,2014-10-01,,One year,No,Bank transfer (automatic),97.0,6430.9,Fiber optic,Yes,Yes,Yes,No,No,Yes,Female,1,Yes,No,No,0
350,2017-01-01,,Two year,Yes,Credit card (automatic),62.8,2278.75,DSL,Yes,No,Yes,Yes,No,No,Male,0,Yes,Yes,Yes,0
351,2018-09-01,,One year,No,Mailed check,44.6,681.4,DSL,No,No,No,No,No,No,Male,0,No,Yes,No,0
352,2019-07-01,,Month-to-month,Yes,Electronic check,89.15,574.35,Fiber optic,No,No,No,No,Yes,Yes,Female,1,No,No,No,0
353,2019-07-01,2019-11-01,Month-to-month,Yes,Bank transfer (automatic),84.8,371.9,Fiber optic,No,Yes,Yes,No,No,No,Male,0,Yes,Yes,Yes,1
354,2018-04-01,2020-01-01,Month-to-month,Yes,Electronic check,41.9,840.1,DSL,Yes,No,No,No,Yes,No,Female,1,No,No,No,1
355,2019-01-01,2019-11-01,Month-to-month,Yes,Bank transfer (automatic),80.25,846.0,Fiber optic,No,No,No,No,No,Yes,Female,0,No,No,No,1
356,2018-10-01,,Month-to-month,Yes,Electronic check,54.1,889.0,DSL,Yes,No,No,No,No,No,Female,1,No,No,Yes,0
357,2014-10-01,,Two year,Yes,Electronic check,105.25,6823.4,Fiber optic,No,Yes,No,Yes,Yes,Yes,Male,0,Yes,No,Yes,0
358,2017-10-01,2020-01-01,Month-to-month,No,Credit card (automatic),30.75,805.1,DSL,Yes,No,No,No,No,No,Male,1,Yes,No,No,1
359,2016-08-01,,One year,No,Electronic check,97.1,4016.75,Fiber optic,Yes,No,No,No,Yes,Yes,Male,0,Yes,Yes,Yes,0
360,2019-09-01,,Month-to-month,No,Mailed check,20.2,83.75,Fiber optic,No,No,No,No,No,No,Male,0,No,Yes,No,0
361,2016-09-01,,Two year,Yes,Bank transfer (automatic),98.8,3959.15,Fiber optic,No,Yes,No,Yes,Yes,Yes,Female,0,No,No,No,0
362,2015-04-01,,One year,No,Credit card (automatic),50.3,2878.55,DSL,No,No,Yes,No,No,No,Male,0,Yes,No,No,0
363,2016-03-01,,Two year,Yes,Mailed check,20.55,945.7,Fiber optic,No,No,No,No,No,No,Female,0,No,No,No,0
364,2018-08-01,,Month-to-month,Yes,Bank transfer (automatic),75.9,1373.05,Fiber optic,No,No,No,Yes,No,No,Male,0,No,No,No,0
365,2019-08-01,2020-01-01,Month-to-month,No,Bank transfer (automatic),96.5,492.55,Fiber optic,No,No,Yes,No,Yes,Yes,Male,0,No,No,No,1
366,2018-03-01,,Month-to-month,Yes,Bank transfer (automatic),59.95,1406.0,DSL,Yes,No,No,No,No,Yes,Male,0,Yes,No,No,0
367,2020-01-01,,Month-to-month,No,Mailed check,19.15,19.15,Fiber optic,No,No,No,No,No,No,Female,0,No,No,No,0
368,2014-03-01,,One year,Yes,Credit card (automatic),98.65,6962.85,Fiber optic,No,No,Yes,No,Yes,Yes,Male,0,Yes,No,Yes,0
369,2014-02-01,,Two year,Yes,Credit card (automatic),112.6,8126.65,Fiber optic,Yes,Yes,Yes,Yes,Yes,Yes,Male,0,Yes,Yes,Yes,0
370,2017-05-01,,One year,No,Mailed check,20.6,690.25,Fiber optic,No,No,No,No,No,No,Male,0,Yes,Yes,No,0
371,2019-08-01,2019-10-01,Month-to-month,Yes,Electronic check,85.65,181.5,Fiber optic,No,No,No,No,Yes,No,Male,0,No,No,Yes,1
372,2018-02-01,,Two year,No,Mailed check,35.75,830.8,DSL,Yes,No,No,Yes,No,No,Male,0,No,Yes,No,0
373,2015-06-01,,One year,Yes,Credit card (automatic),99.75,5608.4,Fiber optic,No,Yes,Yes,Yes,No,Yes,Female,0,Yes,Yes,Yes,0
374,2017-01-01,,Month-to-month,Yes,Credit card (automatic),96.1,3646.8,Fiber optic,No,Yes,No,No,Yes,Yes,Male,0,No,No,No,0
375,2016-07-01,,One year,No,Credit card (automatic),85.1,3662.25,DSL,No,Yes,Yes,Yes,Yes,Yes,Female,0,No,No,Yes,0
376,2020-01-01,,Month-to-month,No,Mailed check,25.35,25.35,DSL,No,No,No,No,No,No,Male,0,No,No,No,0
377,2017-11-01,2019-12-01,Month-to-month,Yes,Bank transfer (automatic),104.95,2566.5,Fiber optic,No,No,Yes,Yes,Yes,Yes,Female,0,Yes,No,Yes,1
378,2015-01-01,,Two year,No,Electronic check,89.65,5308.7,DSL,Yes,Yes,Yes,Yes,Yes,Yes,Female,0,No,No,Yes,0
379,2018-09-01,,One year,No,Electronic check,86.75,1410.25,Fiber optic,No,No,Yes,Yes,No,No,Male,0,No,No,Yes,0
380,2016-09-01,,One year,Yes,Bank transfer (automatic),86.2,3339.05,Fiber optic,No,Yes,Yes,Yes,No,No,Female,0,Yes,No,No,0
381,2019-09-01,2019-10-01,Month-to-month,No,Mailed check,50.65,50.65,DSL,No,Yes,No,No,No,No,Male,0,No,No,No,1
382,2014-02-01,,Two year,Yes,Bank transfer (automatic),64.8,4732.35,DSL,Yes,Yes,Yes,Yes,Yes,Yes,Male,1,Yes,Yes,No,0
383,2019-10-01,2019-11-01,Month-to-month,Yes,Credit card (automatic),90.85,90.85,Fiber optic,No,Yes,No,No,No,Yes,Male,0,No,No,Yes,1
384,2016-02-01,,Two year,Yes,Bank transfer (automatic),108.1,5067.45,Fiber optic,No,Yes,Yes,No,Yes,Yes,Male,0,No,No,Yes,0
385,2019-01-01,2019-12-01,Month-to-month,No,Mailed check,19.95,214.75,Fiber optic,No,No,No,No,No,No,Male,1,Yes,No,No,1
386,2015-05-01,2019-12-01,Month-to-month,Yes,Electronic check,85.45,4874.7,Fiber optic,No,Yes,Yes,No,No,No,Female,1,Yes,No,Yes,1
387,2016-08-01,,One year,Yes,Electronic check,54.75,2348.45,DSL,Yes,Yes,Yes,Yes,No,Yes,Female,0,No,No,No,0
388,2016-06-01,,Month-to-month,Yes,Mailed check,90.4,4063.0,Fiber optic,No,No,Yes,No,No,Yes,Male,0,No,No,Yes,0
389,2020-01-01,,Month-to-month,No,Electronic check,44.0,44.0,DSL,No,No,No,No,No,No,Male,0,No,Yes,No,0
390,2017-11-01,,Month-to-month,Yes,Bank transfer (automatic),95.6,2595.25,Fiber optic,No,No,No,No,Yes,Yes,Female,0,No,No,Yes,0
391,2017-11-01,,Month-to-month,Yes,Bank transfer (automatic),84.8,2309.55,DSL,No,Yes,Yes,Yes,Yes,Yes,Male,1,Yes,No,Yes,0
392,2019-12-01,,Month-to-month,Yes,Electronic check,44.3,89.3,DSL,No,No,No,No,No,No,Female,1,No,No,No,0
393,2018-07-01,,Month-to-month,No,Mailed check,19.9,367.55,Fiber optic,No,No,No,No,No,No,Female,0,No,No,No,0
394,2016-08-01,,Month-to-month,Yes,Electronic check,95.05,3944.5,Fiber optic,No,No,No,No,Yes,Yes,Female,1,Yes,No,Yes,0
395,2014-08-01,,Two year,Yes,Credit card (automatic),90.05,5965.95,DSL,Yes,Yes,Yes,Yes,Yes,Yes,Female,0,No,No,Yes,0
396,2017-05-01,,Month-to-month,Yes,Bank transfer (automatic),109.9,3694.7,Fiber optic,Yes,No,Yes,Yes,Yes,Yes,Male,1,Yes,No,Yes,0
397,2017-03-01,2020-01-01,Month-to-month,Yes,Credit card (automatic),73.95,2524.45,Fiber optic,No,Yes,No,No,No,No,Female,0,No,No,No,1
398,2017-05-01,,Month-to-month,Yes,Electronic check,54.6,1803.7,DSL,No,No,Yes,Yes,Yes,Yes,Male,1,No,No,No,0
399,2018-03-01,,One year,No,Mailed check,20.05,415.1,Fiber optic,No,No,No,No,No,No,Female,0,Yes,Yes,No,0
400,2017-06-01,,One year,No,Bank transfer (automatic),19.75,624.15,Fiber optic,No,No,No,No,No,No,Female,0,No,No,No,0
401,2019-03-01,,One year,No,Credit card (automatic),20.05,237.7,Fiber optic,No,No,No,No,No,No,Female,0,No,No,No,0
402,2014-03-01,2019-12-01,Month-to-month,Yes,Credit card (automatic),99.45,7007.6,Fiber optic,No,No,Yes,No,Yes,Yes,Male,0,Yes,Yes,Yes,1
403,2014-06-01,,One year,No,Bank transfer (automatic),55.9,3848.8,DSL,Yes,No,No,Yes,No,No,Female,0,Yes,No,No,0
404,2018-06-01,,Two year,Yes,Mailed check,19.7,419.4,Fiber optic,No,No,No,No,No,No,Male,0,No,No,No,0
405,2014-02-01,,Two year,Yes,Credit card (automatic),19.8,1468.75,Fiber optic,No,No,No,No,No,No,Male,0,No,No,No,0
406,2015-02-01,,One year,Yes,Bank transfer (automatic),95.4,5812.0,Fiber optic,Yes,No,Yes,No,Yes,No,Male,0,Yes,Yes,Yes,0
407,2017-06-01,,Month-to-month,Yes,Mailed check,93.95,2861.45,Fiber optic,No,Yes,No,No,Yes,Yes,Male,1,Yes,Yes,No,0
408,2019-12-01,2020-01-01,Month-to-month,Yes,Mailed check,19.9,19.9,Fiber optic,No,No,No,No,No,No,Female,0,No,No,No,1
409,2019-09-01,2019-10-01,Month-to-month,Yes,Mailed check,19.6,19.6,Fiber optic,No,No,No,No,No,No,Male,0,No,No,No,1
410,2019-10-01,2020-01-01,Month-to-month,Yes,Electronic check,81.35,233.7,Fiber optic,No,Yes,No,No,No,No,Male,1,No,No,Yes,1
411,2016-04-01,,One year,Yes,Bank transfer (automatic),24.45,1066.15,Fiber optic,No,No,No,No,No,No,Female,0,Yes,No,Yes,0
412,2017-09-01,,Month-to-month,Yes,Electronic check,74.95,2149.05,Fiber optic,No,No,No,No,No,No,Female,0,Yes,No,Yes,0
413,2015-11-01,,Month-to-month,Yes,Electronic check,87.35,4473.0,Fiber optic,No,Yes,Yes,Yes,No,No,Male,0,No,No,Yes,0
414,2016-02-01,,Month-to-month,Yes,Bank transfer (automatic),70.65,3545.05,Fiber optic,No,No,No,No,No,No,Female,1,Yes,No,No,0
415,2018-10-01,,Month-to-month,No,Bank transfer (automatic),73.25,1195.75,Fiber optic,No,Yes,No,No,No,No,Female,0,Yes,Yes,No,0
416,2014-04-01,,Two year,Yes,Bank transfer (automatic),98.7,6858.9,Fiber optic,No,Yes,Yes,Yes,No,Yes,Male,0,Yes,No,Yes,0
417,2016-10-01,,Two year,Yes,Mailed check,24.8,1024.7,Fiber optic,No,No,No,No,No,No,Female,0,Yes,Yes,Yes,0
418,2017-12-01,2019-10-01,Month-to-month,No,Electronic check,83.3,1845.9,Fiber optic,No,Yes,No,No,No,Yes,Female,0,Yes,Yes,No,1
419,2019-11-01,2019-12-01,Month-to-month,Yes,Bank transfer (automatic),75.3,75.3,Fiber optic,No,No,Yes,No,No,No,Female,1,No,No,No,1
420,2019-09-01,,Month-to-month,Yes,Mailed check,24.3,132.25,Fiber optic,No,No,No,No,No,No,Female,0,Yes,Yes,Yes,0
421,2019-07-01,,Month-to-month,Yes,Bank transfer (automatic),69.85,515.45,Fiber optic,No,No,No,No,No,No,Female,0,No,No,No,0
422,2017-09-01,,One year,No,Credit card (automatic),100.55,2830.45,Fiber optic,No,Yes,Yes,Yes,No,Yes,Male,0,No,Yes,Yes,0
423,2016-06-01,,One year,No,Mailed check,25.7,1110.5,Fiber optic,No,No,No,No,No,No,Male,0,Yes,Yes,Yes,0
424,2019-04-01,,Month-to-month,No,Bank transfer (automatic),40.7,449.3,DSL,Yes,Yes,Yes,No,No,No,Female,0,No,No,No,0
425,2015-07-01,,Month-to-month,No,Bank transfer (automatic),51.65,2838.55,DSL,No,No,No,No,No,No,Female,1,Yes,No,Yes,0
426,2015-10-01,,One year,Yes,Bank transfer (automatic),105.1,5376.4,Fiber optic,No,Yes,Yes,No,Yes,Yes,Male,1,Yes,No,Yes,0
427,2019-04-01,,Month-to-month,No,Electronic check,85.95,858.6,Fiber optic,No,No,No,No,No,Yes,Female,0,Yes,Yes,Yes,0
428,2018-08-01,,Month-to-month,Yes,Bank transfer (automatic),75.6,1395.05,Fiber optic,No,No,No,No,No,No,Male,0,No,No,Yes,0
429,2014-06-01,,One year,No,Bank transfer (automatic),58.25,3975.7,DSL,Yes,No,No,Yes,No,No,Female,0,Yes,No,Yes,0
430,2014-11-01,2019-12-01,Month-to-month,Yes,Mailed check,19.4,1182.55,Fiber optic,No,No,No,No,No,No,Female,0,Yes,Yes,No,1
431,2014-02-01,,Two year,Yes,Credit card (automatic),65.2,4784.45,DSL,Yes,Yes,Yes,Yes,Yes,Yes,Female,0,Yes,Yes,No,0
432,2019-12-01,,Month-to-month,No,Electronic check,53.45,119.5,DSL,Yes,No,Yes,No,No,No,Male,0,No,No,No,0
433,2018-11-01,2019-11-01,Month-to-month,Yes,Bank transfer (automatic),45.4,518.9,DSL,No,No,No,No,No,No,Male,0,No,No,No,1
434,2016-09-01,,Two year,Yes,Electronic check,19.75,899.45,Fiber optic,No,No,No,No,No,No,Male,0,Yes,No,No,0
435,2017-12-01,,Month-to-month,Yes,Credit card (automatic),44.45,1183.8,DSL,No,No,Yes,Yes,Yes,No,Female,0,No,No,No,0
436,2017-02-01,,One year,No,Bank transfer (automatic),20.85,720.05,Fiber optic,No,No,No,No,No,No,Male,0,Yes,No,No,0
437,2014-02-01,,Two year,Yes,Credit card (automatic),114.05,8468.2,Fiber optic,Yes,Yes,Yes,Yes,Yes,Yes,Male,0,Yes,Yes,Yes,0
438,2017-03-01,,Month-to-month,Yes,Bank transfer (automatic),89.85,3161.2,Fiber optic,No,No,No,Yes,No,Yes,Male,0,Yes,No,Yes,0
439,2020-01-01,,Month-to-month,No,Mailed check,55.05,55.05,DSL,No,No,Yes,Yes,No,No,Male,0,No,No,No,0
440,2018-10-01,,Month-to-month,Yes,Electronic check,112.95,1882.55,Fiber optic,Yes,No,Yes,Yes,Yes,Yes,Female,0,Yes,Yes,Yes,0
441,2016-01-01,,Month-to-month,No,Credit card (automatic),101.55,5070.4,Fiber optic,Yes,No,No,No,Yes,Yes,Female,1,No,No,Yes,0
442,2015-08-01,,One year,Yes,Mailed check,114.65,6049.5,Fiber optic,Yes,Yes,Yes,Yes,Yes,Yes,Female,0,Yes,No,Yes,0
443,2018-08-01,,Month-to-month,No,Electronic check,64.8,1166.7,DSL,Yes,No,No,No,No,Yes,Female,0,No,Yes,Yes,0
444,2017-02-01,,Month-to-month,No,Electronic check,80.4,2937.65,Fiber optic,No,No,No,No,No,Yes,Female,0,Yes,No,No,0
445,2015-01-01,2020-01-01,Month-to-month,Yes,Electronic check,105.9,6396.45,Fiber optic,No,Yes,Yes,No,Yes,Yes,Female,0,No,No,Yes,1
446,2019-09-01,2019-10-01,Month-to-month,No,Mailed check,69.55,69.55,Fiber optic,No,No,No,No,No,No,Female,0,No,No,No,1
447,2015-10-01,,Two year,Yes,Bank transfer (automatic),25.05,1270.25,Fiber optic,No,No,No,No,No,No,Female,0,Yes,Yes,Yes,0
448,2019-06-01,,Month-to-month,Yes,Electronic check,94.75,759.55,Fiber optic,No,No,Yes,No,Yes,Yes,Male,0,Yes,Yes,No,0
449,2014-02-01,,Two year,No,Bank transfer (automatic),105.5,7611.55,Fiber optic,Yes,Yes,No,Yes,Yes,Yes,Male,0,Yes,Yes,No,0
450,2014-10-01,,One year,No,Mailed check,24.7,1642.75,Fiber optic,No,No,No,No,No,No,Female,0,No,No,Yes,0
451,2018-04-01,,Month-to-month,Yes,Mailed check,69.75,1545.4,DSL,Yes,No,Yes,Yes,No,Yes,Female,1,No,No,No,0
452,2015-02-01,,Month-to-month,Yes,Bank transfer (automatic),60.2,3582.4,DSL,No,Yes,Yes,Yes,Yes,Yes,Male,0,Yes,No,No,0
453,2017-06-01,2019-10-01,Month-to-month,Yes,Electronic check,81.05,2227.1,Fiber optic,No,No,No,No,No,Yes,Female,0,Yes,Yes,No,1
454,2015-01-01,,Two year,No,Mailed check,24.4,1417.9,Fiber optic,No,No,No,No,No,No,Female,0,Yes,No,Yes,0
455,2018-02-01,,Month-to-month,Yes,Electronic check,104.15,2494.65,Fiber optic,No,Yes,Yes,No,Yes,Yes,Female,0,No,No,Yes,0
456,2017-10-01,,One year,No,Bank transfer (automatic),92.9,2768.35,Fiber optic,No,Yes,Yes,Yes,Yes,No,Male,0,Yes,Yes,No,0
457,2017-08-01,,Two year,No,Bank transfer (automatic),80.8,2369.3,DSL,No,Yes,Yes,Yes,Yes,Yes,Female,0,Yes,Yes,No,0
458,2019-12-01,,Month-to-month,No,Mailed check,20.0,38.0,Fiber optic,No,No,No,No,No,No,Male,0,Yes,No,No,0
459,2020-01-01,,Month-to-month,Yes,Electronic check,75.1,75.1,Fiber optic,No,No,No,No,No,No,Male,0,No,No,Yes,0
460,2019-08-01,,Month-to-month,No,Mailed check,19.65,100.9,Fiber optic,No,No,No,No,No,No,Male,0,No,Yes,No,0
461,2018-02-01,,Month-to-month,Yes,Bank transfer (automatic),69.45,1614.05,DSL,No,Yes,No,No,Yes,Yes,Female,0,Yes,No,No,0
462,2019-07-01,2019-11-01,Month-to-month,No,Electronic check,101.15,385.9,Fiber optic,No,No,Yes,No,Yes,Yes,Male,0,Yes,Yes,Yes,1
463,2019-03-01,2019-10-01,Month-to-month,Yes,Electronic check,99.8,673.25,Fiber optic,No,Yes,No,No,Yes,Yes,Male,0,No,No,Yes,1
464,2014-02-01,,Two year,Yes,Bank transfer (automatic),116.05,8404.9,Fiber optic,Yes,Yes,Yes,Yes,Yes,Yes,Male,1,Yes,No,Yes,0
465,2014-04-01,,Two year,Yes,Mailed check,40.05,2799.75,DSL,No,No,No,Yes,No,Yes,Male,0,No,No,No,0
466,2014-10-01,,Two year,No,Electronic check,102.1,6538.45,Fiber optic,No,No,Yes,Yes,Yes,Yes,Male,1,Yes,No,Yes,0
467,2014-02-01,,One year,Yes,Electronic check,89.7,6588.95,Fiber optic,No,Yes,No,No,Yes,No,Male,0,Yes,Yes,Yes,0
468,2016-06-01,,Two year,No,Mailed check,19.9,868.1,Fiber optic,No,No,No,No,No,No,Female,0,No,Yes,No,0
469,2018-12-01,2020-01-01,Month-to-month,No,Electronic check,55.95,734.35,DSL,No,No,No,No,No,Yes,Female,0,Yes,Yes,No,1
470,2018-09-01,,One year,No,Mailed check,20.65,330.6,Fiber optic,No,No,No,No,No,No,Female,1,No,No,No,0
471,2019-11-01,2019-12-01,Month-to-month,Yes,Electronic check,55.0,55.0,DSL,No,No,No,No,No,Yes,Male,0,No,No,No,1
472,2019-05-01,,Month-to-month,Yes,Mailed check,70.05,564.4,DSL,No,No,Yes,No,Yes,Yes,Male,0,Yes,No,No,0
473,2018-02-01,,Month-to-month,No,Mailed check,53.6,1315.35,DSL,Yes,No,No,Yes,No,No,Male,0,Yes,No,No,0
474,2019-11-01,2019-12-01,Month-to-month,Yes,Electronic check,74.7,74.7,Fiber optic,No,Yes,No,No,No,No,Female,0,Yes,Yes,No,1
475,2017-11-01,2019-11-01,Month-to-month,Yes,Electronic check,80.25,1861.5,Fiber optic,No,Yes,No,No,No,No,Male,0,No,No,Yes,1
476,2017-03-01,,Month-to-month,Yes,Electronic check,76.05,2747.2,DSL,No,Yes,No,Yes,Yes,Yes,Male,1,Yes,Yes,No,0
477,2019-07-01,,Month-to-month,Yes,Electronic check,75.7,554.05,DSL,Yes,Yes,Yes,Yes,Yes,No,Female,0,Yes,Yes,No,0
478,2019-06-01,2019-11-01,Month-to-month,Yes,Electronic check,96.1,453.4,Fiber optic,No,No,No,Yes,Yes,Yes,Male,0,No,No,No,1
479,2018-07-01,2019-10-01,Month-to-month,No,Bank transfer (automatic),69.0,994.8,Fiber optic,No,No,No,No,No,No,Female,0,No,Yes,No,1
480,2019-03-01,,Two year,No,Mailed check,19.65,225.75,Fiber optic,No,No,No,No,No,No,Male,0,Yes,Yes,No,0
481,2015-11-01,2019-11-01,Month-to-month,Yes,Bank transfer (automatic),45.3,2145.0,DSL,Yes,No,Yes,No,No,Yes,Female,0,Yes,No,No,1
482,2018-06-01,,Month-to-month,Yes,Electronic check,81.45,1671.6,Fiber optic,No,No,No,No,No,Yes,Female,1,No,No,No,0
483,2014-02-01,,One year,Yes,Bank transfer (automatic),108.5,8003.8,Fiber optic,No,Yes,Yes,Yes,Yes,Yes,Female,0,Yes,No,Yes,0
484,2019-05-01,2020-01-01,Month-to-month,Yes,Electronic check,83.55,680.05,Fiber optic,No,Yes,No,No,Yes,No,Female,0,Yes,Yes,No,1
485,2014-02-01,,Two year,Yes,Credit card (automatic),84.5,6130.85,Fiber optic,No,No,No,No,No,Yes,Male,0,Yes,Yes,Yes,0
486,2018-11-01,,Month-to-month,Yes,Electronic check,100.15,1415.0,Fiber optic,No,Yes,No,No,Yes,Yes,Female,0,No,No,Yes,0
487,2014-02-01,,Two year,Yes,Bank transfer (automatic),88.6,6201.95,DSL,No,Yes,Yes,Yes,Yes,Yes,Male,0,No,No,Yes,0
488,2020-02-01,,Two year,Yes,Bank transfer (automatic),52.55,2291.023009417808,DSL,Yes,No,Yes,Yes,Yes,No,Female,0,Yes,Yes,No,0
489,2019-09-01,2019-10-01,Month-to-month,Yes,Electronic check,74.35,74.35,Fiber optic,No,No,No,No,No,No,Male,0,No,Yes,Yes,1
490,2014-11-01,,Two year,Yes,Bank transfer (automatic),104.8,6597.25,Fiber optic,No,Yes,Yes,No,Yes,Yes,Male,0,Yes,Yes,Yes,0
491,2019-12-01,,Month-to-month,Yes,Electronic check,59.0,114.15,DSL,No,Yes,No,No,Yes,No,Female,0,No,No,No,0
492,2019-10-01,2019-12-01,Month-to-month,Yes,Electronic check,74.4,139.4,Fiber optic,Yes,No,No,No,No,No,Female,0,Yes,No,No,1
493,2015-01-01,,One year,No,Bank transfer (automatic),64.05,3902.6,DSL,No,Yes,No,No,No,Yes,Male,1,Yes,No,Yes,0
494,2020-01-01,,Month-to-month,No,Mailed check,20.4,20.4,Fiber optic,No,No,No,No,No,No,Male,0,No,No,No,0
541,2019-03-01,,Month-to-month,Yes,Mailed check,58.95,601.6,DSL,No,No,No,No,No,Yes,Female,0,No,No,Yes,0
495,2018-01-01,2019-11-01,One year,Yes,Bank transfer (automatic),43.75,903.6,DSL,No,Yes,Yes,No,No,Yes,Male,0,No,No,No,1
496,2017-10-01,,Month-to-month,No,Mailed check,60.9,1785.65,DSL,Yes,Yes,No,Yes,No,No,Male,0,Yes,No,No,0
497,2014-04-01,,Two year,No,Bank transfer (automatic),19.8,1397.65,Fiber optic,No,No,No,No,No,No,Female,0,Yes,No,No,0
498,2019-07-01,2019-12-01,Month-to-month,No,Electronic check,28.45,131.05,DSL,No,Yes,No,No,No,No,Female,1,No,No,No,1
499,2018-10-01,2019-10-01,Month-to-month,Yes,Bank transfer (automatic),99.7,1238.45,Fiber optic,Yes,Yes,Yes,No,No,Yes,Female,0,No,No,Yes,1
500,2017-04-01,,One year,No,Credit card (automatic),116.25,3899.05,Fiber optic,Yes,Yes,Yes,Yes,Yes,Yes,Male,0,No,No,Yes,0
501,2014-03-01,,Two year,Yes,Credit card (automatic),80.7,5676.0,Fiber optic,Yes,No,No,No,No,No,Female,1,Yes,No,Yes,0
502,2014-04-01,,One year,No,Bank transfer (automatic),65.2,4543.15,DSL,Yes,No,No,No,No,Yes,Female,0,Yes,Yes,Yes,0
503,2015-10-01,,Month-to-month,Yes,Bank transfer (automatic),84.05,4326.8,Fiber optic,Yes,No,Yes,Yes,No,No,Female,0,Yes,Yes,No,0
504,2014-05-01,,Two year,Yes,Credit card (automatic),79.45,5502.55,DSL,Yes,Yes,Yes,Yes,Yes,No,Male,0,No,Yes,Yes,0
505,2018-05-01,2020-01-01,Month-to-month,Yes,Electronic check,94.1,1782.4,Fiber optic,No,Yes,Yes,No,No,Yes,Female,1,No,No,Yes,1
506,2019-03-01,,Month-to-month,Yes,Mailed check,78.0,851.8,Fiber optic,No,No,Yes,No,No,No,Male,0,No,Yes,Yes,0
507,2019-09-01,2019-11-01,Month-to-month,Yes,Electronic check,94.2,167.5,Fiber optic,No,No,No,Yes,Yes,Yes,Male,0,Yes,No,No,1
508,2019-05-01,2019-11-01,Month-to-month,Yes,Electronic check,80.5,502.85,Fiber optic,No,No,No,Yes,No,No,Female,0,Yes,Yes,Yes,1
509,2020-01-01,,Month-to-month,No,Mailed check,19.85,19.85,Fiber optic,No,No,No,No,No,No,Female,0,No,No,No,0
510,2018-06-01,,One year,No,Credit card (automatic),94.3,1818.3,Fiber optic,Yes,No,Yes,Yes,No,Yes,Male,1,Yes,Yes,No,0
511,2015-01-01,,Month-to-month,Yes,Electronic check,106.45,6300.15,Fiber optic,Yes,No,Yes,No,Yes,Yes,Male,0,No,No,Yes,0
512,2019-06-01,2019-11-01,Month-to-month,Yes,Electronic check,74.35,334.8,Fiber optic,No,No,No,No,No,No,Female,1,Yes,No,Yes,1
513,2015-06-01,,Month-to-month,Yes,Bank transfer (automatic),105.45,5916.95,Fiber optic,No,Yes,No,Yes,Yes,Yes,Female,0,No,No,Yes,0
514,2017-08-01,,Month-to-month,Yes,Credit card (automatic),95.0,2852.4,Fiber optic,Yes,Yes,Yes,Yes,No,No,Male,0,No,No,Yes,0
515,2016-08-01,2019-12-01,Month-to-month,No,Bank transfer (automatic),104.8,4131.95,Fiber optic,No,No,Yes,Yes,Yes,Yes,Male,0,No,No,Yes,1
516,2017-10-01,,One year,No,Mailed check,54.3,1546.3,DSL,Yes,No,No,Yes,No,No,Female,0,No,No,No,0
517,2019-09-01,,Month-to-month,No,Electronic check,70.05,302.6,Fiber optic,No,No,No,No,No,No,Female,1,Yes,No,No,0
518,2017-07-01,2019-10-01,Month-to-month,Yes,Bank transfer (automatic),75.2,1929.35,Fiber optic,Yes,No,No,No,No,No,Female,1,Yes,No,No,1
519,2019-02-01,,Month-to-month,No,Credit card (automatic),20.05,265.45,Fiber optic,No,No,No,No,No,No,Male,0,No,No,No,0
520,2014-07-01,,One year,Yes,Electronic check,105.4,6989.45,Fiber optic,No,Yes,Yes,No,Yes,Yes,Male,0,Yes,Yes,Yes,0
521,2017-09-01,,Month-to-month,Yes,Electronic check,51.6,1442.0,DSL,No,No,No,No,No,No,Male,1,Yes,No,Yes,0
522,2015-07-01,,Month-to-month,No,Bank transfer (automatic),85.5,4713.4,Fiber optic,No,No,No,No,No,Yes,Male,0,Yes,Yes,Yes,0
523,2017-11-01,2019-10-01,Month-to-month,No,Bank transfer (automatic),75.6,1758.6,Fiber optic,No,No,No,No,No,No,Female,0,No,No,Yes,1
524,2017-03-01,2020-01-01,Month-to-month,Yes,Electronic check,100.05,3480.0,Fiber optic,No,No,Yes,No,Yes,Yes,Male,0,Yes,No,Yes,1
525,2015-10-01,,One year,No,Electronic check,91.25,4738.3,Fiber optic,Yes,No,Yes,No,Yes,No,Male,0,No,No,No,0
526,2014-02-01,,Two year,Yes,Credit card (automatic),115.75,8399.15,Fiber optic,Yes,Yes,Yes,Yes,Yes,Yes,Male,1,Yes,Yes,Yes,0
527,2015-04-01,,One year,Yes,Credit card (automatic),94.7,5430.35,Fiber optic,No,Yes,No,Yes,Yes,No,Male,0,Yes,Yes,Yes,0
528,2017-03-01,,Two year,No,Mailed check,19.6,686.95,Fiber optic,No,No,No,No,No,No,Male,0,Yes,Yes,No,0
529,2015-06-01,,Two year,Yes,Bank transfer (automatic),99.9,5706.3,Fiber optic,No,Yes,Yes,Yes,Yes,No,Female,1,No,No,Yes,0
530,2018-02-01,,Two year,Yes,Credit card (automatic),21.1,490.65,Fiber optic,No,No,No,No,No,No,Female,0,Yes,Yes,No,0
531,2014-04-01,,Two year,No,Credit card (automatic),20.05,1360.25,Fiber optic,No,No,No,No,No,No,Male,0,Yes,Yes,No,0
532,2019-12-01,,Month-to-month,Yes,Electronic check,79.95,174.45,Fiber optic,No,No,No,No,Yes,No,Male,0,No,No,No,0
533,2014-06-01,,One year,Yes,Credit card (automatic),107.15,7379.8,Fiber optic,No,No,Yes,Yes,Yes,Yes,Male,1,Yes,Yes,Yes,0
534,2019-11-01,2019-12-01,Month-to-month,Yes,Electronic check,85.0,85.0,Fiber optic,No,No,No,No,No,Yes,Female,0,No,No,Yes,1
535,2019-02-01,,Month-to-month,Yes,Electronic check,89.55,1021.75,Fiber optic,No,No,Yes,No,Yes,No,Male,0,No,No,Yes,0
536,2014-11-01,,Month-to-month,Yes,Bank transfer (automatic),81.55,5029.05,Fiber optic,No,Yes,No,No,No,No,Female,0,Yes,No,Yes,0
537,2017-05-01,,One year,Yes,Mailed check,58.45,1955.4,DSL,Yes,Yes,Yes,No,No,No,Female,0,Yes,Yes,No,0
538,2014-05-01,,One year,Yes,Credit card (automatic),95.65,6744.2,Fiber optic,No,Yes,No,No,Yes,Yes,Female,0,Yes,No,No,0
539,2015-02-01,,Two year,Yes,Bank transfer (automatic),80.6,4946.7,DSL,No,Yes,Yes,Yes,Yes,Yes,Female,0,Yes,Yes,No,0
540,2014-02-01,,Two year,Yes,Bank transfer (automatic),113.1,8248.5,Fiber optic,Yes,Yes,Yes,Yes,Yes,Yes,Female,0,Yes,Yes,Yes,0
542,2019-01-01,2019-11-01,Month-to-month,Yes,Bank transfer (automatic),86.05,834.1,Fiber optic,No,No,No,No,Yes,No,Male,0,No,No,Yes,1
543,2018-09-01,2019-10-01,Month-to-month,Yes,Credit card (automatic),45.55,597.0,DSL,Yes,No,No,Yes,Yes,No,Male,0,No,No,No,1
544,2017-04-01,,One year,Yes,Bank transfer (automatic),78.95,2647.2,Fiber optic,No,No,No,No,No,Yes,Male,0,Yes,Yes,No,0
545,2016-09-01,2019-12-01,Month-to-month,Yes,Mailed check,86.3,3266.0,Fiber optic,No,Yes,No,No,Yes,No,Male,0,Yes,Yes,No,1
546,2014-09-01,,One year,Yes,Bank transfer (automatic),105.05,6744.25,Fiber optic,No,Yes,No,Yes,Yes,Yes,Female,0,No,No,Yes,0
547,2015-12-01,,One year,Yes,Bank transfer (automatic),101.9,5265.5,Fiber optic,Yes,Yes,Yes,No,Yes,No,Male,1,Yes,No,Yes,0
548,2018-11-01,,Month-to-month,No,Mailed check,19.75,311.6,Fiber optic,No,No,No,No,No,No,Male,0,No,No,No,0
549,2014-02-01,,Two year,Yes,Bank transfer (automatic),110.3,7966.9,Fiber optic,Yes,Yes,Yes,No,Yes,Yes,Male,0,Yes,Yes,Yes,0
550,2014-02-01,,Two year,Yes,Bank transfer (automatic),115.6,8220.4,Fiber optic,Yes,Yes,Yes,Yes,Yes,Yes,Female,0,Yes,Yes,Yes,0
551,2015-07-01,,Two year,No,Bank transfer (automatic),19.35,1153.25,Fiber optic,No,No,No,No,No,No,Male,0,Yes,Yes,No,0
552,2018-03-01,,Two year,Yes,Credit card (automatic),25.6,514.75,Fiber optic,No,No,No,No,No,No,Female,0,Yes,Yes,Yes,0
553,2017-03-01,2019-11-01,Month-to-month,Yes,Bank transfer (automatic),80.35,2596.15,Fiber optic,No,Yes,No,No,No,No,Male,0,No,No,Yes,1
554,2015-06-01,,One year,Yes,Bank transfer (automatic),68.75,3808.0,DSL,Yes,No,Yes,No,No,Yes,Female,0,Yes,Yes,Yes,0
555,2020-01-01,,Month-to-month,No,Bank transfer (automatic),19.9,19.9,Fiber optic,No,No,No,No,No,No,Female,0,No,No,No,0
556,2016-12-01,,One year,No,Mailed check,70.6,2708.2,DSL,Yes,Yes,No,Yes,Yes,No,Male,0,No,No,No,0
557,2019-03-01,,Month-to-month,No,Electronic check,70.2,760.05,Fiber optic,No,No,No,No,No,No,Male,0,No,No,No,0
558,2020-01-01,,Month-to-month,Yes,Electronic check,49.3,49.3,DSL,No,No,No,Yes,No,No,Male,0,No,No,No,0
559,2015-06-01,,One year,Yes,Electronic check,107.25,6033.3,Fiber optic,No,Yes,No,Yes,Yes,Yes,Male,0,Yes,No,Yes,0
560,2019-11-01,,Month-to-month,Yes,Mailed check,23.6,89.05,Fiber optic,No,No,No,No,No,No,Male,0,Yes,No,Yes,0
561,2019-07-01,,Month-to-month,No,Credit card (automatic),69.7,516.15,DSL,Yes,No,No,No,Yes,Yes,Male,0,Yes,Yes,No,0
562,2015-03-01,,Two year,Yes,Credit card (automatic),99.5,5861.75,Fiber optic,No,No,Yes,No,Yes,Yes,Male,0,Yes,Yes,Yes,0
563,2019-07-01,,Month-to-month,No,Bank transfer (automatic),64.3,445.95,DSL,No,No,Yes,Yes,Yes,No,Male,0,No,No,No,0
564,2014-03-01,,Two year,Yes,Credit card (automatic),70.85,4973.4,DSL,Yes,No,Yes,Yes,No,Yes,Male,0,Yes,Yes,No,0
565,2018-11-01,,One year,No,Electronic check,101.9,1667.25,Fiber optic,Yes,No,No,Yes,Yes,Yes,Male,0,Yes,Yes,No,0
566,2014-03-01,,Two year,No,Credit card (automatic),73.5,5357.75,DSL,Yes,Yes,No,Yes,Yes,No,Male,0,Yes,No,Yes,0
567,2016-12-01,2019-11-01,Month-to-month,Yes,Electronic check,100.25,3527.6,Fiber optic,No,No,Yes,No,Yes,Yes,Female,0,No,No,Yes,1
568,2019-03-01,,One year,Yes,Credit card (automatic),40.4,422.6,DSL,No,Yes,Yes,Yes,No,No,Female,0,No,No,No,0
569,2015-02-01,,Two year,Yes,Credit card (automatic),19.25,1103.25,Fiber optic,No,No,No,No,No,No,Female,0,Yes,Yes,No,0
570,2016-03-01,,Two year,No,Bank transfer (automatic),59.6,2754.0,DSL,No,Yes,No,Yes,No,No,Male,1,No,No,Yes,0
571,2019-03-01,,One year,No,Credit card (automatic),64.9,697.25,DSL,No,No,Yes,Yes,No,Yes,Female,0,No,No,No,0
572,2015-02-01,2019-10-01,One year,No,Credit card (automatic),100.3,5614.45,Fiber optic,No,Yes,No,No,Yes,Yes,Male,0,Yes,No,Yes,1
573,2017-10-01,,Month-to-month,Yes,Electronic check,110.85,3204.4,Fiber optic,No,Yes,Yes,Yes,Yes,Yes,Female,1,Yes,No,Yes,0
574,2015-01-01,,Two year,Yes,Mailed check,81.05,4747.65,DSL,Yes,Yes,No,Yes,Yes,Yes,Male,0,Yes,No,No,0
575,2017-07-01,,One year,No,Bank transfer (automatic),98.05,3082.1,Fiber optic,Yes,No,Yes,No,Yes,No,Male,0,Yes,Yes,Yes,0
576,2019-05-01,,Month-to-month,Yes,Electronic check,70.5,597.9,Fiber optic,No,No,No,No,No,No,Male,0,No,No,No,0
577,2017-03-01,,Month-to-month,Yes,Electronic check,94.55,3365.4,Fiber optic,Yes,Yes,No,No,No,Yes,Male,1,Yes,No,Yes,0
578,2019-12-01,,Month-to-month,Yes,Mailed check,19.65,38.8,Fiber optic,No,No,No,No,No,No,Male,0,No,No,No,0
579,2018-11-01,2019-11-01,Month-to-month,No,Mailed check,19.0,233.55,Fiber optic,No,No,No,No,No,No,Female,0,Yes,Yes,No,1
580,2019-11-01,2019-12-01,Month-to-month,No,Mailed check,75.3,75.3,Fiber optic,Yes,No,No,No,No,No,Female,0,No,No,No,1
581,2019-07-01,2019-11-01,Month-to-month,Yes,Electronic check,89.2,346.2,Fiber optic,No,No,Yes,No,Yes,No,Female,1,No,No,Yes,1
582,2020-01-01,,Month-to-month,Yes,Mailed check,19.0,19.0,Fiber optic,No,No,No,No,No,No,Female,0,Yes,Yes,No,0
583,2019-11-01,,Month-to-month,Yes,Mailed check,20.0,61.7,Fiber optic,No,No,No,No,No,No,Female,0,No,No,No,0
584,2019-11-01,2019-12-01,Month-to-month,Yes,Electronic check,85.7,85.7,Fiber optic,No,No,No,No,Yes,No,Female,1,No,No,Yes,1
585,2015-10-01,,Two year,Yes,Credit card (automatic),63.25,3342.45,DSL,Yes,Yes,No,No,Yes,No,Male,0,No,No,No,0
586,2019-09-01,,One year,No,Mailed check,20.1,85.1,Fiber optic,No,No,No,No,No,No,Male,0,Yes,Yes,No,0
587,2014-02-01,,Two year,Yes,Electronic check,99.15,7422.1,Fiber optic,Yes,Yes,Yes,No,No,Yes,Male,0,Yes,No,Yes,0
588,2014-03-01,,Two year,No,Electronic check,90.4,6668.05,DSL,Yes,Yes,Yes,Yes,Yes,Yes,Male,0,Yes,Yes,Yes,0
589,2014-02-01,,Two year,Yes,Credit card (automatic),111.9,8071.05,Fiber optic,Yes,No,Yes,Yes,Yes,Yes,Male,0,Yes,No,Yes,0
590,2016-04-01,,One year,No,Electronic check,24.9,1174.8,Fiber optic,No,No,No,No,No,No,Male,0,Yes,Yes,Yes,0
591,2014-11-01,,Two year,No,Credit card (automatic),83.5,5435.0,DSL,Yes,Yes,Yes,No,Yes,Yes,Male,0,Yes,Yes,Yes,0
592,2017-08-01,,Month-to-month,Yes,Credit card (automatic),84.3,2438.6,Fiber optic,Yes,Yes,Yes,No,No,No,Male,0,No,No,No,0
593,2020-01-01,,Month-to-month,No,Mailed check,45.6,45.6,DSL,No,No,No,No,No,No,Male,0,No,No,No,0
594,2018-11-01,2019-11-01,Month-to-month,Yes,Mailed check,61.65,713.75,DSL,Yes,No,Yes,Yes,No,No,Female,0,No,No,Yes,1
595,2018-10-01,,Two year,No,Mailed check,54.85,916.15,DSL,Yes,Yes,Yes,Yes,Yes,No,Male,0,No,No,No,0
596,2019-10-01,,Month-to-month,No,Mailed check,65.55,237.2,DSL,No,No,No,Yes,No,Yes,Male,0,No,No,Yes,0
597,2015-11-01,,One year,Yes,Credit card (automatic),90.35,4614.55,Fiber optic,No,Yes,No,No,No,Yes,Male,0,Yes,No,Yes,0
598,2014-09-01,,Two year,Yes,Credit card (automatic),20.4,1414.45,Fiber optic,No,No,No,No,No,No,Male,0,Yes,No,No,0
599,2018-10-01,,Month-to-month,Yes,Credit card (automatic),74.55,1170.5,Fiber optic,No,No,No,Yes,No,No,Male,0,No,No,No,0
600,2019-12-01,,One year,No,Mailed check,19.95,47.7,Fiber optic,No,No,No,No,No,No,Male,0,No,No,No,0
601,2014-08-01,,One year,Yes,Bank transfer (automatic),74.25,4859.25,Fiber optic,No,No,No,No,No,No,Female,0,Yes,Yes,Yes,0
602,2016-04-01,,Two year,No,Electronic check,108.65,4903.2,Fiber optic,No,Yes,Yes,Yes,Yes,Yes,Male,0,No,No,Yes,0
603,2017-06-01,,One year,Yes,Bank transfer (automatic),109.55,3608.0,Fiber optic,Yes,No,Yes,Yes,Yes,Yes,Female,0,No,No,Yes,0
604,2014-02-01,,Two year,No,Credit card (automatic),86.65,6094.25,DSL,Yes,No,Yes,Yes,Yes,Yes,Male,0,Yes,No,Yes,0
605,2016-12-01,,Two year,No,Credit card (automatic),81.0,3084.9,DSL,Yes,No,Yes,Yes,Yes,Yes,Male,0,Yes,Yes,No,0
606,2015-11-01,,One year,No,Credit card (automatic),47.85,2356.75,DSL,No,No,No,Yes,No,No,Male,0,No,Yes,No,0
607,2014-02-01,,Two year,No,Bank transfer (automatic),114.55,8306.05,Fiber optic,Yes,Yes,Yes,Yes,Yes,Yes,Male,0,Yes,Yes,Yes,0
608,2014-08-01,2020-01-01,Month-to-month,No,Bank transfer (automatic),105.25,6786.4,Fiber optic,Yes,No,Yes,No,Yes,Yes,Female,1,Yes,No,Yes,1
609,2019-02-01,2019-11-01,Month-to-month,Yes,Electronic check,29.95,248.95,DSL,No,Yes,No,No,No,No,Male,0,Yes,Yes,No,1
610,2019-01-01,2019-10-01,Month-to-month,No,Mailed check,65.0,663.05,DSL,Yes,Yes,Yes,Yes,No,No,Female,0,Yes,Yes,No,1
611,2014-08-01,,Two year,No,Mailed check,20.55,1357.1,Fiber optic,No,No,No,No,No,No,Male,0,No,Yes,No,0
612,2016-06-01,,One year,Yes,Credit card (automatic),109.8,4860.35,Fiber optic,Yes,Yes,Yes,No,Yes,Yes,Female,1,No,No,Yes,0
613,2015-12-01,,Two year,No,Bank transfer (automatic),69.5,3418.2,DSL,No,No,Yes,Yes,No,Yes,Male,0,No,No,Yes,0
614,2018-11-01,,Month-to-month,No,Mailed check,48.85,631.4,DSL,No,No,No,No,No,No,Female,0,No,No,Yes,0
615,2019-06-01,,Month-to-month,Yes,Credit card (automatic),25.25,186.3,DSL,No,No,No,No,No,No,Male,0,No,No,No,0
616,2014-08-01,,One year,Yes,Credit card (automatic),102.85,6976.75,Fiber optic,No,No,Yes,Yes,Yes,Yes,Female,1,No,No,Yes,0
617,2015-05-01,,Month-to-month,Yes,Bank transfer (automatic),87.55,4884.85,Fiber optic,Yes,Yes,No,Yes,No,No,Female,0,No,No,Yes,0
618,2019-07-01,,Month-to-month,Yes,Bank transfer (automatic),78.55,522.95,Fiber optic,No,Yes,No,No,No,No,Female,0,No,No,Yes,0
619,2019-04-01,,Month-to-month,Yes,Bank transfer (automatic),34.55,362.6,DSL,No,No,No,No,No,Yes,Male,1,Yes,Yes,No,0
620,2014-12-01,,One year,Yes,Electronic check,92.05,5755.8,Fiber optic,Yes,Yes,Yes,No,No,No,Female,0,No,No,Yes,0
621,2016-10-01,,One year,Yes,Electronic check,85.05,3355.65,Fiber optic,No,No,Yes,No,Yes,No,Male,0,Yes,Yes,No,0
622,2018-06-01,,Two year,No,Mailed check,19.7,406.95,Fiber optic,No,No,No,No,No,No,Female,0,No,No,No,0
623,2019-04-01,2019-11-01,Month-to-month,No,Bank transfer (automatic),20.0,137.6,Fiber optic,No,No,No,No,No,No,Female,0,No,No,No,1
624,2018-01-01,,Month-to-month,Yes,Electronic check,95.15,2395.7,Fiber optic,No,No,No,Yes,Yes,Yes,Female,0,Yes,No,No,0
625,2018-03-01,,Month-to-month,No,Electronic check,84.25,1968.1,Fiber optic,No,Yes,Yes,No,No,No,Male,0,Yes,No,Yes,0
626,2014-08-01,,One year,No,Credit card (automatic),104.6,6819.45,Fiber optic,No,Yes,Yes,No,Yes,Yes,Female,1,Yes,No,Yes,0
627,2014-02-01,,Two year,No,Electronic check,111.65,7943.45,Fiber optic,No,Yes,Yes,Yes,Yes,Yes,Female,1,No,No,Yes,0
628,2015-09-01,2019-10-01,Month-to-month,No,Credit card (automatic),90.05,4547.25,Fiber optic,No,Yes,No,No,No,Yes,Male,1,Yes,No,Yes,1
629,2016-03-01,2019-10-01,Month-to-month,Yes,Bank transfer (automatic),110.75,4687.9,Fiber optic,No,Yes,Yes,Yes,Yes,Yes,Male,1,Yes,Yes,Yes,1
630,2016-04-01,,Month-to-month,No,Bank transfer (automatic),55.0,2473.95,DSL,Yes,No,No,No,No,No,Female,0,Yes,No,Yes,0
631,2014-02-01,,Two year,No,Credit card (automatic),89.85,6562.9,DSL,Yes,Yes,Yes,Yes,Yes,Yes,Male,0,Yes,Yes,Yes,0
632,2019-04-01,,One year,No,Mailed check,20.35,176.3,Fiber optic,No,No,No,No,No,No,Male,0,No,No,No,0
633,2016-10-01,,One year,Yes,Bank transfer (automatic),54.55,2236.2,DSL,Yes,No,No,Yes,Yes,Yes,Female,0,No,No,No,0
634,2014-07-01,2019-12-01,Month-to-month,Yes,Electronic check,105.5,6985.65,Fiber optic,No,Yes,Yes,No,Yes,Yes,Female,0,Yes,Yes,Yes,1
635,2017-07-01,,Two year,No,Bank transfer (automatic),99.45,3109.9,Fiber optic,No,No,Yes,Yes,Yes,Yes,Male,0,No,No,No,0
636,2014-06-01,,Two year,No,Credit card (automatic),70.9,4911.35,DSL,Yes,Yes,Yes,Yes,No,No,Female,0,Yes,No,Yes,0
637,2015-05-01,2020-01-01,One year,Yes,Bank transfer (automatic),104.55,5794.65,Fiber optic,Yes,No,Yes,No,Yes,Yes,Male,1,Yes,Yes,Yes,1
638,2019-03-01,2020-01-01,Month-to-month,Yes,Electronic check,85.25,855.3,Fiber optic,No,No,No,No,No,Yes,Male,0,Yes,No,Yes,1
639,2014-06-01,,Two year,No,Bank transfer (automatic),25.4,1620.2,Fiber optic,No,No,No,No,No,No,Male,0,Yes,Yes,Yes,0
640,2016-05-01,2019-12-01,Month-to-month,No,Electronic check,56.15,2499.3,DSL,No,No,No,No,Yes,No,Female,0,Yes,Yes,No,1
641,2019-09-01,2019-10-01,Month-to-month,Yes,Electronic check,89.55,89.55,Fiber optic,No,No,No,No,Yes,Yes,Male,0,No,No,No,1
642,2016-01-01,,One year,Yes,Bank transfer (automatic),89.85,4287.2,Fiber optic,No,Yes,Yes,No,No,Yes,Female,1,No,No,No,0
643,2018-11-01,,Month-to-month,Yes,Electronic check,25.25,394.85,Fiber optic,No,No,No,No,No,No,Female,0,Yes,Yes,Yes,0
644,2018-02-01,2019-10-01,Month-to-month,Yes,Electronic check,94.55,1899.65,Fiber optic,No,No,No,No,Yes,Yes,Male,1,Yes,No,Yes,1
645,2019-11-01,2019-12-01,Month-to-month,Yes,Mailed check,45.7,45.7,DSL,No,No,No,No,No,No,Male,0,No,No,No,1
646,2015-12-01,,One year,Yes,Electronic check,69.65,3442.15,DSL,No,No,Yes,Yes,Yes,No,Male,0,Yes,Yes,Yes,0
647,2019-08-01,2019-10-01,Month-to-month,No,Electronic check,89.5,161.5,Fiber optic,No,Yes,No,No,No,Yes,Female,1,No,No,Yes,1
648,2018-02-01,,Month-to-month,No,Credit card (automatic),70.0,1732.6,Fiber optic,No,No,No,No,No,No,Male,1,No,No,No,0
649,2019-09-01,2019-12-01,Month-to-month,Yes,Bank transfer (automatic),69.55,222.3,Fiber optic,No,No,No,No,No,No,Female,0,No,No,No,1
650,2019-10-01,2019-11-01,Month-to-month,Yes,Mailed check,74.6,74.6,Fiber optic,No,No,Yes,No,No,No,Female,0,No,No,No,1
651,2017-03-01,,Two year,No,Mailed check,20.1,655.3,Fiber optic,No,No,No,No,No,No,Male,0,Yes,Yes,No,0
652,2018-09-01,,Month-to-month,No,Mailed check,24.8,475.25,Fiber optic,No,No,No,No,No,No,Female,0,No,No,Yes,0
653,2019-05-01,2020-01-01,Month-to-month,No,Electronic check,19.65,164.3,Fiber optic,No,No,No,No,No,No,Female,1,No,No,No,1
654,2019-04-01,,Month-to-month,Yes,Credit card (automatic),95.1,865.1,Fiber optic,No,No,No,Yes,Yes,Yes,Male,0,No,No,No,0
655,2014-06-01,,Two year,Yes,Credit card (automatic),88.85,6132.7,DSL,Yes,Yes,Yes,Yes,Yes,Yes,Male,0,Yes,Yes,Yes,0
656,2016-05-01,,One year,No,Bank transfer (automatic),78.8,3597.5,DSL,Yes,Yes,Yes,No,Yes,Yes,Male,0,Yes,No,No,0
657,2019-11-01,2020-01-01,One year,No,Mailed check,19.85,35.9,Fiber optic,No,No,No,No,No,No,Male,0,Yes,Yes,No,1
658,2017-01-01,,Month-to-month,No,Bank transfer (automatic),20.35,697.65,Fiber optic,No,No,No,No,No,No,Male,0,Yes,No,No,0
659,2019-08-01,2019-12-01,Month-to-month,Yes,Mailed check,24.25,96.05,DSL,No,No,No,No,No,No,Female,0,No,No,No,1
660,2019-04-01,,Month-to-month,No,Mailed check,45.25,428.7,DSL,No,No,No,No,No,No,Female,0,No,No,No,0
661,2014-09-01,,Two year,Yes,Mailed check,69.55,4459.15,DSL,Yes,Yes,No,No,No,Yes,Male,0,Yes,Yes,Yes,0
662,2015-05-01,,Two year,No,Bank transfer (automatic),19.5,1167.6,Fiber optic,No,No,No,No,No,No,Female,0,Yes,Yes,No,0
663,2019-11-01,,Month-to-month,Yes,Mailed check,74.75,238.1,Fiber optic,No,No,Yes,No,No,No,Female,0,No,No,No,0
664,2019-08-01,2019-10-01,Month-to-month,No,Electronic check,69.65,145.15,Fiber optic,No,No,No,No,No,No,Female,0,No,No,No,1
665,2016-01-01,,Month-to-month,Yes,Bank transfer (automatic),30.2,1453.1,DSL,No,No,Yes,No,No,No,Male,0,No,No,No,0
666,2019-09-01,2020-01-01,Month-to-month,No,Mailed check,45.65,191.05,DSL,No,No,No,No,No,No,Female,0,No,No,No,1
667,2014-04-01,,Two year,No,Bank transfer (automatic),57.8,4039.3,DSL,No,Yes,Yes,Yes,Yes,Yes,Female,0,Yes,No,No,0
668,2015-09-01,,One year,Yes,Bank transfer (automatic),19.85,1039.45,Fiber optic,No,No,No,No,No,No,Female,0,Yes,Yes,No,0
669,2015-09-01,,Two year,No,Credit card (automatic),25.55,1336.1,Fiber optic,No,No,No,No,No,No,Male,0,Yes,Yes,Yes,0
670,2019-09-01,2019-10-01,Month-to-month,Yes,Mailed check,75.05,75.05,Fiber optic,No,No,No,No,No,No,Female,0,No,No,Yes,1
671,2018-04-01,,Month-to-month,Yes,Credit card (automatic),24.85,493.4,Fiber optic,No,No,No,No,No,No,Male,0,No,No,Yes,0
672,2015-09-01,2020-01-01,Month-to-month,Yes,Electronic check,49.15,2550.9,DSL,No,Yes,No,No,Yes,Yes,Male,1,No,No,No,1
673,2014-09-01,,Two year,Yes,Electronic check,110.35,7246.15,Fiber optic,Yes,No,Yes,Yes,Yes,Yes,Male,1,No,No,Yes,0
674,2016-02-01,,One year,No,Bank transfer (automatic),24.55,1203.95,Fiber optic,No,No,No,No,No,No,Female,0,No,No,Yes,0
675,2019-10-01,2019-12-01,Month-to-month,Yes,Electronic check,34.7,62.25,DSL,No,No,No,No,No,Yes,Female,0,No,No,No,1
676,2019-11-01,,Month-to-month,No,Mailed check,107.95,313.6,Fiber optic,No,Yes,Yes,No,Yes,Yes,Male,0,No,No,Yes,0
677,2016-05-01,,Month-to-month,No,Bank transfer (automatic),81.4,3775.85,Fiber optic,No,Yes,No,No,No,No,Male,0,Yes,No,Yes,0
678,2019-12-01,2020-01-01,Month-to-month,No,Electronic check,80.0,80.0,Fiber optic,No,No,No,No,No,Yes,Male,0,Yes,Yes,No,1
679,2015-01-01,,Two year,Yes,Bank transfer (automatic),73.8,4616.05,DSL,No,No,Yes,Yes,Yes,Yes,Female,0,Yes,Yes,No,0
680,2019-11-01,,Month-to-month,Yes,Credit card (automatic),64.4,195.65,DSL,Yes,No,No,Yes,Yes,No,Male,0,No,No,No,0
681,2016-10-01,,One year,Yes,Credit card (automatic),103.75,4188.4,Fiber optic,No,No,Yes,Yes,Yes,Yes,Female,1,No,No,Yes,0
682,2020-01-01,,Month-to-month,No,Mailed check,71.1,71.1,Fiber optic,No,No,No,No,No,No,Female,0,No,No,No,0
683,2020-01-01,,Month-to-month,Yes,Electronic check,49.9,49.9,DSL,No,No,No,Yes,No,No,Female,0,No,No,No,0
684,2015-11-01,,One year,Yes,Bank transfer (automatic),24.6,1266.4,Fiber optic,No,No,No,No,No,No,Male,0,No,No,Yes,0
685,2019-10-01,2019-12-01,Month-to-month,Yes,Electronic check,49.25,91.1,DSL,Yes,No,No,No,No,No,Male,1,No,No,No,1
686,2015-10-01,,One year,No,Mailed check,30.1,1623.4,DSL,No,Yes,No,No,No,No,Male,0,No,No,No,0
687,2015-11-01,,Month-to-month,No,Bank transfer (automatic),83.4,4149.45,Fiber optic,No,No,No,No,No,Yes,Male,0,No,No,Yes,0
688,2017-07-01,,One year,Yes,Bank transfer (automatic),75.25,2344.5,DSL,Yes,Yes,No,Yes,No,Yes,Male,0,Yes,Yes,Yes,0
689,2016-03-01,,One year,No,Credit card (automatic),20.55,1013.05,Fiber optic,No,No,No,No,No,No,Male,0,No,Yes,No,0
690,2019-07-01,2019-10-01,Month-to-month,Yes,Credit card (automatic),75.1,270.7,Fiber optic,No,No,No,No,No,No,Female,0,No,No,Yes,1
691,2018-04-01,,One year,Yes,Mailed check,20.05,417.0,Fiber optic,No,No,No,No,No,No,Female,1,No,No,No,0
692,2020-01-01,,Month-to-month,Yes,Mailed check,20.65,20.65,Fiber optic,No,No,No,No,No,No,Female,0,Yes,No,No,0
693,2014-02-01,,Two year,Yes,Bank transfer (automatic),85.15,6316.2,DSL,No,Yes,Yes,Yes,Yes,Yes,Male,0,Yes,No,Yes,0
694,2019-08-01,2019-11-01,Month-to-month,Yes,Electronic check,50.15,168.15,DSL,No,No,Yes,No,No,No,Male,0,Yes,Yes,No,1
695,2016-03-01,,One year,Yes,Bank transfer (automatic),84.95,4018.05,Fiber optic,No,Yes,No,No,Yes,No,Male,1,Yes,Yes,No,0
696,2014-02-01,,Two year,Yes,Credit card (automatic),66.5,4811.6,DSL,Yes,No,Yes,Yes,No,No,Male,0,Yes,Yes,Yes,0
697,2014-08-01,,Two year,Yes,Bank transfer (automatic),63.3,4189.7,DSL,No,No,Yes,No,Yes,No,Male,0,Yes,Yes,Yes,0
698,2017-03-01,,Month-to-month,No,Electronic check,83.15,2848.45,Fiber optic,No,No,No,No,Yes,No,Male,0,No,No,Yes,0
699,2017-09-01,,Month-to-month,Yes,Electronic check,84.9,2516.2,Fiber optic,No,No,No,No,No,Yes,Male,0,No,No,Yes,0
700,2019-12-01,,Month-to-month,Yes,Mailed check,20.55,33.6,Fiber optic,No,No,No,No,No,No,Female,0,No,No,No,0
701,2019-10-01,,Month-to-month,No,Mailed check,49.25,208.45,DSL,No,Yes,No,No,No,No,Male,0,No,No,No,0
702,2017-10-01,2019-11-01,Month-to-month,Yes,Bank transfer (automatic),79.85,2015.35,Fiber optic,Yes,Yes,No,No,No,No,Female,0,No,No,No,1
703,2014-09-01,,Two year,Yes,Mailed check,59.6,3739.8,DSL,Yes,Yes,No,Yes,No,No,Female,0,No,No,No,0
704,2017-11-01,,One year,Yes,Bank transfer (automatic),104.65,2964.0,Fiber optic,No,Yes,No,Yes,Yes,Yes,Male,1,No,No,Yes,0
705,2017-09-01,,Month-to-month,Yes,Credit card (automatic),75.3,2263.4,Fiber optic,No,No,Yes,No,No,No,Male,0,Yes,No,No,0
706,2017-09-01,,Month-to-month,No,Credit card (automatic),80.1,2211.8,DSL,No,Yes,Yes,No,Yes,Yes,Male,0,Yes,Yes,Yes,0
707,2019-09-01,2019-10-01,Month-to-month,No,Mailed check,19.55,19.55,Fiber optic,No,No,No,No,No,No,Male,0,No,No,No,1
708,2018-06-01,,Month-to-month,Yes,Mailed check,81.0,1683.7,Fiber optic,No,No,Yes,Yes,No,No,Female,0,Yes,No,No,0
709,2015-04-01,,Two year,Yes,Credit card (automatic),24.7,1519.0,Fiber optic,No,No,No,No,No,No,Female,0,No,No,Yes,0
710,2018-12-01,,Month-to-month,Yes,Mailed check,86.0,1164.05,Fiber optic,Yes,No,No,Yes,No,No,Female,0,No,Yes,Yes,0
711,2014-02-01,,Two year,No,Mailed check,25.4,1710.9,Fiber optic,No,No,No,No,No,No,Male,0,Yes,No,Yes,0
712,2016-04-01,,Month-to-month,Yes,Credit card (automatic),89.15,4245.55,Fiber optic,Yes,No,No,No,Yes,No,Male,0,No,No,Yes,0
713,2014-03-01,,Two year,No,Bank transfer (automatic),58.25,4145.9,DSL,No,Yes,Yes,Yes,Yes,Yes,Female,0,Yes,No,No,0
714,2017-06-01,,Month-to-month,Yes,Bank transfer (automatic),85.65,2664.3,Fiber optic,No,No,No,No,No,Yes,Male,0,No,No,Yes,0
715,2017-12-01,,Month-to-month,Yes,Credit card (automatic),50.35,1277.5,DSL,No,No,Yes,No,Yes,Yes,Female,0,No,No,No,0
716,2014-06-01,,Month-to-month,Yes,Credit card (automatic),80.35,5589.3,Fiber optic,No,No,Yes,No,No,No,Male,1,Yes,No,Yes,0
717,2019-12-01,,One year,No,Mailed check,20.2,34.75,Fiber optic,No,No,No,No,No,No,Male,0,Yes,Yes,No,0
718,2015-01-01,,Two year,No,Credit card (automatic),20.55,1305.95,Fiber optic,No,No,No,No,No,No,Male,0,Yes,Yes,No,0
719,2019-07-01,2019-11-01,Month-to-month,Yes,Electronic check,85.95,381.3,Fiber optic,No,No,No,No,No,Yes,Female,0,Yes,Yes,Yes,1
720,2019-08-01,2019-11-01,Month-to-month,Yes,Electronic check,45.35,141.5,DSL,No,No,No,No,No,No,Male,0,No,No,No,1
721,2017-01-01,2019-10-01,Month-to-month,Yes,Electronic check,94.5,3105.55,Fiber optic,No,No,No,No,Yes,Yes,Male,1,Yes,No,Yes,1
722,2019-05-01,,Month-to-month,Yes,Mailed check,21.25,204.55,Fiber optic,No,No,No,No,No,No,Male,1,Yes,No,No,0
723,2018-04-01,,Two year,No,Mailed check,26.25,605.9,Fiber optic,No,No,No,No,No,No,Female,0,No,No,Yes,0
724,2019-09-01,,Month-to-month,Yes,Electronic check,80.85,356.1,Fiber optic,No,No,No,No,Yes,No,Female,0,Yes,Yes,No,0
725,2017-05-01,2019-11-01,Month-to-month,No,Credit card (automatic),91.7,2758.15,Fiber optic,Yes,Yes,Yes,No,No,No,Female,1,No,No,Yes,1
726,2014-09-01,,Two year,Yes,Credit card (automatic),74.2,4805.65,DSL,No,Yes,Yes,Yes,No,Yes,Male,0,No,No,Yes,0
727,2016-02-01,2019-11-01,Month-to-month,Yes,Electronic check,87.25,3941.7,Fiber optic,No,No,Yes,Yes,No,No,Female,0,No,No,Yes,1
728,2019-09-01,,Month-to-month,No,Mailed check,20.35,92.75,Fiber optic,No,No,No,No,No,No,Male,0,No,No,No,0
729,2018-01-01,,Month-to-month,Yes,Electronic check,75.5,1901.05,Fiber optic,No,Yes,No,No,No,No,Male,0,Yes,Yes,No,0
730,2014-02-01,,Two year,No,Bank transfer (automatic),79.05,5730.7,Fiber optic,Yes,No,No,No,No,No,Female,0,Yes,Yes,Yes,0
731,2017-11-01,,Month-to-month,No,Bank transfer (automatic),90.15,2423.4,Fiber optic,No,No,Yes,No,No,Yes,Female,0,Yes,No,Yes,0
732,2017-06-01,,Month-to-month,No,Credit card (automatic),50.6,1653.45,DSL,No,No,Yes,No,Yes,Yes,Male,0,Yes,Yes,No,0
733,2017-08-01,,One year,No,Credit card (automatic),110.45,3327.05,Fiber optic,No,Yes,Yes,Yes,Yes,Yes,Female,0,No,No,Yes,0
734,2014-04-01,,Two year,No,Credit card (automatic),101.0,7085.5,Fiber optic,Yes,Yes,Yes,Yes,No,Yes,Male,0,Yes,No,No,0
735,2016-08-01,,Month-to-month,Yes,Bank transfer (automatic),79.35,3344.1,Fiber optic,No,Yes,No,No,No,No,Male,1,No,No,Yes,0
736,2014-02-01,,Two year,Yes,Bank transfer (automatic),89.85,6697.35,DSL,Yes,Yes,Yes,Yes,Yes,Yes,Female,1,Yes,No,Yes,0
737,2016-03-01,,Two year,Yes,Mailed check,65.0,2879.9,DSL,Yes,No,Yes,Yes,No,No,Female,0,No,No,Yes,0
738,2019-12-01,,Month-to-month,Yes,Electronic check,80.45,137.1,Fiber optic,Yes,No,Yes,No,No,No,Female,0,No,No,No,0
739,2019-02-01,2019-12-01,Month-to-month,No,Electronic check,98.55,1008.55,Fiber optic,Yes,No,No,No,Yes,Yes,Male,0,No,No,Yes,1
740,2015-01-01,,Two year,Yes,Mailed check,24.1,1551.6,Fiber optic,No,No,No,No,No,No,Female,0,Yes,Yes,Yes,0
741,2019-09-01,,Month-to-month,Yes,Credit card (automatic),44.05,202.15,DSL,No,No,No,No,No,No,Female,0,No,No,No,0
742,2014-02-01,,Two year,Yes,Credit card (automatic),110.8,7882.25,Fiber optic,No,Yes,Yes,Yes,Yes,Yes,Female,1,Yes,No,Yes,0
743,2014-02-01,,Two year,Yes,Bank transfer (automatic),114.95,8196.4,Fiber optic,Yes,Yes,Yes,Yes,Yes,Yes,Male,1,Yes,Yes,Yes,0
744,2019-11-01,,Month-to-month,No,Mailed check,75.05,202.9,Fiber optic,No,No,Yes,No,No,No,Female,1,No,No,No,0
745,2016-02-01,,Two year,No,Mailed check,19.25,855.1,Fiber optic,No,No,No,No,No,No,Male,0,Yes,No,No,0
746,2014-11-01,,One year,Yes,Credit card (automatic),90.05,5817.0,Fiber optic,No,No,Yes,Yes,Yes,No,Female,0,No,No,No,0
747,2017-11-01,,Month-to-month,Yes,Mailed check,56.7,1652.95,DSL,Yes,Yes,No,No,No,No,Female,0,No,No,No,0
748,2014-04-01,,Two year,Yes,Credit card (automatic),80.15,5600.15,DSL,Yes,Yes,Yes,No,Yes,Yes,Male,0,Yes,Yes,No,0
749,2019-07-01,,Month-to-month,Yes,Credit card (automatic),71.35,515.75,DSL,Yes,No,Yes,Yes,No,Yes,Male,0,Yes,Yes,No,0
750,2020-02-01,,Two year,No,Mailed check,20.25,2291.023009417808,Fiber optic,No,No,No,No,No,No,Male,0,No,Yes,No,0
751,2019-12-01,,Month-to-month,No,Electronic check,90.35,190.5,Fiber optic,Yes,Yes,No,No,Yes,No,Female,0,Yes,No,No,0
752,2018-04-01,2019-12-01,Month-to-month,Yes,Electronic check,98.55,1842.8,Fiber optic,No,No,Yes,No,Yes,Yes,Male,1,No,No,Yes,1
753,2014-08-01,,Two year,No,Bank transfer (automatic),19.7,1253.8,Fiber optic,No,No,No,No,No,No,Male,0,No,No,No,0
754,2019-11-01,,Month-to-month,No,Mailed check,19.85,57.2,Fiber optic,No,No,No,No,No,No,Female,0,No,No,No,0
755,2018-10-01,2020-01-01,Month-to-month,Yes,Bank transfer (automatic),85.9,1269.55,Fiber optic,No,Yes,No,No,No,Yes,Female,0,No,Yes,No,1
756,2014-02-01,,Two year,Yes,Bank transfer (automatic),90.35,6563.4,Fiber optic,Yes,Yes,No,Yes,No,No,Female,0,Yes,Yes,Yes,0
757,2020-01-01,,Month-to-month,No,Mailed check,20.8,20.8,Fiber optic,No,No,No,No,No,No,Male,0,No,No,No,0
758,2017-12-01,2019-10-01,Month-to-month,No,Electronic check,89.25,1907.85,Fiber optic,No,No,No,No,Yes,Yes,Female,0,No,No,No,1
759,2019-07-01,2019-10-01,Month-to-month,Yes,Electronic check,70.3,208.85,Fiber optic,No,No,No,No,No,No,Male,0,Yes,No,No,1
760,2014-02-01,,Two year,No,Bank transfer (automatic),66.85,4758.8,DSL,Yes,No,Yes,Yes,No,No,Female,0,Yes,Yes,Yes,0
761,2014-09-01,,Two year,No,Mailed check,19.9,1292.6,Fiber optic,No,No,No,No,No,No,Male,0,Yes,Yes,No,0
762,2019-03-01,,Month-to-month,Yes,Mailed check,35.8,363.15,DSL,No,No,No,No,Yes,No,Female,0,No,No,No,0
763,2018-04-01,,Month-to-month,Yes,Mailed check,78.85,1600.25,Fiber optic,No,Yes,No,No,No,No,Male,0,No,No,Yes,0
764,2018-12-01,,One year,No,Bank transfer (automatic),20.4,275.7,Fiber optic,No,No,No,No,No,No,Male,0,No,No,No,0
765,2016-09-01,,Month-to-month,Yes,Electronic check,74.25,3089.1,Fiber optic,No,No,No,Yes,No,No,Male,0,No,No,No,0
766,2018-09-01,,One year,No,Mailed check,64.8,1175.6,DSL,Yes,Yes,No,No,No,Yes,Male,0,Yes,No,No,0
767,2019-03-01,,Month-to-month,Yes,Credit card (automatic),20.45,237.3,Fiber optic,No,No,No,No,No,No,Male,0,No,No,No,0
768,2018-08-01,2019-11-01,Month-to-month,Yes,Electronic check,93.35,1444.65,Fiber optic,No,No,No,No,Yes,Yes,Male,0,No,No,Yes,1
769,2019-12-01,2020-01-01,Month-to-month,No,Mailed check,19.9,19.9,Fiber optic,No,No,No,No,No,No,Female,0,No,No,No,1
770,2019-06-01,2019-11-01,Month-to-month,Yes,Mailed check,88.9,454.15,Fiber optic,Yes,No,Yes,No,No,Yes,Female,0,Yes,No,No,1
771,2017-04-01,2020-01-01,One year,Yes,Electronic check,95.8,3036.75,Fiber optic,No,No,Yes,No,Yes,Yes,Male,0,Yes,No,No,1
772,2014-02-01,,Two year,Yes,Credit card (automatic),110.65,8065.65,Fiber optic,Yes,Yes,Yes,No,Yes,Yes,Female,0,Yes,No,Yes,0
773,2019-11-01,,Month-to-month,No,Mailed check,40.3,92.5,DSL,No,Yes,No,No,No,Yes,Female,0,Yes,Yes,No,0
774,2019-08-01,2019-10-01,Month-to-month,Yes,Electronic check,82.0,184.65,Fiber optic,No,Yes,No,No,No,No,Male,0,No,No,Yes,1
775,2015-03-01,,One year,Yes,Credit card (automatic),107.0,6152.3,Fiber optic,Yes,Yes,Yes,Yes,No,Yes,Female,0,Yes,No,Yes,0
776,2019-09-01,2019-11-01,Month-to-month,No,Electronic check,45.35,89.5,DSL,No,No,No,No,No,No,Male,0,No,No,No,1
777,2014-03-01,,Two year,Yes,Credit card (automatic),73.35,5154.5,DSL,No,Yes,No,Yes,Yes,Yes,Male,0,Yes,Yes,No,0
778,2019-09-01,,Month-to-month,No,Mailed check,44.8,220.45,DSL,No,No,No,No,No,No,Female,0,Yes,Yes,No,0
779,2017-11-01,,Month-to-month,Yes,Credit card (automatic),54.75,1510.3,DSL,Yes,Yes,No,No,No,No,Male,0,Yes,Yes,No,0
780,2019-10-01,2019-11-01,Month-to-month,Yes,Electronic check,52.2,52.2,DSL,No,No,No,Yes,No,No,Female,0,No,No,No,1
781,2014-11-01,,One year,Yes,Bank transfer (automatic),40.6,2588.95,DSL,Yes,Yes,No,Yes,No,No,Male,0,No,Yes,No,0
782,2016-02-01,2019-12-01,One year,Yes,Electronic check,110.0,4874.8,Fiber optic,Yes,Yes,Yes,No,Yes,Yes,Female,1,No,No,Yes,1
783,2014-02-01,,Two year,No,Bank transfer (automatic),55.3,3983.6,DSL,Yes,No,No,No,No,No,Male,0,Yes,Yes,Yes,0
784,2017-04-01,,Month-to-month,Yes,Bank transfer (automatic),60.85,2003.6,DSL,Yes,No,No,Yes,No,No,Female,0,Yes,No,Yes,0
785,2018-02-01,,One year,No,Electronic check,78.4,1832.4,DSL,Yes,Yes,No,No,Yes,Yes,Female,0,Yes,Yes,Yes,0
786,2014-02-01,,Two year,No,Bank transfer (automatic),69.65,4908.25,DSL,Yes,Yes,Yes,Yes,No,No,Male,0,No,No,Yes,0
787,2015-02-01,,Two year,No,Credit card (automatic),59.85,3590.2,DSL,Yes,No,Yes,Yes,Yes,Yes,Female,0,Yes,Yes,No,0
788,2014-06-01,,One year,Yes,Credit card (automatic),76.9,5023.0,DSL,Yes,Yes,Yes,No,No,Yes,Male,0,No,No,Yes,0
789,2019-06-01,,Two year,Yes,Mailed check,19.85,146.6,Fiber optic,No,No,No,No,No,No,Female,0,Yes,Yes,No,0
790,2017-04-01,,Two year,No,Credit card (automatic),67.65,2339.3,DSL,Yes,No,Yes,Yes,Yes,No,Female,0,No,Yes,No,0
791,2019-08-01,,Month-to-month,No,Credit card (automatic),45.0,298.7,DSL,No,No,No,No,Yes,Yes,Female,0,No,No,No,0
792,2019-12-01,,Month-to-month,Yes,Mailed check,64.2,143.65,DSL,No,Yes,No,Yes,No,Yes,Male,0,Yes,No,No,0
793,2017-07-01,,One year,No,Credit card (automatic),81.7,2548.65,Fiber optic,No,No,No,Yes,No,No,Male,0,No,No,Yes,0
794,2018-06-01,,Month-to-month,Yes,Bank transfer (automatic),25.55,507.4,Fiber optic,No,No,No,No,No,No,Female,0,Yes,Yes,Yes,0
795,2020-01-01,,Month-to-month,No,Electronic check,20.0,20.0,Fiber optic,No,No,No,No,No,No,Female,0,Yes,Yes,No,0
796,2014-11-01,2020-01-01,One year,Yes,Electronic check,96.75,6125.4,Fiber optic,No,No,Yes,No,Yes,Yes,Male,0,No,No,Yes,1
797,2014-04-01,,Two year,Yes,Credit card (automatic),75.65,5411.4,Fiber optic,No,No,No,No,No,No,Female,1,Yes,No,Yes,0
798,2019-01-01,2019-11-01,Month-to-month,Yes,Electronic check,98.5,1058.25,Fiber optic,No,No,No,Yes,Yes,Yes,Female,0,No,No,Yes,1
799,2016-11-01,,Two year,Yes,Mailed check,23.8,903.8,Fiber optic,No,No,No,No,No,No,Male,0,Yes,Yes,Yes,0
800,2016-04-01,,Two year,Yes,Credit card (automatic),64.2,3009.5,DSL,No,Yes,No,Yes,Yes,No,Female,0,Yes,No,No,0
801,2019-05-01,2019-11-01,Month-to-month,Yes,Electronic check,85.35,489.45,Fiber optic,No,Yes,No,No,Yes,No,Male,0,No,No,No,1
802,2014-02-01,,Two year,Yes,Bank transfer (automatic),76.8,5468.45,DSL,No,No,Yes,No,Yes,Yes,Female,0,Yes,Yes,Yes,0
803,2018-08-01,,Month-to-month,No,Credit card (automatic),55.2,1058.1,DSL,No,No,Yes,Yes,No,No,Male,0,No,No,No,0
804,2014-03-01,,Two year,Yes,Credit card (automatic),108.55,7616.0,Fiber optic,Yes,No,Yes,Yes,Yes,Yes,Male,0,Yes,No,Yes,0
805,2016-08-01,2019-12-01,Month-to-month,Yes,Electronic check,101.3,4113.1,Fiber optic,No,Yes,No,No,Yes,Yes,Male,0,Yes,No,Yes,1
806,2019-11-01,2019-12-01,Month-to-month,Yes,Electronic check,69.55,69.55,Fiber optic,No,No,No,No,No,No,Male,0,No,No,No,1
807,2014-12-01,2019-10-01,One year,Yes,Bank transfer (automatic),103.25,6017.65,Fiber optic,No,Yes,Yes,No,Yes,Yes,Male,0,No,No,Yes,1
808,2014-02-01,2019-12-01,Two year,Yes,Credit card (automatic),104.0,7250.15,Fiber optic,Yes,No,No,Yes,Yes,Yes,Male,0,No,No,Yes,1
809,2016-08-01,,Two year,No,Electronic check,25.25,1108.2,Fiber optic,No,No,No,No,No,No,Female,0,Yes,No,Yes,0
810,2017-04-01,,One year,No,Bank transfer (automatic),30.4,938.65,DSL,Yes,No,No,No,No,No,Male,0,Yes,Yes,No,0
811,2019-09-01,,Month-to-month,No,Bank transfer (automatic),20.05,94.15,Fiber optic,No,No,No,No,No,No,Male,1,No,No,No,0
812,2018-01-01,,Month-to-month,Yes,Mailed check,84.6,2088.05,Fiber optic,No,No,No,No,Yes,No,Female,0,No,No,Yes,0
813,2019-08-01,2019-10-01,Month-to-month,Yes,Mailed check,86.2,178.7,Fiber optic,No,No,Yes,No,No,Yes,Female,0,No,No,No,1
814,2015-07-01,,One year,Yes,Bank transfer (automatic),103.7,5656.75,Fiber optic,No,Yes,Yes,Yes,Yes,Yes,Female,0,Yes,Yes,No,0
815,2018-02-01,2019-11-01,Month-to-month,Yes,Electronic check,111.2,2317.1,Fiber optic,No,Yes,Yes,Yes,Yes,Yes,Male,0,Yes,No,Yes,1
816,2014-04-01,,Two year,Yes,Credit card (automatic),88.0,5986.45,Fiber optic,Yes,Yes,No,Yes,No,No,Male,0,Yes,No,Yes,0
817,2015-01-01,,Month-to-month,Yes,Electronic check,106.35,6751.35,Fiber optic,No,No,Yes,Yes,Yes,Yes,Female,0,Yes,No,Yes,0
818,2016-07-01,,Two year,Yes,Credit card (automatic),79.15,3566.6,DSL,Yes,No,Yes,Yes,Yes,Yes,Male,0,Yes,Yes,No,0
819,2016-03-01,,One year,Yes,Electronic check,103.1,4889.3,Fiber optic,No,Yes,Yes,No,Yes,Yes,Male,0,No,No,Yes,0
820,2019-09-01,,Month-to-month,Yes,Credit card (automatic),63.95,318.1,DSL,No,No,Yes,Yes,Yes,No,Male,0,No,No,No,0
821,2014-12-01,,Two year,Yes,Credit card (automatic),25.8,1563.95,Fiber optic,No,No,No,No,No,No,Female,0,No,No,Yes,0
822,2018-09-01,2020-01-01,Month-to-month,Yes,Credit card (automatic),89.45,1430.25,Fiber optic,No,Yes,Yes,No,Yes,No,Female,0,Yes,Yes,No,1
823,2019-06-01,2020-01-01,Month-to-month,Yes,Bank transfer (automatic),95.6,644.35,Fiber optic,No,No,No,No,Yes,Yes,Male,1,Yes,No,Yes,1
824,2018-12-01,,Month-to-month,No,Mailed check,25.55,372.45,Fiber optic,No,No,No,No,No,No,Female,0,Yes,Yes,Yes,0
825,2014-10-01,2019-10-01,One year,No,Electronic check,90.95,5453.4,Fiber optic,No,Yes,Yes,No,Yes,No,Male,0,Yes,Yes,No,1
826,2017-04-01,,Month-to-month,Yes,Electronic check,44.85,1442.6,DSL,No,No,Yes,Yes,Yes,No,Male,0,Yes,Yes,No,0
827,2015-08-01,2019-10-01,One year,No,Electronic check,108.55,5610.7,Fiber optic,Yes,Yes,No,Yes,Yes,Yes,Female,0,Yes,No,Yes,1
828,2016-12-01,,Two year,No,Credit card (automatic),25.05,963.95,Fiber optic,No,No,No,No,No,No,Male,0,Yes,Yes,Yes,0
829,2014-04-01,,One year,No,Credit card (automatic),74.1,5222.3,DSL,Yes,Yes,Yes,Yes,No,Yes,Female,0,Yes,Yes,No,0
830,2017-01-01,,Month-to-month,Yes,Electronic check,88.8,3340.55,Fiber optic,No,Yes,No,No,Yes,No,Female,0,Yes,Yes,Yes,0
831,2019-07-01,2019-11-01,Month-to-month,Yes,Electronic check,78.85,292.8,Fiber optic,No,No,No,No,Yes,No,Female,1,No,No,No,1
832,2015-02-01,,Month-to-month,Yes,Electronic check,93.25,5774.55,Fiber optic,Yes,Yes,No,No,No,Yes,Male,1,Yes,Yes,Yes,0
833,2014-12-01,,One year,No,Credit card (automatic),71.4,4487.3,DSL,Yes,No,Yes,Yes,No,Yes,Male,0,Yes,Yes,No,0
834,2019-09-01,2019-10-01,Month-to-month,No,Mailed check,44.4,44.4,DSL,No,No,No,No,No,No,Male,0,No,No,No,1
835,2017-02-01,,Month-to-month,Yes,Credit card (automatic),79.2,2854.95,DSL,Yes,No,Yes,Yes,Yes,Yes,Male,0,No,No,No,0
836,2016-06-01,,Two year,No,Credit card (automatic),20.4,905.55,Fiber optic,No,No,No,No,No,No,Male,0,No,No,No,0
837,2015-04-01,2019-11-01,One year,Yes,Electronic check,100.0,5509.3,Fiber optic,No,No,Yes,No,Yes,Yes,Female,1,No,No,Yes,1
838,2014-02-01,,Two year,Yes,Credit card (automatic),105.0,7589.8,Fiber optic,Yes,No,Yes,No,Yes,Yes,Female,0,Yes,No,Yes,0
839,2018-10-01,2019-10-01,One year,No,Bank transfer (automatic),19.8,229.6,Fiber optic,No,No,No,No,No,No,Female,0,Yes,Yes,No,1
840,2019-01-01,,Month-to-month,Yes,Bank transfer (automatic),30.85,394.1,DSL,Yes,No,No,No,No,No,Female,0,No,No,No,0
841,2019-10-01,2019-11-01,Month-to-month,Yes,Electronic check,89.9,89.9,Fiber optic,No,No,No,No,Yes,Yes,Male,0,No,No,No,1
842,2018-11-01,,One year,No,Mailed check,20.55,295.95,Fiber optic,No,No,No,No,No,No,Female,0,Yes,Yes,No,0
843,2014-09-01,,Two year,Yes,Bank transfer (automatic),84.85,5459.2,DSL,Yes,Yes,Yes,Yes,Yes,Yes,Female,0,No,No,No,0
844,2019-02-01,,One year,No,Credit card (automatic),33.15,444.75,DSL,Yes,No,No,Yes,No,No,Female,0,Yes,Yes,No,0
845,2014-02-01,,Two year,Yes,Credit card (automatic),92.0,6782.15,DSL,Yes,Yes,Yes,Yes,Yes,Yes,Male,0,Yes,No,Yes,0
846,2014-02-01,,Two year,No,Credit card (automatic),89.8,6510.45,DSL,Yes,Yes,Yes,Yes,Yes,Yes,Female,0,Yes,Yes,Yes,0
847,2014-02-01,,Two year,Yes,Bank transfer (automatic),115.8,8476.5,Fiber optic,Yes,Yes,Yes,Yes,Yes,Yes,Female,0,Yes,Yes,Yes,0
848,2015-10-01,,Two year,Yes,Mailed check,85.15,4461.85,DSL,Yes,Yes,No,Yes,Yes,Yes,Male,0,No,Yes,Yes,0
849,2019-12-01,,Month-to-month,No,Mailed check,24.85,62.0,Fiber optic,No,No,No,No,No,No,Male,0,No,No,Yes,0
850,2019-09-01,,Month-to-month,Yes,Electronic check,64.35,352.65,DSL,Yes,No,No,Yes,Yes,No,Female,0,No,No,No,0
851,2014-06-01,,Two year,No,Credit card (automatic),20.5,1424.9,Fiber optic,No,No,No,No,No,No,Female,0,No,No,No,0
852,2014-08-01,2019-10-01,One year,Yes,Electronic check,100.15,6413.65,Fiber optic,No,No,Yes,No,Yes,Yes,Female,0,No,Yes,Yes,1
853,2014-02-01,,Two year,No,Credit card (automatic),86.05,6309.65,DSL,Yes,Yes,No,Yes,Yes,Yes,Male,0,No,No,Yes,0
854,2019-11-01,2019-12-01,Month-to-month,No,Electronic check,50.8,50.8,DSL,No,Yes,No,No,No,No,Male,0,No,No,No,1
855,2014-08-01,,One year,No,Electronic check,89.0,5898.6,Fiber optic,Yes,Yes,No,Yes,No,No,Female,0,Yes,No,Yes,0
856,2014-02-01,,Two year,Yes,Credit card (automatic),64.8,4719.75,DSL,Yes,Yes,Yes,Yes,Yes,Yes,Male,0,Yes,Yes,No,0
857,2017-12-01,,One year,No,Credit card (automatic),19.8,457.3,Fiber optic,No,No,No,No,No,No,Male,0,No,No,No,0
858,2014-10-01,,Two year,No,Bank transfer (automatic),93.4,5822.3,Fiber optic,Yes,No,Yes,No,No,Yes,Male,0,Yes,Yes,Yes,0
859,2018-04-01,2019-12-01,Month-to-month,Yes,Electronic check,73.65,1463.5,Fiber optic,No,Yes,No,No,No,No,Male,1,Yes,No,No,1
860,2019-09-01,2019-12-01,Month-to-month,Yes,Electronic check,95.1,307.4,Fiber optic,No,Yes,No,No,Yes,Yes,Female,0,No,No,No,1
861,2018-03-01,2020-01-01,Month-to-month,Yes,Credit card (automatic),94.65,2104.55,Fiber optic,No,No,No,No,Yes,Yes,Male,0,No,No,Yes,1
862,2019-08-01,2019-12-01,Month-to-month,Yes,Mailed check,80.6,319.15,Fiber optic,No,No,Yes,Yes,No,No,Male,0,Yes,No,No,1
863,2014-12-01,,Two year,Yes,Bank transfer (automatic),39.0,2337.45,DSL,No,No,No,Yes,Yes,No,Male,0,Yes,No,No,0
864,2019-09-01,,Month-to-month,Yes,Mailed check,20.5,104.3,Fiber optic,No,No,No,No,No,No,Female,0,No,No,No,0
865,2014-11-01,2019-10-01,One year,No,Electronic check,85.55,5084.65,Fiber optic,No,No,No,No,No,Yes,Male,0,Yes,No,Yes,1
866,2019-11-01,,Two year,Yes,Mailed check,26.4,121.25,Fiber optic,No,No,No,No,No,No,Male,0,No,Yes,Yes,0
867,2014-02-01,,Two year,Yes,Bank transfer (automatic),98.2,7015.9,Fiber optic,Yes,No,Yes,Yes,Yes,No,Female,0,Yes,No,Yes,0
868,2015-05-01,,One year,Yes,Credit card (automatic),97.55,5598.0,Fiber optic,No,Yes,Yes,No,Yes,Yes,Male,0,Yes,Yes,No,0
869,2014-08-01,,Two year,No,Credit card (automatic),19.95,1269.1,Fiber optic,No,No,No,No,No,No,Male,0,No,Yes,No,0
870,2014-11-01,2019-11-01,Month-to-month,Yes,Electronic check,50.8,3027.4,DSL,No,Yes,No,No,Yes,Yes,Female,0,No,No,No,1
871,2016-05-01,,Two year,No,Bank transfer (automatic),99.7,4634.35,Fiber optic,No,No,Yes,No,Yes,Yes,Male,0,No,Yes,Yes,0
872,2019-11-01,,Month-to-month,Yes,Credit card (automatic),34.8,113.95,DSL,No,No,No,No,Yes,No,Female,0,No,No,No,0
873,2018-08-01,2019-11-01,Month-to-month,No,Electronic check,105.1,1582.75,Fiber optic,Yes,No,Yes,Yes,Yes,Yes,Female,0,No,No,No,1
874,2015-11-01,,One year,No,Bank transfer (automatic),60.15,3077.0,DSL,Yes,No,Yes,Yes,Yes,Yes,Female,0,No,Yes,No,0
875,2015-02-01,,One year,No,Electronic check,64.75,4039.5,DSL,Yes,No,Yes,Yes,No,No,Female,0,No,No,Yes,0
876,2017-05-01,,Month-to-month,Yes,Bank transfer (automatic),54.65,1665.2,DSL,No,Yes,No,No,No,No,Male,0,No,No,Yes,0
877,2019-03-01,2020-01-01,Month-to-month,Yes,Electronic check,110.1,1043.3,Fiber optic,Yes,Yes,Yes,Yes,Yes,Yes,Male,0,No,No,No,1
878,2017-12-01,,One year,No,Credit card (automatic),19.3,504.2,Fiber optic,No,No,No,No,No,No,Male,1,No,No,No,0
879,2019-04-01,2019-10-01,Month-to-month,No,Electronic check,83.9,497.55,Fiber optic,No,No,Yes,No,No,Yes,Female,0,No,No,No,1
880,2014-07-01,,One year,Yes,Electronic check,111.25,7511.65,Fiber optic,Yes,No,Yes,Yes,Yes,Yes,Female,0,Yes,No,Yes,0
881,2016-01-01,,One year,Yes,Credit card (automatic),35.8,1782.0,DSL,Yes,No,No,Yes,No,No,Female,0,Yes,Yes,No,0
882,2020-01-01,,Month-to-month,Yes,Mailed check,20.05,20.05,Fiber optic,No,No,No,No,No,No,Male,0,No,No,No,0
883,2019-07-01,,Month-to-month,Yes,Electronic check,84.35,609.65,Fiber optic,No,No,Yes,No,Yes,No,Female,1,No,No,No,0
884,2017-11-01,,One year,Yes,Bank transfer (automatic),110.5,2857.6,Fiber optic,Yes,Yes,Yes,No,Yes,Yes,Female,1,No,No,Yes,0
885,2017-01-01,,One year,No,Credit card (automatic),91.2,3247.55,Fiber optic,No,No,No,No,Yes,Yes,Male,0,Yes,Yes,No,0
886,2014-07-01,2019-10-01,Month-to-month,Yes,Electronic check,100.55,6215.35,Fiber optic,Yes,Yes,Yes,No,Yes,No,Female,0,Yes,Yes,Yes,1
887,2017-07-01,,Month-to-month,No,Electronic check,89.3,2823.0,Fiber optic,Yes,No,Yes,Yes,No,No,Male,0,Yes,Yes,Yes,0
888,2015-10-01,2019-12-01,Month-to-month,Yes,Bank transfer (automatic),103.85,5017.9,Fiber optic,No,Yes,Yes,No,Yes,Yes,Male,0,Yes,Yes,Yes,1
889,2017-06-01,,Month-to-month,Yes,Credit card (automatic),81.1,2619.25,Fiber optic,No,No,Yes,No,No,No,Male,1,No,No,Yes,0
890,2019-10-01,2019-11-01,Month-to-month,No,Electronic check,24.6,24.6,DSL,No,No,No,No,No,No,Female,0,No,No,No,1
891,2014-11-01,,One year,Yes,Credit card (automatic),81.2,4965.1,Fiber optic,No,No,No,Yes,No,No,Female,0,Yes,No,Yes,0
892,2017-08-01,,Month-to-month,Yes,Credit card (automatic),94.3,2679.7,Fiber optic,Yes,Yes,No,No,No,Yes,Male,0,No,No,Yes,0
893,2014-03-01,,Two year,Yes,Bank transfer (automatic),116.1,8310.55,Fiber optic,Yes,Yes,Yes,Yes,Yes,Yes,Male,0,Yes,No,Yes,0
894,2015-09-01,,Two year,No,Electronic check,105.55,5682.25,Fiber optic,No,Yes,Yes,No,Yes,Yes,Female,0,No,No,Yes,0
895,2018-11-01,2019-11-01,Month-to-month,Yes,Bank transfer (automatic),98.9,1120.95,Fiber optic,Yes,No,No,Yes,Yes,Yes,Female,0,No,No,No,1
896,2015-12-01,,Month-to-month,Yes,Credit card (automatic),94.4,4914.9,Fiber optic,Yes,Yes,No,No,No,Yes,Male,0,Yes,No,Yes,0
897,2019-12-01,,Month-to-month,No,Mailed check,19.5,27.55,Fiber optic,No,No,No,No,No,No,Female,0,No,No,No,0
898,2019-03-01,2019-12-01,Month-to-month,No,Credit card (automatic),98.3,923.5,Fiber optic,No,No,Yes,No,Yes,Yes,Female,0,No,No,Yes,1
899,2018-06-01,2019-11-01,Month-to-month,No,Electronic check,93.85,1625.65,Fiber optic,Yes,No,No,No,Yes,Yes,Male,0,No,No,No,1
900,2015-06-01,,One year,Yes,Credit card (automatic),105.6,6068.65,Fiber optic,Yes,Yes,Yes,No,Yes,Yes,Female,0,Yes,No,No,0
901,2014-07-01,,Two year,No,Credit card (automatic),81.35,5398.6,DSL,Yes,Yes,Yes,No,Yes,Yes,Male,0,Yes,Yes,No,0
902,2019-02-01,2019-11-01,Month-to-month,Yes,Electronic check,100.5,918.6,Fiber optic,No,No,Yes,No,Yes,Yes,Male,1,No,No,Yes,1
903,2019-10-01,,Month-to-month,Yes,Electronic check,56.4,234.85,DSL,No,No,No,No,Yes,No,Male,0,No,No,No,0
904,2018-07-01,,One year,Yes,Bank transfer (automatic),65.35,1231.85,DSL,No,Yes,No,Yes,No,Yes,Male,0,No,No,No,0
905,2019-06-01,,Month-to-month,No,Mailed check,19.95,170.9,Fiber optic,No,No,No,No,No,No,Female,0,No,Yes,No,0
906,2014-03-01,,Two year,Yes,Electronic check,111.25,7984.15,Fiber optic,No,Yes,Yes,Yes,Yes,Yes,Female,0,No,No,Yes,0
907,2018-12-01,2019-10-01,Month-to-month,Yes,Electronic check,72.85,688.65,Fiber optic,No,Yes,No,No,No,No,Male,1,No,No,No,1
908,2018-11-01,,Month-to-month,No,Credit card (automatic),89.0,1288.3,Fiber optic,No,Yes,No,No,Yes,No,Female,1,No,No,Yes,0
909,2014-02-01,,One year,Yes,Bank transfer (automatic),106.1,7848.5,Fiber optic,Yes,No,Yes,No,Yes,Yes,Male,0,Yes,Yes,Yes,0
910,2019-02-01,,One year,No,Credit card (automatic),20.05,267.0,Fiber optic,No,No,No,No,No,No,Male,0,No,No,No,0
911,2014-02-01,,Two year,Yes,Bank transfer (automatic),25.2,1798.9,Fiber optic,No,No,No,No,No,No,Male,0,Yes,Yes,Yes,0
912,2019-12-01,2020-01-01,Month-to-month,Yes,Electronic check,73.55,73.55,Fiber optic,No,No,No,No,No,No,Male,1,Yes,No,Yes,1
913,2018-03-01,,Month-to-month,Yes,Bank transfer (automatic),75.4,1643.55,Fiber optic,Yes,No,No,No,No,No,Female,1,No,No,No,0
914,2014-02-01,,Two year,Yes,Bank transfer (automatic),65.55,4807.45,DSL,Yes,Yes,Yes,Yes,Yes,Yes,Male,0,No,No,No,0
915,2017-12-01,,Month-to-month,Yes,Electronic check,80.7,2193.0,Fiber optic,No,No,Yes,No,No,No,Female,0,No,No,Yes,0
916,2018-05-01,,One year,Yes,Mailed check,104.55,2239.4,Fiber optic,No,Yes,Yes,Yes,Yes,Yes,Female,0,No,No,No,0
917,2015-02-01,,One year,No,Bank transfer (automatic),24.15,1505.9,Fiber optic,No,No,No,No,No,No,Male,0,Yes,No,Yes,0
918,2019-02-01,,Month-to-month,No,Mailed check,20.45,255.35,Fiber optic,No,No,No,No,No,No,Male,0,No,No,No,0
919,2018-10-01,,Month-to-month,Yes,Electronic check,75.4,1189.4,Fiber optic,No,No,No,No,No,No,Male,0,Yes,No,Yes,0
920,2014-11-01,,One year,Yes,Credit card (automatic),79.7,4786.15,DSL,Yes,Yes,No,No,Yes,Yes,Female,0,Yes,No,Yes,0
921,2018-04-01,,Month-to-month,No,Electronic check,81.7,1820.9,Fiber optic,Yes,Yes,No,No,No,No,Female,1,No,No,No,0
922,2017-06-01,,Month-to-month,No,Bank transfer (automatic),76.3,2404.15,DSL,Yes,Yes,Yes,Yes,No,Yes,Female,0,Yes,Yes,No,0
923,2019-09-01,2019-12-01,Month-to-month,Yes,Electronic check,79.4,205.05,Fiber optic,No,Yes,No,No,No,No,Female,1,No,No,Yes,1
924,2018-09-01,2019-10-01,Month-to-month,Yes,Electronic check,81.15,952.3,Fiber optic,No,Yes,Yes,No,No,No,Female,0,No,No,No,1
925,2014-06-01,,Two year,Yes,Credit card (automatic),103.75,7039.45,Fiber optic,No,Yes,No,Yes,Yes,Yes,Female,0,Yes,Yes,Yes,0
926,2017-08-01,,One year,No,Electronic check,86.45,2538.05,Fiber optic,No,No,Yes,No,No,Yes,Female,0,Yes,Yes,No,0
927,2018-10-01,,Month-to-month,No,Bank transfer (automatic),75.1,1212.85,Fiber optic,No,Yes,No,No,No,No,Female,0,No,No,No,0
928,2017-05-01,,Two year,No,Bank transfer (automatic),80.6,2651.1,Fiber optic,No,Yes,No,Yes,No,No,Male,0,No,No,No,0
929,2014-02-01,,Two year,No,Credit card (automatic),19.3,1304.8,Fiber optic,No,No,No,No,No,No,Male,0,Yes,No,No,0
930,2019-08-01,2019-12-01,Month-to-month,Yes,Electronic check,84.6,360.1,Fiber optic,No,No,No,No,No,Yes,Female,1,No,No,Yes,1
931,2019-02-01,,One year,Yes,Mailed check,33.6,435.45,DSL,Yes,No,No,Yes,No,No,Female,0,No,No,No,0
932,2019-10-01,,Month-to-month,Yes,Electronic check,83.25,308.05,Fiber optic,No,No,No,No,Yes,No,Female,1,Yes,No,Yes,0
933,2020-02-01,,Two year,No,Mailed check,80.85,2291.023009417808,DSL,Yes,Yes,Yes,No,Yes,Yes,Female,0,Yes,Yes,No,0
934,2019-04-01,2019-10-01,Month-to-month,Yes,Electronic check,79.05,434.5,Fiber optic,Yes,No,No,No,No,No,Female,0,No,No,Yes,1
935,2014-09-01,,One year,Yes,Credit card (automatic),108.05,7118.9,Fiber optic,No,Yes,Yes,Yes,Yes,Yes,Female,0,Yes,No,Yes,0
936,2018-11-01,,Month-to-month,No,Mailed check,19.9,320.45,Fiber optic,No,No,No,No,No,No,Female,0,No,No,No,0
937,2018-02-01,,One year,No,Bank transfer (automatic),21.05,531.55,Fiber optic,No,No,No,No,No,No,Female,0,No,Yes,No,0
938,2019-01-01,,Month-to-month,No,Electronic check,30.15,382.2,DSL,No,Yes,No,No,No,No,Female,0,No,Yes,No,0
939,2018-02-01,,Month-to-month,Yes,Credit card (automatic),79.85,2001.0,Fiber optic,No,No,No,No,No,Yes,Male,0,No,No,No,0
940,2014-02-01,,Two year,No,Bank transfer (automatic),65.5,4919.7,DSL,Yes,Yes,Yes,Yes,Yes,Yes,Female,0,Yes,No,No,0
941,2015-08-01,,Month-to-month,Yes,Bank transfer (automatic),104.1,5645.8,Fiber optic,Yes,Yes,No,No,Yes,Yes,Female,0,Yes,Yes,Yes,0
942,2019-09-01,2019-12-01,Month-to-month,No,Bank transfer (automatic),74.4,215.8,Fiber optic,No,No,No,No,No,No,Female,0,No,No,Yes,1
943,2019-10-01,,Month-to-month,Yes,Mailed check,20.5,77.6,Fiber optic,No,No,No,No,No,No,Male,0,Yes,Yes,No,0
944,2017-06-01,,Month-to-month,Yes,Mailed check,91.35,2896.55,Fiber optic,No,No,Yes,No,Yes,No,Female,1,Yes,Yes,Yes,0
945,2017-02-01,2020-01-01,Month-to-month,Yes,Electronic check,99.05,3395.8,Fiber optic,No,No,Yes,No,Yes,Yes,Male,1,No,No,Yes,1
946,2017-03-01,,Two year,No,Bank transfer (automatic),20.5,759.35,Fiber optic,No,No,No,No,No,No,Male,0,Yes,Yes,No,0
947,2019-08-01,2019-10-01,Month-to-month,No,Mailed check,44.95,85.15,DSL,No,No,No,No,No,No,Male,1,No,No,No,1
948,2019-06-01,,Month-to-month,No,Electronic check,75.6,535.55,Fiber optic,No,Yes,No,No,No,No,Female,0,No,No,No,0
949,2018-04-01,,Month-to-month,No,Mailed check,55.1,1253.15,DSL,Yes,No,No,Yes,No,No,Male,0,No,No,No,0
950,2018-11-01,,Month-to-month,No,Electronic check,58.95,955.15,DSL,Yes,No,Yes,Yes,No,No,Female,0,No,No,No,0
951,2018-04-01,,Month-to-month,Yes,Electronic check,95.1,2162.6,Fiber optic,No,No,No,No,Yes,Yes,Male,0,No,No,Yes,0
952,2019-11-01,2019-12-01,Month-to-month,No,Credit card (automatic),44.7,44.7,DSL,No,No,No,No,No,No,Male,0,Yes,No,No,1
953,2014-03-01,,Two year,No,Bank transfer (automatic),25.45,1813.35,Fiber optic,No,No,No,No,No,No,Female,0,Yes,Yes,Yes,0
954,2019-10-01,,Month-to-month,No,Electronic check,56.75,245.15,DSL,Yes,No,Yes,No,No,No,Male,0,No,No,No,0
955,2018-01-01,,Month-to-month,No,Bank transfer (automatic),81.75,2028.8,DSL,Yes,Yes,Yes,Yes,No,Yes,Male,0,No,No,Yes,0
956,2017-06-01,,Month-to-month,Yes,Electronic check,86.1,2723.75,Fiber optic,No,Yes,No,No,Yes,No,Female,0,Yes,Yes,No,0
957,2019-07-01,,Month-to-month,No,Bank transfer (automatic),29.8,220.45,DSL,Yes,No,No,No,No,No,Male,1,Yes,No,No,0
958,2018-09-01,,One year,Yes,Mailed check,20.5,365.8,Fiber optic,No,No,No,No,No,No,Male,0,No,No,No,0
959,2019-06-01,,Month-to-month,No,Bank transfer (automatic),60.9,551.95,DSL,Yes,No,No,No,Yes,No,Male,1,Yes,No,No,0
960,2015-06-01,,Two year,No,Bank transfer (automatic),73.25,4054.2,DSL,Yes,No,Yes,Yes,No,Yes,Female,1,No,No,Yes,0
961,2019-12-01,2020-01-01,Month-to-month,Yes,Mailed check,45.7,45.7,DSL,No,No,No,No,No,No,Male,0,No,No,No,1
962,2019-03-01,2019-11-01,Month-to-month,No,Credit card (automatic),100.3,832.35,Fiber optic,Yes,No,No,Yes,Yes,Yes,Male,1,No,No,No,1
963,2019-04-01,2019-11-01,Month-to-month,No,Electronic check,19.25,112.3,Fiber optic,No,No,No,No,No,No,Male,0,No,No,No,1
964,2019-11-01,,Month-to-month,No,Mailed check,20.85,60.65,Fiber optic,No,No,No,No,No,No,Male,0,No,Yes,No,0
965,2014-03-01,,Two year,No,Credit card (automatic),77.35,5550.1,DSL,Yes,Yes,Yes,Yes,Yes,No,Female,0,No,No,No,0
966,2019-09-01,2019-11-01,Month-to-month,Yes,Electronic check,96.0,174.8,Fiber optic,No,No,No,No,Yes,Yes,Female,0,No,No,Yes,1
967,2019-10-01,2019-11-01,Month-to-month,No,Electronic check,90.55,90.55,Fiber optic,No,No,No,No,Yes,Yes,Female,0,No,No,No,1
968,2016-01-01,,Month-to-month,Yes,Bank transfer (automatic),93.85,4733.1,Fiber optic,Yes,Yes,No,No,Yes,No,Male,0,Yes,No,Yes,0
969,2015-04-01,,Two year,No,Bank transfer (automatic),70.1,4048.95,DSL,No,Yes,Yes,Yes,Yes,No,Male,0,No,No,No,0
970,2016-02-01,2019-10-01,Month-to-month,Yes,Electronic check,30.35,1359.7,DSL,No,Yes,No,No,No,No,Male,1,Yes,No,No,1
971,2015-03-01,,Two year,Yes,Credit card (automatic),75.95,4542.35,DSL,No,Yes,No,Yes,Yes,Yes,Female,0,Yes,Yes,No,0
972,2013-11-01,2019-10-01,Two year,Yes,Electronic check,108.05,7532.15,Fiber optic,Yes,No,Yes,Yes,Yes,Yes,Male,0,No,No,Yes,1
973,2019-11-01,2019-12-01,Month-to-month,Yes,Electronic check,69.9,69.9,Fiber optic,No,No,No,No,No,No,Male,0,No,No,No,1
974,2019-03-01,,Month-to-month,No,Electronic check,75.25,888.65,Fiber optic,No,No,No,No,No,No,Female,0,No,No,Yes,0
975,2014-11-01,2020-01-01,One year,Yes,Electronic check,103.75,6383.35,Fiber optic,No,Yes,Yes,No,Yes,Yes,Male,1,Yes,No,Yes,1
976,2017-03-01,,One year,Yes,Bank transfer (automatic),54.95,1916.0,DSL,Yes,No,No,Yes,No,No,Female,0,Yes,Yes,No,0
977,2018-06-01,,Month-to-month,Yes,Bank transfer (automatic),19.5,413.0,Fiber optic,No,No,No,No,No,No,Female,0,No,No,No,0
978,2016-10-01,,Two year,No,Mailed check,19.6,808.95,Fiber optic,No,No,No,No,No,No,Male,0,Yes,Yes,No,0
979,2016-11-01,,One year,Yes,Electronic check,47.85,1886.4,DSL,Yes,No,No,No,No,No,Female,0,No,No,No,0
980,2019-11-01,2019-12-01,Month-to-month,Yes,Electronic check,86.6,86.6,Fiber optic,No,No,No,No,No,Yes,Male,0,No,No,Yes,1
981,2014-02-01,,Two year,No,Bank transfer (automatic),23.75,1679.25,Fiber optic,No,No,No,No,No,No,Female,0,Yes,Yes,Yes,0
982,2017-03-01,2019-12-01,Month-to-month,Yes,Bank transfer (automatic),80.6,2656.5,Fiber optic,No,Yes,No,No,No,No,Female,1,Yes,No,Yes,1
983,2019-02-01,,Month-to-month,No,Bank transfer (automatic),43.8,540.95,DSL,No,No,No,No,No,No,Female,0,No,No,No,0
984,2020-01-01,,Month-to-month,No,Bank transfer (automatic),19.75,19.75,Fiber optic,No,No,No,No,No,No,Male,0,No,No,No,0
985,2017-11-01,,Month-to-month,No,Mailed check,19.15,537.35,Fiber optic,No,No,No,No,No,No,Male,0,No,Yes,No,0
986,2017-04-01,,One year,No,Credit card (automatic),19.6,678.8,Fiber optic,No,No,No,No,No,No,Male,0,Yes,Yes,No,0
987,2015-06-01,,Two year,No,Bank transfer (automatic),80.3,4513.65,Fiber optic,Yes,No,Yes,No,No,No,Female,0,Yes,No,No,0
988,2015-04-01,,Two year,No,Credit card (automatic),24.35,1423.85,Fiber optic,No,No,No,No,No,No,Female,0,No,No,Yes,0
989,2018-04-01,,Two year,No,Credit card (automatic),25.25,555.4,Fiber optic,No,No,No,No,No,No,Female,0,Yes,Yes,Yes,0
990,2019-04-01,,Two year,No,Credit card (automatic),26.1,225.55,Fiber optic,No,No,No,No,No,No,Female,0,Yes,Yes,Yes,0
991,2019-01-01,,Two year,No,Credit card (automatic),20.0,268.45,Fiber optic,No,No,No,No,No,No,Male,0,No,No,No,0
992,2017-01-01,2019-12-01,Month-to-month,No,Credit card (automatic),85.3,2917.5,Fiber optic,No,Yes,No,Yes,No,No,Female,0,No,No,Yes,1
993,2017-03-01,2020-01-01,Month-to-month,Yes,Credit card (automatic),70.0,2416.1,Fiber optic,No,No,No,No,No,No,Female,0,No,No,No,1
994,2019-09-01,2020-01-01,Month-to-month,Yes,Electronic check,94.3,424.45,Fiber optic,No,No,No,No,Yes,Yes,Female,1,No,No,Yes,1
995,2014-02-01,,Two year,No,Bank transfer (automatic),20.7,1492.1,Fiber optic,No,No,No,No,No,No,Male,0,Yes,No,No,0
996,2019-12-01,,Month-to-month,No,Electronic check,70.3,132.4,DSL,No,No,No,Yes,Yes,Yes,Male,0,No,No,No,0
997,2019-04-01,2019-11-01,Month-to-month,Yes,Electronic check,95.35,660.9,Fiber optic,No,No,Yes,No,Yes,Yes,Female,0,No,No,No,1
998,2017-08-01,2019-11-01,Month-to-month,Yes,Electronic check,75.5,1893.95,Fiber optic,No,No,No,No,No,No,Male,1,Yes,No,Yes,1
999,2019-10-01,,Month-to-month,Yes,Mailed check,69.55,284.9,Fiber optic,No,No,No,No,No,No,Male,0,Yes,Yes,No,0
1000,2017-01-01,,Two year,No,Mailed check,19.85,784.25,Fiber optic,No,No,No,No,No,No,Female,0,No,No,No,0
1019,2019-09-01,,Month-to-month,Yes,Electronic check,84.7,392.5,Fiber optic,No,Yes,No,No,Yes,No,Female,1,No,No,No,0
1020,2016-05-01,,Month-to-month,Yes,Electronic check,86.1,3861.45,Fiber optic,No,No,Yes,No,No,Yes,Female,1,Yes,No,No,0
1021,2017-01-01,,Month-to-month,Yes,Mailed check,70.35,2552.9,Fiber optic,No,No,No,No,No,No,Male,0,No,No,No,0
1022,2015-02-01,,Two year,Yes,Bank transfer (automatic),110.0,6668.35,Fiber optic,Yes,Yes,Yes,Yes,Yes,Yes,Female,1,Yes,No,No,0
1023,2019-04-01,2019-12-01,Month-to-month,Yes,Electronic check,100.6,819.4,Fiber optic,No,No,Yes,No,Yes,Yes,Male,1,No,No,Yes,1
1024,2016-03-01,,One year,No,Credit card (automatic),94.9,4615.25,Fiber optic,Yes,No,Yes,No,Yes,No,Female,0,No,No,Yes,0
1025,2017-11-01,2020-01-01,Month-to-month,Yes,Electronic check,83.75,2070.6,Fiber optic,No,No,No,No,Yes,No,Male,0,Yes,Yes,Yes,1
1026,2019-08-01,2019-11-01,Month-to-month,Yes,Mailed check,88.3,273.75,Fiber optic,Yes,No,No,Yes,Yes,No,Female,1,Yes,Yes,No,1
1027,2015-12-01,,Month-to-month,Yes,Bank transfer (automatic),69.75,3557.7,Fiber optic,No,No,No,No,No,No,Female,0,Yes,Yes,No,0
1028,2017-11-01,,Month-to-month,No,Bank transfer (automatic),71.6,1957.1,DSL,No,No,No,Yes,Yes,Yes,Male,0,Yes,Yes,Yes,0
1029,2019-02-01,2019-10-01,Month-to-month,Yes,Electronic check,92.1,729.95,Fiber optic,No,No,Yes,No,Yes,Yes,Female,1,No,No,No,1
1030,2014-12-01,,Two year,No,Bank transfer (automatic),23.65,1416.75,Fiber optic,No,No,No,No,No,No,Female,0,Yes,No,Yes,0
1031,2014-03-01,,Two year,No,Bank transfer (automatic),81.85,5924.4,DSL,Yes,No,Yes,Yes,Yes,Yes,Female,0,Yes,No,No,0
1032,2014-08-01,,Two year,No,Mailed check,25.1,1697.7,Fiber optic,No,No,No,No,No,No,Male,0,No,No,Yes,0
1033,2014-06-01,,Two year,Yes,Bank transfer (automatic),114.7,7849.85,Fiber optic,Yes,Yes,Yes,Yes,Yes,Yes,Male,0,Yes,Yes,Yes,0
1034,2019-01-01,,Month-to-month,No,Electronic check,49.15,649.4,DSL,No,No,Yes,No,Yes,Yes,Female,0,No,No,No,0
1035,2015-06-01,,One year,Yes,Electronic check,80.9,4557.5,Fiber optic,No,No,No,No,No,Yes,Male,0,Yes,No,No,0
1036,2016-10-01,2019-12-01,Month-to-month,Yes,Electronic check,79.45,3013.05,Fiber optic,Yes,Yes,No,No,No,No,Male,0,Yes,No,No,1
1037,2018-09-01,2019-11-01,Month-to-month,No,Credit card (automatic),90.45,1266.1,Fiber optic,No,No,No,No,Yes,Yes,Male,1,No,No,No,1
1038,2018-10-01,,One year,Yes,Bank transfer (automatic),19.3,360.35,Fiber optic,No,No,No,No,No,No,Female,0,No,Yes,No,0
1039,2018-12-01,,Month-to-month,No,Electronic check,70.2,1046.5,Fiber optic,No,No,No,No,No,No,Female,0,Yes,Yes,No,0
1040,2017-02-01,2019-10-01,Month-to-month,Yes,Bank transfer (automatic),69.75,2347.9,Fiber optic,No,No,No,No,No,No,Male,0,Yes,Yes,No,1
1041,2019-06-01,,One year,No,Bank transfer (automatic),54.25,447.75,DSL,Yes,No,No,Yes,No,No,Female,0,No,No,No,0
1042,2016-07-01,,Month-to-month,Yes,Bank transfer (automatic),99.3,4209.95,Fiber optic,No,No,Yes,No,Yes,Yes,Female,0,Yes,Yes,Yes,0
1043,2015-10-01,,One year,No,Credit card (automatic),74.0,3877.65,DSL,Yes,No,Yes,Yes,Yes,No,Female,0,No,No,Yes,0
1044,2019-11-01,,Month-to-month,Yes,Mailed check,50.25,152.3,DSL,No,No,No,Yes,No,No,Male,0,No,No,No,0
1045,2017-09-01,,One year,Yes,Mailed check,19.8,572.2,Fiber optic,No,No,No,No,No,No,Male,0,No,No,No,0
1046,2019-12-01,2020-01-01,Month-to-month,No,Mailed check,19.65,19.65,Fiber optic,No,No,No,No,No,No,Female,0,No,No,No,1
1047,2019-01-01,2020-01-01,Month-to-month,Yes,Electronic check,43.65,526.95,DSL,No,No,Yes,Yes,No,Yes,Male,1,No,No,No,1
1048,2018-10-01,,Month-to-month,Yes,Credit card (automatic),35.5,552.7,DSL,No,No,No,No,No,Yes,Female,0,Yes,Yes,No,0
1049,2016-10-01,,One year,Yes,Mailed check,80.75,3208.65,DSL,No,No,Yes,Yes,Yes,Yes,Female,0,No,No,Yes,0
1050,2019-08-01,2020-01-01,Month-to-month,No,Electronic check,39.5,210.75,DSL,No,No,Yes,No,No,Yes,Female,0,No,No,No,1
1051,2016-08-01,2019-12-01,Month-to-month,Yes,Bank transfer (automatic),97.1,3706.95,Fiber optic,No,No,No,No,Yes,Yes,Male,0,Yes,No,Yes,1
1052,2017-02-01,,One year,No,Mailed check,19.55,620.75,Fiber optic,No,No,No,No,No,No,Female,0,No,No,No,0
1053,2019-06-01,2019-11-01,Month-to-month,Yes,Electronic check,80.0,412.5,Fiber optic,No,No,No,No,No,Yes,Female,0,No,No,No,1
1054,2018-12-01,2019-10-01,Month-to-month,Yes,Mailed check,84.7,832.05,Fiber optic,Yes,No,No,No,Yes,No,Female,0,No,No,No,1
1055,2019-09-01,2019-11-01,Month-to-month,Yes,Bank transfer (automatic),89.55,185.55,Fiber optic,No,No,No,No,Yes,Yes,Male,0,Yes,Yes,No,1
1056,2018-01-01,2019-12-01,Month-to-month,Yes,Electronic check,90.6,1943.2,Fiber optic,No,No,No,Yes,Yes,No,Male,0,No,No,Yes,1
1057,2017-12-01,,One year,Yes,Bank transfer (automatic),20.05,505.9,Fiber optic,No,No,No,No,No,No,Male,0,Yes,Yes,No,0
1058,2014-02-01,,Two year,Yes,Electronic check,112.4,8046.85,Fiber optic,Yes,Yes,Yes,No,Yes,Yes,Female,1,Yes,No,Yes,0
1059,2017-04-01,,Month-to-month,No,Bank transfer (automatic),50.2,1815.3,DSL,No,No,No,Yes,No,No,Female,0,Yes,No,No,0
1060,2019-04-01,,Month-to-month,No,Bank transfer (automatic),62.25,612.95,DSL,Yes,No,No,Yes,Yes,No,Male,0,No,No,No,0
1061,2018-12-01,,One year,No,Mailed check,55.7,795.15,DSL,Yes,No,No,Yes,No,No,Female,0,No,No,No,0
1062,2017-11-01,2019-10-01,Month-to-month,Yes,Bank transfer (automatic),90.05,2169.8,Fiber optic,Yes,No,No,No,Yes,No,Female,0,No,No,Yes,1
1063,2016-03-01,,Two year,No,Mailed check,19.65,973.1,Fiber optic,No,No,No,No,No,No,Male,0,Yes,No,No,0
1064,2018-02-01,,Month-to-month,Yes,Electronic check,89.25,2210.2,Fiber optic,Yes,No,No,Yes,No,Yes,Male,0,Yes,No,No,0
1065,2015-11-01,2019-12-01,Month-to-month,Yes,Bank transfer (automatic),99.05,4853.75,Fiber optic,No,Yes,No,No,Yes,Yes,Male,0,Yes,No,Yes,1
1066,2018-06-01,,One year,No,Mailed check,54.0,1055.9,DSL,Yes,No,No,Yes,No,No,Male,1,No,No,No,0
1067,2019-10-01,2019-12-01,Month-to-month,No,Bank transfer (automatic),69.75,144.55,Fiber optic,No,No,No,No,No,No,Female,0,No,No,No,1
1068,2019-08-01,2019-10-01,Month-to-month,Yes,Credit card (automatic),49.05,91.1,DSL,No,Yes,No,No,No,No,Female,0,No,No,No,1
1069,2018-04-01,,Two year,No,Bank transfer (automatic),56.75,1304.85,DSL,No,No,Yes,Yes,Yes,Yes,Male,0,No,No,No,0
1070,2019-03-01,2019-10-01,Month-to-month,Yes,Bank transfer (automatic),98.05,713.0,Fiber optic,No,No,Yes,No,Yes,Yes,Male,0,No,No,Yes,1
1071,2020-01-01,,Month-to-month,No,Mailed check,21.1,21.1,Fiber optic,No,No,No,No,No,No,Male,0,No,No,No,0
1072,2015-03-01,,Month-to-month,Yes,Bank transfer (automatic),96.65,5580.8,Fiber optic,No,Yes,No,Yes,No,Yes,Female,0,Yes,Yes,Yes,0
1073,2015-04-01,,One year,Yes,Credit card (automatic),24.5,1497.9,Fiber optic,No,No,No,No,No,No,Female,0,Yes,Yes,Yes,0
1074,2016-05-01,2019-10-01,Month-to-month,Yes,Bank transfer (automatic),114.5,4527.45,Fiber optic,Yes,Yes,Yes,Yes,Yes,Yes,Female,0,No,No,Yes,1
1075,2015-03-01,,Two year,Yes,Credit card (automatic),79.2,4590.35,Fiber optic,No,Yes,No,No,No,No,Female,1,No,No,Yes,0
1076,2019-11-01,,Month-to-month,Yes,Electronic check,69.55,200.2,Fiber optic,No,No,No,No,No,No,Female,0,Yes,Yes,No,0
1077,2017-06-01,,Two year,Yes,Bank transfer (automatic),20.05,614.45,Fiber optic,No,No,No,No,No,No,Male,0,No,No,No,0
1078,2016-04-01,,Month-to-month,Yes,Electronic check,98.85,4564.9,Fiber optic,No,No,Yes,No,Yes,Yes,Male,1,Yes,No,Yes,0
1079,2020-02-01,,Two year,No,Mailed check,25.75,2291.023009417808,Fiber optic,No,No,No,No,No,No,Male,0,Yes,Yes,Yes,0
1080,2019-10-01,2019-12-01,Month-to-month,Yes,Electronic check,80.95,171.15,Fiber optic,No,No,No,No,No,Yes,Male,0,No,No,No,1
1081,2015-10-01,,One year,No,Credit card (automatic),19.6,1012.4,Fiber optic,No,No,No,No,No,No,Female,0,Yes,Yes,No,0
1082,2018-11-01,2019-12-01,Month-to-month,Yes,Electronic check,74.3,940.35,Fiber optic,No,No,Yes,No,No,No,Female,1,No,No,No,1
1083,2018-12-01,2019-11-01,Month-to-month,No,Bank transfer (automatic),89.7,1047.7,Fiber optic,No,No,No,No,Yes,Yes,Female,1,No,No,No,1
1084,2017-06-01,,Month-to-month,No,Bank transfer (automatic),87.65,2766.4,Fiber optic,Yes,No,No,Yes,No,No,Male,0,No,No,Yes,0
1085,2018-05-01,2019-10-01,Month-to-month,Yes,Credit card (automatic),100.45,1622.45,Fiber optic,No,No,Yes,No,Yes,Yes,Male,1,Yes,No,Yes,1
1086,2018-10-01,,Month-to-month,Yes,Credit card (automatic),74.75,1129.35,Fiber optic,No,No,No,No,No,No,Female,0,No,No,Yes,0
1087,2015-11-01,,One year,No,Bank transfer (automatic),107.45,5680.9,Fiber optic,Yes,Yes,Yes,No,Yes,Yes,Female,0,No,No,Yes,0
1088,2017-09-01,,One year,Yes,Bank transfer (automatic),75.35,2243.9,DSL,No,No,Yes,Yes,Yes,Yes,Male,0,No,No,No,0
1089,2014-04-01,,Two year,No,Credit card (automatic),64.95,4523.25,DSL,Yes,Yes,Yes,Yes,No,No,Male,0,Yes,No,No,0
1090,2014-03-01,,Two year,No,Electronic check,100.45,7159.7,Fiber optic,Yes,No,Yes,Yes,No,Yes,Female,0,Yes,Yes,Yes,0
1091,2016-09-01,,One year,No,Bank transfer (automatic),68.5,2839.95,DSL,No,Yes,Yes,No,Yes,No,Male,0,Yes,Yes,Yes,0
1092,2020-01-01,,Month-to-month,Yes,Electronic check,80.55,80.55,Fiber optic,No,No,No,No,Yes,No,Male,0,No,No,No,0
1093,2019-07-01,,Month-to-month,No,Bank transfer (automatic),81.25,580.1,DSL,Yes,No,Yes,Yes,Yes,Yes,Female,0,Yes,No,No,0
1094,2017-09-01,2019-10-01,One year,Yes,Electronic check,90.4,2178.6,Fiber optic,No,No,No,No,Yes,Yes,Male,0,Yes,Yes,No,1
1095,2014-07-01,,One year,No,Electronic check,89.55,6038.55,Fiber optic,Yes,Yes,No,Yes,No,No,Male,0,Yes,Yes,Yes,0
1096,2019-09-01,,Month-to-month,Yes,Mailed check,55.7,259.4,DSL,No,No,No,Yes,No,No,Male,0,Yes,Yes,Yes,0
1097,2018-11-01,,Month-to-month,Yes,Electronic check,24.8,324.15,Fiber optic,No,No,No,No,No,No,Male,0,No,Yes,Yes,0
1098,2018-06-01,,Month-to-month,No,Electronic check,20.0,417.65,Fiber optic,No,No,No,No,No,No,Female,0,Yes,Yes,No,0
1099,2019-07-01,2019-10-01,Month-to-month,Yes,Mailed check,56.15,168.15,DSL,No,Yes,Yes,No,No,No,Male,0,Yes,Yes,No,1
1100,2015-08-01,,One year,Yes,Electronic check,105.2,5637.85,Fiber optic,No,Yes,No,Yes,Yes,Yes,Male,0,Yes,Yes,Yes,0
1101,2016-08-01,,One year,Yes,Mailed check,19.55,839.4,Fiber optic,No,No,No,No,No,No,Male,0,No,No,No,0
1102,2019-05-01,,Month-to-month,Yes,Electronic check,79.75,769.1,Fiber optic,No,No,No,No,No,Yes,Female,0,Yes,No,No,0
1103,2014-11-01,,Two year,No,Bank transfer (automatic),97.45,6253.0,Fiber optic,No,Yes,No,No,Yes,Yes,Female,0,No,No,Yes,0
1104,2014-05-01,,Two year,No,Bank transfer (automatic),24.25,1641.8,Fiber optic,No,No,No,No,No,No,Female,0,Yes,No,Yes,0
1105,2014-05-01,,Two year,No,Credit card (automatic),24.6,1678.05,Fiber optic,No,No,No,No,No,No,Female,0,No,No,Yes,0
1106,2016-10-01,,Month-to-month,Yes,Mailed check,50.15,2058.5,DSL,No,Yes,No,No,No,No,Male,0,Yes,No,No,0
1107,2015-02-01,,Two year,No,Bank transfer (automatic),39.6,2424.5,DSL,Yes,Yes,Yes,No,No,No,Male,0,No,No,No,0
1108,2019-07-01,2019-11-01,Month-to-month,Yes,Bank transfer (automatic),94.4,387.2,Fiber optic,Yes,No,Yes,Yes,No,Yes,Female,0,No,No,No,1
1109,2014-03-01,,Two year,No,Mailed check,89.85,6293.45,DSL,Yes,Yes,Yes,Yes,Yes,Yes,Female,1,No,No,Yes,0
1110,2016-09-01,2019-10-01,Month-to-month,Yes,Credit card (automatic),78.95,2839.65,Fiber optic,No,No,Yes,No,No,No,Female,0,Yes,No,Yes,1
1111,2017-06-01,,Month-to-month,Yes,Credit card (automatic),98.85,3145.9,Fiber optic,No,Yes,No,No,Yes,Yes,Male,0,Yes,No,Yes,0
1112,2016-11-01,,Two year,Yes,Credit card (automatic),53.85,2200.7,DSL,No,No,No,Yes,No,No,Male,0,No,No,Yes,0
1113,2016-12-01,,One year,Yes,Electronic check,24.25,914.4,Fiber optic,No,No,No,No,No,No,Female,0,No,No,Yes,0
1114,2015-10-01,,Two year,Yes,Credit card (automatic),89.45,4577.75,Fiber optic,No,No,Yes,No,No,Yes,Male,0,No,No,Yes,0
1115,2016-02-01,,Month-to-month,Yes,Credit card (automatic),105.25,4997.5,Fiber optic,Yes,Yes,No,No,Yes,Yes,Female,0,Yes,Yes,Yes,0
1116,2014-04-01,,Two year,No,Bank transfer (automatic),59.5,4144.8,DSL,Yes,No,Yes,Yes,Yes,Yes,Male,0,Yes,Yes,No,0
1117,2018-06-01,,Month-to-month,No,Credit card (automatic),70.55,1493.55,Fiber optic,No,No,No,No,No,No,Male,0,No,No,No,0
1118,2015-12-01,,One year,Yes,Credit card (automatic),82.5,4179.1,DSL,Yes,No,Yes,Yes,Yes,Yes,Female,0,No,No,Yes,0
1119,2018-03-01,2019-10-01,One year,Yes,Credit card (automatic),44.85,893.55,DSL,No,No,No,No,Yes,Yes,Female,0,No,No,No,1
1120,2018-01-01,,One year,Yes,Bank transfer (automatic),61.6,1611.0,DSL,Yes,Yes,Yes,No,No,No,Male,0,Yes,Yes,No,0
1121,2019-02-01,,Month-to-month,Yes,Bank transfer (automatic),49.05,593.05,DSL,No,Yes,No,No,No,No,Male,0,No,No,No,0
1122,2016-10-01,2020-01-01,Month-to-month,Yes,Electronic check,105.65,4284.8,Fiber optic,No,Yes,Yes,No,Yes,Yes,Male,1,Yes,No,Yes,1
1123,2019-06-01,2020-01-01,Month-to-month,No,Mailed check,74.65,544.55,Fiber optic,No,No,Yes,No,No,No,Male,0,No,No,No,1
1124,2018-03-01,,One year,Yes,Mailed check,66.25,1533.8,DSL,Yes,Yes,Yes,Yes,No,No,Female,0,Yes,Yes,No,0
1125,2017-11-01,,Month-to-month,Yes,Electronic check,19.4,529.8,Fiber optic,No,No,No,No,No,No,Male,0,No,No,No,0
1126,2016-03-01,,Month-to-month,Yes,Credit card (automatic),86.05,3865.6,Fiber optic,No,No,No,No,Yes,No,Male,1,No,No,Yes,0
1127,2017-12-01,,Two year,Yes,Credit card (automatic),19.15,515.75,Fiber optic,No,No,No,No,No,No,Male,0,Yes,Yes,No,0
1128,2018-09-01,2019-11-01,Month-to-month,Yes,Bank transfer (automatic),64.7,941.0,DSL,Yes,No,No,No,Yes,No,Female,0,Yes,No,Yes,1
1129,2019-02-01,2020-01-01,Month-to-month,Yes,Bank transfer (automatic),104.05,1133.65,Fiber optic,No,No,Yes,Yes,Yes,Yes,Female,1,Yes,No,Yes,1
1130,2019-12-01,,Month-to-month,No,Mailed check,19.25,48.35,Fiber optic,No,No,No,No,No,No,Male,0,No,Yes,No,0
1131,2017-12-01,,Month-to-month,No,Electronic check,81.95,2070.05,Fiber optic,Yes,Yes,No,No,No,No,Female,0,Yes,Yes,No,0
1132,2014-02-01,,Two year,Yes,Bank transfer (automatic),114.65,8333.95,Fiber optic,Yes,Yes,Yes,Yes,Yes,Yes,Female,1,Yes,No,Yes,0
1133,2014-11-01,,Two year,No,Credit card (automatic),20.0,1209.25,Fiber optic,No,No,No,No,No,No,Female,0,Yes,Yes,No,0
1134,2014-03-01,,Two year,No,Mailed check,19.8,1396.25,Fiber optic,No,No,No,No,No,No,Male,0,Yes,Yes,No,0
1135,2019-03-01,,Month-to-month,Yes,Bank transfer (automatic),65.15,723.35,DSL,Yes,No,No,No,Yes,No,Male,0,Yes,Yes,Yes,0
1136,2018-12-01,,One year,No,Mailed check,19.65,228.65,Fiber optic,No,No,No,No,No,No,Male,1,Yes,No,No,0
1137,2019-01-01,,Two year,No,Credit card (automatic),88.95,1161.75,DSL,Yes,Yes,Yes,Yes,Yes,Yes,Female,0,No,Yes,Yes,0
1138,2019-08-01,,Month-to-month,Yes,Mailed check,20.2,98.35,Fiber optic,No,No,No,No,No,No,Male,0,No,Yes,No,0
1139,2019-03-01,,Month-to-month,Yes,Credit card (automatic),75.2,775.3,Fiber optic,No,No,No,No,No,No,Male,1,Yes,Yes,Yes,0
1140,2018-08-01,,Month-to-month,No,Credit card (automatic),56.8,1074.65,DSL,No,Yes,No,No,No,No,Male,0,Yes,No,Yes,0
1141,2019-10-01,2019-11-01,Month-to-month,Yes,Electronic check,35.55,35.55,DSL,No,No,No,No,No,Yes,Male,0,No,No,No,1
1142,2017-06-01,,Month-to-month,Yes,Bank transfer (automatic),75.5,2324.7,Fiber optic,Yes,No,No,No,No,No,Female,0,Yes,No,No,0
1143,2017-09-01,,One year,No,Mailed check,35.6,1072.6,DSL,Yes,No,No,Yes,No,No,Male,0,No,No,No,0
1144,2019-11-01,,Month-to-month,Yes,Electronic check,60.25,170.5,DSL,No,No,No,No,Yes,No,Female,0,No,No,Yes,0
1145,2019-09-01,2019-11-01,Month-to-month,Yes,Electronic check,95.15,196.9,Fiber optic,No,No,No,No,Yes,Yes,Female,0,No,No,Yes,1
1146,2018-12-01,2020-01-01,Month-to-month,Yes,Mailed check,96.65,1162.85,Fiber optic,No,No,Yes,No,Yes,Yes,Male,0,Yes,Yes,No,1
1147,2016-09-01,,Month-to-month,Yes,Electronic check,40.35,1677.85,DSL,No,Yes,No,No,No,Yes,Female,0,No,No,No,0
1148,2020-01-01,,Month-to-month,No,Electronic check,18.85,18.85,Fiber optic,No,No,No,No,No,No,Female,0,No,No,No,0
1149,2019-07-01,,Month-to-month,No,Mailed check,54.85,370.4,DSL,No,No,No,No,Yes,No,Male,0,No,No,No,0
1150,2015-10-01,,One year,Yes,Mailed check,64.3,3410.6,DSL,Yes,No,Yes,No,Yes,No,Female,0,Yes,No,No,0
1151,2016-05-01,,Two year,Yes,Bank transfer (automatic),24.65,1138.8,Fiber optic,No,No,No,No,No,No,Female,0,Yes,Yes,Yes,0
1152,2014-04-01,,Two year,No,Credit card (automatic),76.1,5264.25,DSL,No,Yes,Yes,Yes,Yes,No,Male,0,Yes,No,Yes,0
1153,2015-09-01,,Two year,No,Mailed check,18.7,1005.7,Fiber optic,No,No,No,No,No,No,Female,0,No,No,No,0
1154,2014-12-01,,One year,Yes,Credit card (automatic),97.95,5936.55,Fiber optic,No,Yes,Yes,No,Yes,No,Female,1,Yes,No,Yes,0
1155,2015-02-01,,Month-to-month,Yes,Credit card (automatic),94.1,5475.9,Fiber optic,Yes,Yes,No,No,No,Yes,Female,0,Yes,No,Yes,0
1156,2019-08-01,2019-11-01,Month-to-month,Yes,Electronic check,80.4,224.05,Fiber optic,No,No,No,No,Yes,No,Female,1,Yes,No,No,1
1157,2018-03-01,,Month-to-month,Yes,Electronic check,95.1,2326.05,Fiber optic,Yes,No,No,No,Yes,Yes,Female,1,Yes,No,No,0
1158,2019-12-01,2020-01-01,Month-to-month,Yes,Mailed check,31.35,31.35,DSL,No,Yes,No,No,No,No,Male,0,No,Yes,No,1
2141,2019-08-01,,Month-to-month,No,Mailed check,19.55,128.6,Fiber optic,No,No,No,No,No,No,Male,0,No,Yes,No,0
1159,2014-07-01,,One year,Yes,Bank transfer (automatic),72.35,4991.5,DSL,Yes,No,Yes,Yes,No,Yes,Female,0,No,No,No,0
1160,2018-11-01,2019-11-01,Month-to-month,Yes,Bank transfer (automatic),89.75,1052.4,Fiber optic,No,Yes,No,No,Yes,No,Female,0,No,No,Yes,1
1161,2014-03-01,,Two year,Yes,Bank transfer (automatic),82.7,5831.2,DSL,Yes,Yes,Yes,Yes,No,Yes,Female,1,Yes,No,Yes,0
1162,2018-01-01,,One year,No,Credit card (automatic),19.9,510.8,Fiber optic,No,No,No,No,No,No,Male,0,No,No,No,0
1163,2019-09-01,,Month-to-month,Yes,Electronic check,53.8,283.95,DSL,Yes,No,No,No,No,No,Female,0,No,No,Yes,0
1164,2017-12-01,,One year,Yes,Credit card (automatic),51.55,1295.4,DSL,No,No,No,No,No,No,Male,0,No,No,Yes,0
1165,2020-01-01,,One year,No,Mailed check,19.65,19.65,Fiber optic,No,No,No,No,No,No,Male,0,Yes,Yes,No,0
1166,2014-04-01,,One year,Yes,Credit card (automatic),44.05,3011.65,DSL,No,Yes,Yes,No,Yes,No,Male,1,No,No,No,0
1167,2014-02-01,,Two year,Yes,Electronic check,114.0,8093.15,Fiber optic,Yes,Yes,Yes,Yes,Yes,Yes,Male,0,Yes,Yes,Yes,0
1168,2014-12-01,2019-12-01,One year,Yes,Electronic check,94.4,5610.25,Fiber optic,No,Yes,No,No,Yes,Yes,Male,0,Yes,No,No,1
1169,2017-06-01,,Month-to-month,Yes,Electronic check,100.4,3217.65,Fiber optic,No,Yes,No,No,Yes,Yes,Female,1,Yes,Yes,Yes,0
1170,2019-09-01,2019-10-01,Month-to-month,Yes,Electronic check,19.85,19.85,Fiber optic,No,No,No,No,No,No,Male,0,No,No,No,1
1171,2018-12-01,,One year,Yes,Mailed check,54.25,773.2,DSL,No,Yes,No,No,No,No,Female,0,No,No,Yes,0
1172,2019-01-01,,Month-to-month,Yes,Credit card (automatic),80.0,1029.35,Fiber optic,Yes,No,No,No,No,No,Female,0,No,No,Yes,0
1173,2019-05-01,2019-11-01,Month-to-month,Yes,Credit card (automatic),109.9,669.45,Fiber optic,No,Yes,Yes,Yes,Yes,Yes,Female,0,No,No,Yes,1
1174,2016-04-01,,Two year,No,Mailed check,79.2,3593.8,DSL,Yes,No,Yes,No,Yes,Yes,Female,0,No,No,Yes,0
1175,2018-07-01,2019-10-01,Month-to-month,Yes,Electronic check,101.35,1553.95,Fiber optic,No,No,Yes,Yes,Yes,Yes,Male,0,No,No,No,1
1176,2016-07-01,,Month-to-month,Yes,Electronic check,94.3,3953.15,Fiber optic,No,Yes,No,Yes,Yes,No,Male,1,Yes,No,Yes,0
1177,2016-11-01,,Two year,Yes,Bank transfer (automatic),49.8,1971.15,DSL,No,No,No,Yes,No,No,Male,0,No,No,No,0
1178,2018-01-01,2019-10-01,Month-to-month,Yes,Bank transfer (automatic),60.05,1236.15,DSL,No,No,Yes,No,Yes,No,Male,1,No,No,No,1
1179,2015-05-01,,Month-to-month,Yes,Electronic check,53.75,3196.0,DSL,Yes,No,Yes,No,Yes,Yes,Male,0,No,No,No,0
1180,2015-09-01,,One year,Yes,Electronic check,93.45,4872.2,Fiber optic,No,No,No,Yes,Yes,Yes,Female,0,Yes,No,No,0
1181,2018-08-01,,Month-to-month,Yes,Mailed check,87.9,1500.5,Fiber optic,Yes,No,Yes,No,Yes,No,Male,0,Yes,Yes,No,0
1182,2019-11-01,2019-12-01,Month-to-month,Yes,Electronic check,60.15,60.15,DSL,No,No,No,No,No,Yes,Female,0,No,No,Yes,1
1183,2015-04-01,,One year,Yes,Bank transfer (automatic),61.05,3478.75,DSL,Yes,No,No,Yes,No,No,Female,0,Yes,No,Yes,0
1184,2014-03-01,,Two year,No,Bank transfer (automatic),104.05,7413.55,Fiber optic,No,No,Yes,No,Yes,Yes,Female,1,No,No,Yes,0
1185,2017-03-01,,One year,Yes,Electronic check,99.25,3532.0,Fiber optic,No,No,Yes,Yes,Yes,Yes,Female,0,No,No,No,0
1186,2019-11-01,,Month-to-month,No,Credit card (automatic),85.7,256.75,Fiber optic,No,No,Yes,No,No,Yes,Male,0,No,No,No,0
1187,2016-12-01,,One year,Yes,Electronic check,104.85,3887.25,Fiber optic,Yes,Yes,No,No,Yes,Yes,Male,0,No,No,Yes,0
1188,2017-03-01,,Two year,Yes,Credit card (automatic),69.15,2490.15,DSL,Yes,Yes,Yes,Yes,No,No,Male,0,Yes,Yes,Yes,0
1189,2019-03-01,2019-10-01,Month-to-month,Yes,Electronic check,90.45,593.45,Fiber optic,No,No,Yes,No,Yes,No,Male,0,No,No,Yes,1
1190,2016-03-01,,Two year,No,Mailed check,74.45,3510.3,DSL,No,No,Yes,Yes,Yes,Yes,Female,0,No,No,No,0
1191,2018-12-01,,Month-to-month,No,Electronic check,50.45,765.45,DSL,No,Yes,No,No,No,No,Female,0,No,No,No,0
1192,2018-06-01,,Month-to-month,Yes,Electronic check,60.0,1259.35,DSL,No,Yes,No,No,No,Yes,Female,1,Yes,No,No,0
1193,2014-08-01,,Two year,No,Electronic check,85.25,5538.35,DSL,Yes,Yes,No,Yes,Yes,Yes,Male,0,Yes,No,Yes,0
1194,2018-11-01,,Month-to-month,Yes,Credit card (automatic),19.45,340.85,Fiber optic,No,No,No,No,No,No,Male,0,Yes,No,No,0
1195,2016-08-01,,Two year,Yes,Bank transfer (automatic),20.75,844.45,Fiber optic,No,No,No,No,No,No,Female,0,No,No,No,0
1196,2018-09-01,,Month-to-month,No,Electronic check,78.9,1348.95,Fiber optic,Yes,No,No,No,No,No,Female,0,Yes,No,Yes,0
1197,2017-01-01,,One year,Yes,Credit card (automatic),104.5,3778.0,Fiber optic,No,Yes,No,Yes,Yes,Yes,Male,0,No,No,Yes,0
1198,2019-02-01,,Month-to-month,Yes,Electronic check,49.4,611.65,DSL,No,Yes,No,No,No,No,Female,0,No,No,No,0
1199,2015-07-01,2019-12-01,One year,Yes,Bank transfer (automatic),94.25,4867.95,Fiber optic,No,Yes,No,No,Yes,Yes,Male,0,Yes,No,No,1
1200,2015-02-01,,Two year,No,Mailed check,25.0,1505.05,Fiber optic,No,No,No,No,No,No,Female,0,No,No,Yes,0
1201,2018-08-01,,Month-to-month,No,Credit card (automatic),25.55,467.85,DSL,No,No,No,No,No,No,Male,0,Yes,Yes,No,0
1202,2019-12-01,2020-01-01,Month-to-month,Yes,Electronic check,74.9,74.9,Fiber optic,No,No,No,No,No,No,Male,0,No,No,Yes,1
1203,2019-11-01,,Month-to-month,Yes,Electronic check,70.15,194.2,Fiber optic,No,No,No,No,No,No,Female,0,No,No,No,0
1204,2019-05-01,,Month-to-month,Yes,Credit card (automatic),69.4,571.45,DSL,No,No,No,Yes,Yes,Yes,Female,0,No,Yes,No,0
1205,2019-10-01,2019-11-01,Month-to-month,Yes,Electronic check,80.25,80.25,Fiber optic,No,No,No,No,Yes,No,Female,0,No,No,No,1
1206,2015-06-01,,One year,Yes,Electronic check,93.15,5253.95,Fiber optic,Yes,Yes,Yes,No,No,No,Male,0,Yes,No,Yes,0
1207,2018-06-01,2019-11-01,Month-to-month,Yes,Electronic check,69.0,1149.65,Fiber optic,No,No,No,No,No,No,Male,0,Yes,Yes,No,1
1208,2019-01-01,2019-12-01,Month-to-month,Yes,Electronic check,66.35,740.8,DSL,No,No,No,Yes,No,Yes,Female,0,Yes,Yes,Yes,1
1209,2019-07-01,,Month-to-month,Yes,Electronic check,69.55,521.35,Fiber optic,No,No,No,No,No,No,Male,0,No,No,No,0
1210,2014-05-01,,Two year,No,Bank transfer (automatic),20.2,1412.65,Fiber optic,No,No,No,No,No,No,Female,0,Yes,Yes,No,0
1211,2018-04-01,2019-11-01,Month-to-month,Yes,Bank transfer (automatic),86.0,1532.45,Fiber optic,No,No,No,No,No,Yes,Male,0,No,No,Yes,1
1212,2019-08-01,2019-11-01,Month-to-month,Yes,Electronic check,80.3,250.05,Fiber optic,No,No,No,No,No,Yes,Female,0,Yes,Yes,No,1
1213,2015-08-01,,Two year,No,Credit card (automatic),20.4,1090.6,Fiber optic,No,No,No,No,No,No,Male,0,Yes,Yes,No,0
1214,2014-12-01,,One year,Yes,Credit card (automatic),23.75,1446.8,Fiber optic,No,No,No,No,No,No,Male,0,Yes,No,Yes,0
1215,2017-10-01,2019-10-01,Month-to-month,Yes,Credit card (automatic),90.55,2282.55,Fiber optic,No,Yes,No,No,Yes,No,Male,0,No,No,Yes,1
1216,2014-12-01,,Month-to-month,Yes,Credit card (automatic),70.45,4300.45,DSL,No,No,No,No,Yes,Yes,Female,0,Yes,Yes,Yes,0
1217,2018-09-01,,Month-to-month,No,Bank transfer (automatic),65.75,1111.2,DSL,Yes,No,No,No,No,Yes,Male,0,No,No,Yes,0
1218,2019-05-01,,Month-to-month,Yes,Mailed check,24.6,190.1,DSL,No,No,No,No,No,No,Male,0,No,No,No,0
1219,2014-10-01,,Two year,No,Mailed check,69.25,4447.75,DSL,Yes,No,Yes,Yes,Yes,No,Male,0,Yes,Yes,No,0
1220,2019-09-01,2019-11-01,Month-to-month,Yes,Electronic check,75.9,143.35,Fiber optic,No,No,No,No,No,No,Female,0,No,No,Yes,1
1221,2019-09-01,2019-10-01,Month-to-month,Yes,Mailed check,45.85,45.85,DSL,No,No,No,No,No,No,Male,0,Yes,Yes,No,1
1222,2018-07-01,2019-11-01,Month-to-month,Yes,Electronic check,49.95,810.2,DSL,No,No,No,Yes,Yes,Yes,Female,0,Yes,No,No,1
1223,2014-02-01,,Two year,No,Bank transfer (automatic),24.65,1830.05,Fiber optic,No,No,No,No,No,No,Female,0,Yes,No,Yes,0
1224,2017-08-01,,One year,No,Bank transfer (automatic),90.4,2820.65,Fiber optic,Yes,Yes,Yes,No,No,No,Male,0,No,No,Yes,0
1225,2016-01-01,,Month-to-month,Yes,Mailed check,100.85,4847.35,Fiber optic,Yes,No,No,No,Yes,Yes,Female,0,Yes,No,Yes,0
1226,2015-01-01,,Two year,No,Credit card (automatic),75.35,4729.3,DSL,Yes,No,Yes,Yes,No,Yes,Male,0,Yes,No,Yes,0
1227,2016-03-01,,Month-to-month,No,Electronic check,87.2,4017.45,Fiber optic,No,Yes,No,No,Yes,No,Male,0,Yes,Yes,Yes,0
1228,2018-06-01,,Month-to-month,No,Credit card (automatic),64.4,1398.6,DSL,Yes,No,Yes,No,No,Yes,Male,0,No,No,No,0
1229,2017-02-01,2019-12-01,Month-to-month,No,Electronic check,78.3,2564.3,Fiber optic,No,No,No,No,Yes,No,Male,0,Yes,Yes,No,1
1230,2014-04-01,,Two year,No,Bank transfer (automatic),24.7,1685.9,Fiber optic,No,No,No,No,No,No,Female,0,Yes,Yes,Yes,0
1231,2015-08-01,,One year,Yes,Electronic check,105.85,5826.65,Fiber optic,Yes,Yes,No,Yes,Yes,Yes,Male,0,No,Yes,No,0
1232,2015-01-01,,One year,Yes,Mailed check,98.3,6066.55,Fiber optic,No,Yes,Yes,Yes,Yes,No,Male,1,Yes,No,Yes,0
1233,2019-09-01,2019-12-01,Month-to-month,Yes,Electronic check,76.95,228.4,Fiber optic,No,No,No,No,No,No,Male,0,No,No,Yes,1
1234,2019-01-01,,One year,No,Mailed check,19.45,270.2,Fiber optic,No,No,No,No,No,No,Male,0,No,No,No,0
1235,2018-06-01,2019-10-01,Month-to-month,Yes,Electronic check,96.15,1529.2,Fiber optic,No,No,No,No,Yes,Yes,Female,1,No,No,Yes,1
1236,2019-11-01,,Month-to-month,Yes,Credit card (automatic),58.7,168.6,DSL,No,Yes,No,No,Yes,No,Female,0,Yes,Yes,No,0
1237,2018-01-01,,Month-to-month,Yes,Mailed check,20.15,536.35,Fiber optic,No,No,No,No,No,No,Male,0,No,No,No,0
1238,2017-08-01,,Month-to-month,Yes,Mailed check,64.5,1888.45,DSL,Yes,No,No,No,No,Yes,Male,0,No,No,Yes,0
1239,2018-05-01,,Month-to-month,No,Electronic check,28.5,629.35,DSL,Yes,No,No,No,No,No,Female,0,Yes,No,No,0
1240,2019-09-01,2019-10-01,Month-to-month,No,Electronic check,45.3,45.3,DSL,No,No,No,No,No,No,Male,0,No,No,No,1
1241,2018-08-01,2019-11-01,Month-to-month,No,Bank transfer (automatic),19.4,289.3,Fiber optic,No,No,No,No,No,No,Female,0,No,No,No,1
1242,2018-03-01,,Month-to-month,Yes,Electronic check,90.45,2117.25,Fiber optic,No,No,No,No,Yes,Yes,Male,1,Yes,No,No,0
1243,2016-05-01,,Month-to-month,Yes,Electronic check,105.15,4730.9,Fiber optic,Yes,Yes,No,No,Yes,Yes,Female,0,Yes,Yes,Yes,0
1244,2018-02-01,,One year,No,Bank transfer (automatic),83.15,2033.05,Fiber optic,No,Yes,Yes,No,No,No,Female,0,Yes,Yes,Yes,0
1245,2018-12-01,2019-11-01,Month-to-month,No,Electronic check,90.15,987.95,Fiber optic,No,No,No,Yes,Yes,No,Female,0,No,No,Yes,1
1246,2019-10-01,2019-11-01,Month-to-month,No,Mailed check,45.05,45.05,DSL,No,No,No,No,No,No,Male,0,No,No,No,1
1247,2015-06-01,,Two year,No,Bank transfer (automatic),103.2,5744.35,Fiber optic,No,No,Yes,Yes,Yes,Yes,Female,0,Yes,No,Yes,0
1248,2019-10-01,2019-11-01,Month-to-month,No,Electronic check,75.8,75.8,Fiber optic,No,Yes,No,No,No,No,Female,0,No,No,No,1
1249,2020-01-01,,Month-to-month,No,Electronic check,19.45,19.45,Fiber optic,No,No,No,No,No,No,Male,0,No,No,No,0
1250,2019-04-01,2019-11-01,Month-to-month,Yes,Electronic check,79.3,523.15,Fiber optic,No,No,No,No,No,Yes,Female,0,No,No,No,1
1251,2015-07-01,,Two year,No,Credit card (automatic),88.8,4805.3,Fiber optic,No,No,Yes,Yes,Yes,No,Female,1,Yes,No,No,0
1252,2019-10-01,2019-12-01,Month-to-month,Yes,Electronic check,30.9,59.05,DSL,No,No,No,Yes,No,No,Female,0,No,No,No,1
1253,2014-02-01,,Two year,Yes,Credit card (automatic),85.9,6110.75,DSL,Yes,No,Yes,Yes,Yes,Yes,Female,0,Yes,Yes,Yes,0
1254,2016-05-01,,One year,No,Electronic check,34.2,1596.6,DSL,No,No,No,No,No,Yes,Female,1,No,No,No,0
1255,2016-03-01,,Two year,No,Mailed check,20.15,1046.2,Fiber optic,No,No,No,No,No,No,Female,0,No,No,No,0
1256,2016-02-01,2019-12-01,One year,No,Credit card (automatic),95.25,4424.2,Fiber optic,No,Yes,No,No,Yes,Yes,Female,1,No,No,No,1
1257,2019-12-01,,Month-to-month,Yes,Mailed check,50.3,92.75,DSL,No,Yes,No,No,No,No,Male,0,No,No,No,0
1258,2019-12-01,,Month-to-month,Yes,Electronic check,80.15,194.55,Fiber optic,Yes,No,No,Yes,No,No,Female,0,Yes,No,No,0
1259,2019-02-01,,Month-to-month,Yes,Electronic check,51.25,612.1,DSL,No,Yes,No,No,No,No,Female,0,Yes,No,No,0
1260,2014-05-01,2020-01-01,Month-to-month,Yes,Bank transfer (automatic),89.6,6127.6,Fiber optic,No,Yes,No,No,No,Yes,Female,1,Yes,No,Yes,1
1261,2014-05-01,,Two year,Yes,Credit card (automatic),95.2,6671.7,Fiber optic,No,No,No,Yes,Yes,Yes,Male,0,Yes,Yes,No,0
1262,2015-06-01,,One year,No,Credit card (automatic),94.8,5264.3,Fiber optic,Yes,No,No,No,Yes,Yes,Male,1,No,Yes,No,0
1263,2019-10-01,,Month-to-month,Yes,Electronic check,80.25,303.7,Fiber optic,Yes,No,No,No,No,No,Female,1,No,No,Yes,0
1264,2014-10-01,,Two year,Yes,Bank transfer (automatic),76.1,4818.8,DSL,No,Yes,Yes,Yes,Yes,No,Male,0,Yes,No,Yes,0
1265,2014-12-01,2019-11-01,One year,Yes,Electronic check,110.15,6448.05,Fiber optic,Yes,Yes,Yes,No,Yes,Yes,Male,0,Yes,No,Yes,1
1266,2014-12-01,,Two year,No,Bank transfer (automatic),115.55,7159.05,Fiber optic,Yes,Yes,Yes,Yes,Yes,Yes,Male,0,Yes,Yes,Yes,0
1267,2014-11-01,,Two year,No,Credit card (automatic),24.65,1574.5,Fiber optic,No,No,No,No,No,No,Male,0,Yes,Yes,Yes,0
1268,2015-09-01,,One year,Yes,Electronic check,53.6,2879.2,DSL,Yes,Yes,Yes,Yes,Yes,No,Female,0,No,No,No,0
1269,2019-09-01,,Month-to-month,No,Mailed check,19.45,86.05,Fiber optic,No,No,No,No,No,No,Male,0,Yes,Yes,No,0
1270,2016-01-01,,Month-to-month,Yes,Electronic check,88.2,4159.45,Fiber optic,Yes,Yes,Yes,No,No,No,Male,1,Yes,No,Yes,0
1271,2014-12-01,,Two year,Yes,Bank transfer (automatic),101.15,6638.35,Fiber optic,Yes,No,No,No,Yes,Yes,Female,0,Yes,Yes,Yes,0
1272,2015-07-01,,Two year,No,Mailed check,56.8,3112.05,DSL,Yes,Yes,No,Yes,No,No,Female,0,Yes,No,No,0
1273,2014-03-01,,Two year,Yes,Electronic check,99.4,7168.25,Fiber optic,Yes,Yes,Yes,Yes,Yes,No,Female,1,Yes,No,No,0
1274,2014-02-01,,Two year,Yes,Credit card (automatic),20.1,1326.25,Fiber optic,No,No,No,No,No,No,Female,0,Yes,Yes,No,0
1275,2017-02-01,,One year,No,Credit card (automatic),60.7,2234.55,DSL,Yes,No,Yes,Yes,Yes,Yes,Male,0,Yes,Yes,No,0
1276,2018-01-01,,One year,Yes,Bank transfer (automatic),20.95,495.15,Fiber optic,No,No,No,No,No,No,Male,0,Yes,No,No,0
1277,2014-02-01,,Two year,Yes,Bank transfer (automatic),114.85,8317.95,Fiber optic,Yes,Yes,Yes,Yes,Yes,Yes,Female,1,Yes,No,Yes,0
1278,2017-02-01,,One year,Yes,Bank transfer (automatic),19.25,679.8,Fiber optic,No,No,No,No,No,No,Female,0,No,No,No,0
1279,2020-01-01,,Month-to-month,Yes,Mailed check,62.8,62.8,DSL,No,No,No,No,Yes,Yes,Male,0,No,No,No,0
1280,2014-02-01,,Two year,Yes,Electronic check,105.5,7544.0,Fiber optic,Yes,No,Yes,No,Yes,Yes,Female,0,Yes,No,Yes,0
1281,2015-03-01,,Two year,No,Mailed check,19.85,1188.25,Fiber optic,No,No,No,No,No,No,Male,0,Yes,Yes,No,0
1282,2019-03-01,2019-10-01,Month-to-month,Yes,Electronic check,89.5,676.7,Fiber optic,No,No,No,No,Yes,Yes,Male,1,Yes,No,No,1
1283,2020-01-01,,One year,No,Credit card (automatic),74.1,74.1,DSL,No,No,Yes,Yes,Yes,Yes,Female,0,No,No,No,0
1284,2017-08-01,,Month-to-month,Yes,Electronic check,107.5,3242.5,Fiber optic,No,Yes,Yes,Yes,Yes,Yes,Female,0,Yes,Yes,Yes,0
1285,2014-10-01,,Two year,No,Mailed check,19.55,1240.15,Fiber optic,No,No,No,No,No,No,Male,0,No,No,No,0
1286,2014-11-01,,One year,No,Bank transfer (automatic),68.8,4111.35,DSL,Yes,Yes,Yes,Yes,No,No,Male,0,No,No,Yes,0
1287,2014-02-01,,Two year,No,Credit card (automatic),84.45,5899.85,DSL,Yes,Yes,Yes,No,Yes,Yes,Male,1,Yes,No,Yes,0
1288,2019-05-01,2020-01-01,Month-to-month,No,Electronic check,75.0,632.95,Fiber optic,Yes,No,No,No,No,No,Male,0,Yes,No,No,1
1289,2014-12-01,,Two year,No,Bank transfer (automatic),84.5,5193.2,DSL,No,Yes,Yes,Yes,Yes,Yes,Female,0,No,No,Yes,0
1290,2014-07-01,,Two year,Yes,Bank transfer (automatic),111.2,7530.8,Fiber optic,No,Yes,Yes,Yes,Yes,Yes,Male,0,Yes,Yes,Yes,0
1291,2019-05-01,2019-11-01,Month-to-month,No,Electronic check,44.75,270.95,DSL,No,No,No,No,No,No,Male,0,No,No,No,1
1292,2014-04-01,,Two year,Yes,Bank transfer (automatic),80.6,5460.2,DSL,Yes,No,No,Yes,Yes,Yes,Female,0,Yes,Yes,Yes,0
1293,2018-06-01,,Month-to-month,No,Bank transfer (automatic),80.7,1614.2,Fiber optic,No,No,No,No,Yes,No,Female,1,No,No,No,0
1294,2019-09-01,,Month-to-month,No,Electronic check,75.6,402.5,Fiber optic,No,No,No,No,No,No,Female,0,No,No,Yes,0
1295,2018-02-01,,One year,No,Electronic check,57.6,1367.75,DSL,Yes,Yes,Yes,No,Yes,Yes,Female,0,Yes,Yes,No,0
1296,2018-11-01,2019-10-01,Month-to-month,Yes,Electronic check,44.05,483.7,DSL,No,No,No,No,No,No,Female,0,Yes,No,No,1
1297,2014-02-01,,Two year,Yes,Credit card (automatic),110.6,7962.2,Fiber optic,No,Yes,Yes,Yes,Yes,Yes,Male,0,Yes,No,Yes,0
1298,2014-08-01,,Two year,Yes,Credit card (automatic),58.2,3810.8,DSL,Yes,Yes,No,Yes,No,No,Female,0,Yes,Yes,No,0
1299,2016-05-01,,Two year,Yes,Mailed check,81.0,3533.6,DSL,Yes,No,Yes,Yes,Yes,Yes,Female,0,Yes,Yes,No,0
1300,2014-05-01,,Two year,No,Bank transfer (automatic),19.7,1396.9,Fiber optic,No,No,No,No,No,No,Female,0,Yes,Yes,No,0
1301,2018-09-01,2019-12-01,Month-to-month,Yes,Bank transfer (automatic),85.6,1345.55,Fiber optic,No,No,No,No,No,Yes,Male,1,Yes,No,Yes,1
1302,2017-10-01,,Month-to-month,Yes,Bank transfer (automatic),59.55,1646.45,DSL,No,No,Yes,No,Yes,No,Female,0,No,No,No,0
1303,2014-01-01,2019-11-01,One year,No,Credit card (automatic),115.55,8127.6,Fiber optic,Yes,Yes,Yes,Yes,Yes,Yes,Female,0,No,No,Yes,1
1304,2017-02-01,,One year,Yes,Mailed check,75.55,2680.15,DSL,Yes,Yes,Yes,Yes,No,Yes,Female,0,No,No,No,0
1305,2018-06-01,2019-10-01,Month-to-month,Yes,Electronic check,86.6,1281.0,Fiber optic,No,No,No,No,Yes,No,Male,1,No,No,Yes,1
1306,2018-04-01,2019-10-01,Month-to-month,Yes,Electronic check,85.2,1553.9,Fiber optic,No,No,No,No,Yes,No,Female,0,No,No,Yes,1
1307,2017-01-01,2019-11-01,Month-to-month,Yes,Electronic check,97.65,3207.55,Fiber optic,No,No,No,No,Yes,Yes,Female,0,Yes,No,Yes,1
1308,2016-08-01,,One year,Yes,Credit card (automatic),45.1,2049.05,DSL,No,Yes,Yes,No,No,Yes,Male,0,Yes,Yes,No,0
1309,2016-02-01,,One year,Yes,Bank transfer (automatic),70.95,3629.2,DSL,Yes,No,No,Yes,No,Yes,Male,0,No,No,Yes,0
1310,2016-01-01,2019-12-01,Month-to-month,Yes,Electronic check,109.55,5124.55,Fiber optic,No,Yes,Yes,Yes,Yes,Yes,Male,0,Yes,No,Yes,1
1311,2016-09-01,2019-12-01,One year,Yes,Electronic check,89.55,3474.45,Fiber optic,No,Yes,Yes,Yes,No,No,Female,0,Yes,Yes,Yes,1
1312,2019-03-01,,Two year,No,Credit card (automatic),20.9,202.3,Fiber optic,No,No,No,No,No,No,Female,0,Yes,Yes,No,0
1313,2019-07-01,,Month-to-month,Yes,Mailed check,19.95,147.5,Fiber optic,No,No,No,No,No,No,Male,0,No,No,No,0
1314,2019-11-01,,Month-to-month,No,Mailed check,24.6,86.35,Fiber optic,No,No,No,No,No,No,Female,0,No,No,Yes,0
1315,2019-06-01,,Month-to-month,Yes,Electronic check,66.7,579.0,DSL,Yes,No,Yes,No,No,Yes,Male,0,No,No,No,0
1316,2019-12-01,2020-01-01,Month-to-month,Yes,Mailed check,19.45,19.45,Fiber optic,No,No,No,No,No,No,Male,0,No,Yes,No,1
1317,2017-06-01,,One year,No,Mailed check,94.8,3131.55,Fiber optic,Yes,Yes,Yes,No,No,Yes,Male,0,Yes,Yes,No,0
1318,2015-02-01,,One year,Yes,Bank transfer (automatic),65.85,3928.3,DSL,Yes,Yes,Yes,Yes,No,No,Male,0,Yes,Yes,No,0
1319,2019-04-01,,Month-to-month,Yes,Bank transfer (automatic),19.95,187.75,Fiber optic,No,No,No,No,No,No,Female,0,Yes,No,No,0
1320,2014-03-01,,Two year,Yes,Bank transfer (automatic),24.65,1710.15,Fiber optic,No,No,No,No,No,No,Female,0,Yes,No,Yes,0
1321,2019-09-01,2020-01-01,Month-to-month,No,Mailed check,20.35,76.35,Fiber optic,No,No,No,No,No,No,Female,0,Yes,Yes,No,1
1322,2019-10-01,2019-11-01,Month-to-month,Yes,Electronic check,69.25,69.25,Fiber optic,No,No,No,No,No,No,Female,1,No,No,No,1
1323,2016-07-01,,One year,Yes,Bank transfer (automatic),51.25,2151.6,DSL,Yes,Yes,No,Yes,Yes,No,Female,0,Yes,Yes,No,0
1324,2014-11-01,2019-10-01,One year,Yes,Bank transfer (automatic),99.5,5961.1,Fiber optic,No,No,Yes,No,Yes,Yes,Male,0,Yes,No,Yes,1
1325,2018-03-01,,Month-to-month,No,Electronic check,54.25,1221.55,DSL,No,No,Yes,Yes,No,No,Female,0,Yes,No,No,0
1326,2014-02-01,,Two year,No,Bank transfer (automatic),19.4,1496.45,Fiber optic,No,No,No,No,No,No,Female,0,Yes,No,No,0
1327,2018-04-01,,One year,Yes,Credit card (automatic),56.25,1292.2,DSL,Yes,No,No,Yes,No,No,Male,0,Yes,No,No,0
1328,2020-01-01,,Month-to-month,Yes,Mailed check,25.15,25.15,DSL,No,No,No,No,No,No,Female,0,No,No,No,0
1329,2014-05-01,,Two year,No,Bank transfer (automatic),23.95,1713.1,Fiber optic,No,No,No,No,No,No,Male,0,No,No,Yes,0
1330,2015-12-01,,One year,Yes,Mailed check,35.4,1748.9,DSL,Yes,No,No,Yes,No,No,Male,0,No,No,No,0
1331,2019-11-01,2019-12-01,Month-to-month,Yes,Electronic check,25.2,25.2,DSL,No,No,No,No,No,No,Female,1,No,No,No,1
1332,2019-09-01,2019-11-01,Month-to-month,Yes,Mailed check,45.0,96.45,DSL,No,No,No,No,No,No,Male,0,No,No,No,1
1333,2018-11-01,,Month-to-month,No,Bank transfer (automatic),75.35,1114.55,Fiber optic,No,Yes,No,No,No,No,Female,0,Yes,No,No,0
1334,2017-07-01,,Two year,No,Bank transfer (automatic),20.4,609.1,Fiber optic,No,No,No,No,No,No,Male,0,No,No,No,0
1335,2019-12-01,2020-01-01,Month-to-month,No,Mailed check,20.15,20.15,Fiber optic,No,No,No,No,No,No,Male,0,No,No,No,1
1336,2014-05-01,2019-11-01,Month-to-month,Yes,Credit card (automatic),105.0,7133.25,Fiber optic,No,Yes,Yes,No,Yes,Yes,Male,0,Yes,No,Yes,1
1337,2020-02-01,,Two year,No,Credit card (automatic),56.05,2291.023009417808,DSL,Yes,Yes,Yes,Yes,Yes,No,Female,0,Yes,Yes,No,0
1338,2019-07-01,2019-10-01,Month-to-month,Yes,Credit card (automatic),54.7,169.45,DSL,No,No,No,No,Yes,No,Male,0,No,Yes,No,1
1339,2019-06-01,,Two year,No,Mailed check,20.0,141.6,Fiber optic,No,No,No,No,No,No,Female,0,No,No,No,0
1340,2014-10-01,,One year,Yes,Credit card (automatic),73.05,4688.65,DSL,Yes,No,Yes,No,Yes,Yes,Male,0,Yes,Yes,No,0
1341,2017-10-01,,Month-to-month,No,Mailed check,20.5,563.05,Fiber optic,No,No,No,No,No,No,Female,0,Yes,No,No,0
1342,2015-05-01,,One year,Yes,Credit card (automatic),100.75,5985.0,Fiber optic,No,No,Yes,No,Yes,Yes,Female,0,Yes,No,Yes,0
1343,2018-09-01,2019-11-01,Month-to-month,Yes,Electronic check,87.25,1258.6,Fiber optic,No,No,Yes,No,No,Yes,Female,0,Yes,Yes,Yes,1
1344,2018-07-01,,Two year,Yes,Mailed check,19.95,373.5,Fiber optic,No,No,No,No,No,No,Male,0,No,No,No,0
1345,2019-01-01,2019-11-01,Month-to-month,Yes,Electronic check,79.95,857.2,Fiber optic,No,No,No,No,Yes,No,Male,0,Yes,No,No,1
1346,2015-11-01,,Month-to-month,Yes,Electronic check,49.65,2553.35,DSL,No,Yes,No,No,Yes,Yes,Female,0,Yes,No,No,0
1347,2014-07-01,,Two year,No,Mailed check,65.65,4322.85,DSL,Yes,Yes,Yes,No,No,No,Female,0,Yes,No,Yes,0
1348,2019-03-01,,Month-to-month,Yes,Electronic check,20.45,250.8,Fiber optic,No,No,No,No,No,No,Male,0,Yes,Yes,No,0
1349,2014-02-01,,Two year,No,Bank transfer (automatic),60.95,4549.05,DSL,Yes,No,Yes,Yes,Yes,Yes,Male,0,Yes,Yes,No,0
1350,2014-08-01,,One year,Yes,Electronic check,20.35,1359.5,Fiber optic,No,No,No,No,No,No,Male,0,Yes,Yes,No,0
1351,2018-06-01,2019-12-01,Month-to-month,Yes,Electronic check,88.35,1639.3,Fiber optic,No,No,No,Yes,Yes,No,Female,0,No,No,Yes,1
1352,2019-05-01,,Month-to-month,Yes,Electronic check,19.5,178.85,Fiber optic,No,No,No,No,No,No,Female,0,No,No,No,0
1353,2019-05-01,,Month-to-month,Yes,Credit card (automatic),75.2,633.85,Fiber optic,No,No,No,No,No,No,Female,0,No,No,Yes,0
1354,2016-02-01,,Month-to-month,Yes,Bank transfer (automatic),111.45,5315.1,Fiber optic,Yes,Yes,Yes,No,Yes,Yes,Male,0,Yes,No,Yes,0
1355,2019-04-01,,Month-to-month,No,Mailed check,70.15,735.5,Fiber optic,No,No,No,No,No,No,Male,0,No,No,No,0
1356,2019-01-01,2019-10-01,Month-to-month,Yes,Electronic check,94.75,889.9,Fiber optic,No,No,No,No,Yes,Yes,Female,0,No,No,Yes,1
1357,2018-09-01,2019-10-01,Month-to-month,Yes,Electronic check,95.05,1290.0,Fiber optic,No,No,No,No,Yes,Yes,Female,1,No,No,Yes,1
1358,2019-06-01,2019-10-01,Month-to-month,No,Electronic check,78.45,330.05,Fiber optic,No,Yes,No,No,No,No,Male,0,No,No,Yes,1
1359,2019-07-01,2019-11-01,Month-to-month,Yes,Electronic check,70.2,237.95,Fiber optic,No,No,No,No,No,No,Male,0,No,No,No,1
1360,2014-02-01,,Two year,No,Bank transfer (automatic),92.0,6474.4,DSL,Yes,Yes,Yes,Yes,Yes,Yes,Female,0,Yes,No,Yes,0
1361,2015-11-01,,Two year,No,Credit card (automatic),85.5,4421.95,DSL,Yes,Yes,Yes,Yes,Yes,Yes,Female,0,Yes,Yes,No,0
1362,2014-12-01,2019-11-01,Month-to-month,Yes,Bank transfer (automatic),41.05,2452.7,DSL,No,Yes,No,No,No,Yes,Male,0,Yes,No,No,1
1363,2019-01-01,2019-11-01,Month-to-month,Yes,Electronic check,85.6,813.85,Fiber optic,No,No,No,No,Yes,No,Male,0,Yes,No,Yes,1
1364,2015-01-01,,Month-to-month,Yes,Electronic check,82.15,4904.85,Fiber optic,No,Yes,No,No,No,No,Male,1,Yes,No,Yes,0
1365,2015-08-01,,One year,No,Electronic check,84.4,4484.05,Fiber optic,Yes,No,Yes,Yes,No,No,Male,0,No,No,No,0
1366,2017-05-01,,Month-to-month,Yes,Mailed check,60.9,2033.85,DSL,Yes,Yes,No,No,No,No,Female,0,No,No,Yes,0
1367,2017-11-01,,Two year,Yes,Bank transfer (automatic),20.25,538.2,Fiber optic,No,No,No,No,No,No,Female,0,No,No,No,0
1368,2019-11-01,2019-12-01,Month-to-month,Yes,Electronic check,79.2,79.2,Fiber optic,No,No,No,No,Yes,No,Female,1,No,No,No,1
1369,2018-03-01,,Month-to-month,No,Mailed check,95.3,2192.9,Fiber optic,No,Yes,No,No,Yes,Yes,Male,0,No,No,No,0
1370,2020-01-01,,Month-to-month,No,Mailed check,19.85,19.85,Fiber optic,No,No,No,No,No,No,Male,0,No,Yes,No,0
1371,2016-05-01,,Two year,Yes,Mailed check,84.35,3858.05,DSL,Yes,Yes,Yes,Yes,Yes,Yes,Male,0,Yes,Yes,No,0
1372,2016-11-01,,Two year,Yes,Bank transfer (automatic),19.85,854.8,Fiber optic,No,No,No,No,No,No,Female,0,Yes,Yes,No,0
1373,2019-07-01,2019-12-01,One year,Yes,Mailed check,70.0,347.4,DSL,No,No,Yes,No,Yes,Yes,Male,0,No,No,No,1
1374,2014-02-01,,Two year,No,Bank transfer (automatic),82.3,5815.15,DSL,Yes,Yes,Yes,Yes,Yes,No,Male,0,Yes,Yes,Yes,0
1375,2015-04-01,,Month-to-month,Yes,Bank transfer (automatic),66.8,3970.4,DSL,No,Yes,No,No,Yes,No,Female,0,Yes,Yes,Yes,0
1376,2014-04-01,,Two year,Yes,Bank transfer (automatic),44.6,3058.15,DSL,Yes,Yes,Yes,Yes,No,No,Female,0,No,No,No,0
1377,2015-01-01,,One year,Yes,Bank transfer (automatic),98.45,6145.2,Fiber optic,No,Yes,No,Yes,Yes,Yes,Male,0,Yes,Yes,No,0
1378,2019-12-01,,Month-to-month,No,Mailed check,70.7,129.2,Fiber optic,No,No,No,No,No,No,Male,0,No,No,No,0
1379,2016-04-01,,One year,No,Mailed check,24.95,1165.9,Fiber optic,No,No,No,No,No,No,Female,0,Yes,Yes,Yes,0
1380,2019-12-01,2020-01-01,Month-to-month,Yes,Bank transfer (automatic),49.95,49.95,DSL,No,No,No,No,No,No,Female,0,No,No,Yes,1
1381,2018-03-01,2020-01-01,Month-to-month,Yes,Electronic check,69.25,1554.0,Fiber optic,No,No,No,No,No,No,Female,0,Yes,No,No,1
1382,2016-02-01,,Two year,Yes,Credit card (automatic),102.5,4904.25,Fiber optic,Yes,No,Yes,Yes,Yes,Yes,Female,0,No,No,No,0
1383,2014-10-01,,Two year,No,Credit card (automatic),86.55,5632.55,DSL,No,Yes,Yes,Yes,Yes,Yes,Male,0,No,No,Yes,0
1384,2014-02-01,,Two year,No,Bank transfer (automatic),24.3,1643.25,Fiber optic,No,No,No,No,No,No,Male,0,Yes,Yes,Yes,0
1385,2019-02-01,,Month-to-month,Yes,Credit card (automatic),58.35,740.55,DSL,No,No,Yes,No,Yes,No,Female,0,Yes,Yes,No,0
1386,2017-02-01,2019-12-01,Month-to-month,Yes,Electronic check,94.25,3217.55,Fiber optic,No,Yes,Yes,No,No,Yes,Female,1,Yes,No,Yes,1
1387,2014-02-01,,Two year,No,Credit card (automatic),68.75,4888.2,DSL,Yes,Yes,Yes,No,No,Yes,Female,0,Yes,Yes,No,0
1388,2017-09-01,,Month-to-month,Yes,Electronic check,85.8,2440.25,Fiber optic,No,Yes,Yes,No,No,No,Male,0,Yes,No,Yes,0
1389,2017-05-01,,One year,No,Credit card (automatic),20.1,620.55,Fiber optic,No,No,No,No,No,No,Male,0,Yes,Yes,No,0
1390,2020-01-01,,Month-to-month,No,Mailed check,20.35,20.35,Fiber optic,No,No,No,No,No,No,Female,0,No,No,No,0
1391,2014-12-01,,One year,Yes,Electronic check,110.8,6840.95,Fiber optic,No,Yes,Yes,Yes,Yes,Yes,Female,0,Yes,Yes,Yes,0
1392,2016-08-01,2020-01-01,One year,Yes,Electronic check,73.0,3001.2,DSL,No,No,Yes,No,Yes,Yes,Male,0,Yes,No,Yes,1
1393,2014-07-01,2019-11-01,One year,Yes,Credit card (automatic),100.05,6254.2,Fiber optic,No,No,Yes,No,Yes,Yes,Female,0,No,No,Yes,1
1394,2019-10-01,,Month-to-month,Yes,Credit card (automatic),82.85,319.6,Fiber optic,No,No,Yes,No,No,Yes,Female,0,No,No,No,0
1395,2018-02-01,,Month-to-month,Yes,Electronic check,84.35,1938.05,Fiber optic,Yes,No,No,Yes,No,No,Female,0,No,No,Yes,0
1396,2018-12-01,,One year,No,Mailed check,19.55,294.5,Fiber optic,No,No,No,No,No,No,Female,0,Yes,Yes,No,0
1397,2019-11-01,,Month-to-month,No,Mailed check,19.95,58.3,Fiber optic,No,No,No,No,No,No,Male,0,No,Yes,No,0
1398,2019-07-01,2019-11-01,Month-to-month,Yes,Credit card (automatic),99.8,442.85,Fiber optic,No,Yes,Yes,No,Yes,Yes,Female,1,No,No,No,1
1399,2018-07-01,2020-01-01,Month-to-month,Yes,Electronic check,35.0,553.0,DSL,No,No,No,No,No,Yes,Female,0,No,Yes,No,1
1400,2019-06-01,,Month-to-month,Yes,Electronic check,66.25,546.45,DSL,No,No,No,No,Yes,Yes,Male,0,No,No,No,0
1401,2017-03-01,,Two year,No,Bank transfer (automatic),23.3,797.1,Fiber optic,No,No,No,No,No,No,Female,0,No,No,Yes,0
1402,2019-12-01,2020-01-01,Month-to-month,No,Electronic check,76.0,76.0,Fiber optic,No,No,No,No,No,No,Female,0,No,No,Yes,1
1403,2014-08-01,,Two year,Yes,Credit card (automatic),25.3,1673.8,Fiber optic,No,No,No,No,No,No,Male,0,No,Yes,Yes,0
1404,2019-06-01,,Two year,Yes,Mailed check,44.55,343.45,DSL,Yes,No,No,Yes,No,Yes,Male,0,No,Yes,No,0
1405,2014-03-01,,One year,Yes,Credit card (automatic),104.1,7412.25,Fiber optic,Yes,No,Yes,No,Yes,Yes,Female,0,Yes,No,Yes,0
1406,2016-07-01,,Month-to-month,Yes,Bank transfer (automatic),92.55,4039.0,Fiber optic,No,No,Yes,No,No,Yes,Female,0,Yes,Yes,Yes,0
1407,2019-08-01,2019-10-01,Month-to-month,Yes,Electronic check,93.85,170.85,Fiber optic,No,No,No,No,Yes,Yes,Female,1,No,No,Yes,1
1408,2017-09-01,,Month-to-month,Yes,Bank transfer (automatic),101.45,2948.6,Fiber optic,No,Yes,Yes,No,Yes,Yes,Male,1,No,No,No,0
1409,2018-10-01,2020-01-01,Month-to-month,Yes,Electronic check,84.3,1308.4,Fiber optic,No,No,Yes,No,Yes,No,Female,0,Yes,No,No,1
1410,2014-09-01,,Two year,No,Credit card (automatic),94.55,6078.75,Fiber optic,Yes,Yes,Yes,Yes,No,No,Male,0,Yes,Yes,Yes,0
1411,2017-03-01,,Month-to-month,No,Electronic check,95.5,3418.2,Fiber optic,No,No,Yes,Yes,Yes,No,Male,0,No,No,Yes,0
1412,2014-10-01,,One year,Yes,Credit card (automatic),100.3,6603.8,Fiber optic,Yes,Yes,No,No,Yes,Yes,Male,0,No,No,No,0
1413,2015-04-01,,Two year,Yes,Credit card (automatic),55.5,3166.9,DSL,No,No,Yes,Yes,Yes,Yes,Female,0,Yes,Yes,No,0
1414,2018-08-01,,Month-to-month,Yes,Credit card (automatic),49.85,865.75,DSL,No,Yes,No,No,No,No,Female,1,No,No,No,0
1415,2014-07-01,,Month-to-month,Yes,Bank transfer (automatic),89.55,6373.1,Fiber optic,No,Yes,No,No,No,Yes,Male,0,Yes,Yes,Yes,0
1416,2014-11-01,,Two year,Yes,Mailed check,19.15,1177.05,Fiber optic,No,No,No,No,No,No,Male,0,Yes,Yes,No,0
1417,2015-02-01,,Month-to-month,Yes,Electronic check,99.8,5985.75,Fiber optic,No,Yes,No,No,Yes,Yes,Female,0,Yes,No,Yes,0
1418,2019-03-01,2019-12-01,Month-to-month,Yes,Credit card (automatic),84.4,732.5,Fiber optic,No,No,No,No,No,Yes,Male,1,No,No,Yes,1
1419,2014-04-01,,Two year,Yes,Credit card (automatic),113.05,7869.05,Fiber optic,Yes,Yes,Yes,Yes,Yes,Yes,Female,0,Yes,Yes,Yes,0
1420,2018-10-01,2020-01-01,Month-to-month,Yes,Electronic check,101.1,1504.05,Fiber optic,No,No,Yes,No,Yes,Yes,Male,0,Yes,No,Yes,1
1421,2016-02-01,,One year,No,Mailed check,19.95,936.7,Fiber optic,No,No,No,No,No,No,Female,0,No,Yes,No,0
1422,2019-02-01,,Month-to-month,Yes,Electronic check,74.15,741.4,DSL,No,No,Yes,Yes,Yes,Yes,Male,0,Yes,No,No,0
1423,2014-03-01,,One year,Yes,Electronic check,92.0,6585.2,Fiber optic,Yes,Yes,Yes,Yes,No,No,Male,1,Yes,No,Yes,0
1424,2016-06-01,,Month-to-month,No,Electronic check,73.85,3122.4,Fiber optic,No,No,Yes,No,No,No,Male,1,No,No,No,0
1425,2019-11-01,2019-12-01,Month-to-month,Yes,Electronic check,50.45,50.45,DSL,No,No,No,No,No,No,Male,0,No,No,Yes,1
1426,2016-05-01,,Two year,No,Mailed check,24.45,1088.25,Fiber optic,No,No,No,No,No,No,Male,0,Yes,Yes,Yes,0
1427,2018-03-01,,One year,No,Credit card (automatic),24.8,615.35,Fiber optic,No,No,No,No,No,No,Female,0,No,No,Yes,0
1428,2016-07-01,,One year,Yes,Bank transfer (automatic),64.85,2908.2,DSL,No,No,No,Yes,Yes,No,Female,0,Yes,No,Yes,0
1429,2017-03-01,,Month-to-month,No,Bank transfer (automatic),20.75,739.9,Fiber optic,No,No,No,No,No,No,Male,0,No,No,No,0
1430,2019-05-01,,Month-to-month,Yes,Mailed check,68.95,593.85,DSL,Yes,Yes,No,Yes,Yes,No,Male,0,Yes,No,No,0
1431,2018-10-01,2019-10-01,Month-to-month,Yes,Mailed check,99.95,1132.75,Fiber optic,No,No,No,Yes,Yes,Yes,Male,0,No,No,Yes,1
1432,2014-09-01,,Month-to-month,Yes,Credit card (automatic),109.4,7227.45,Fiber optic,Yes,Yes,Yes,No,Yes,Yes,Female,1,Yes,No,Yes,0
1433,2019-11-01,2020-01-01,Month-to-month,Yes,Electronic check,91.4,193.6,Fiber optic,No,No,Yes,No,Yes,No,Female,0,No,No,Yes,1
1434,2017-11-01,,Month-to-month,No,Mailed check,49.0,1291.35,DSL,No,No,No,No,No,No,Male,0,No,No,Yes,0
1435,2016-10-01,,One year,Yes,Mailed check,50.25,2023.55,DSL,No,No,Yes,No,No,No,Female,0,No,No,No,0
1436,2019-06-01,2019-11-01,Month-to-month,Yes,Credit card (automatic),75.55,349.65,Fiber optic,No,No,Yes,No,No,No,Female,1,No,No,No,1
1437,2019-06-01,,One year,No,Credit card (automatic),19.9,153.95,Fiber optic,No,No,No,No,No,No,Male,0,Yes,Yes,No,0
1438,2015-04-01,,One year,Yes,Bank transfer (automatic),97.8,5458.8,Fiber optic,No,Yes,No,No,Yes,Yes,Female,1,Yes,No,Yes,0
1439,2015-10-01,,One year,No,Electronic check,100.3,5244.45,Fiber optic,Yes,No,Yes,No,Yes,Yes,Female,0,Yes,Yes,No,0
1440,2019-11-01,,Month-to-month,Yes,Mailed check,55.8,154.55,DSL,No,No,Yes,Yes,No,No,Male,0,Yes,No,No,0
1441,2016-09-01,,Two year,Yes,Electronic check,111.15,4507.15,Fiber optic,Yes,Yes,Yes,Yes,Yes,Yes,Male,0,No,Yes,No,0
1442,2018-06-01,,Month-to-month,Yes,Mailed check,98.55,2031.95,Fiber optic,No,No,No,Yes,Yes,Yes,Male,0,No,No,Yes,0
1443,2020-01-01,,Month-to-month,Yes,Electronic check,50.05,50.05,DSL,No,No,No,No,No,No,Male,0,No,Yes,Yes,0
1444,2019-09-01,2020-01-01,Month-to-month,No,Credit card (automatic),80.8,332.45,Fiber optic,No,No,No,Yes,No,No,Male,0,No,Yes,Yes,1
1445,2018-03-01,,Month-to-month,No,Electronic check,20.85,473.9,Fiber optic,No,No,No,No,No,No,Male,0,No,No,No,0
1446,2019-08-01,,Month-to-month,No,Bank transfer (automatic),19.5,106.8,Fiber optic,No,No,No,No,No,No,Female,1,No,No,No,0
1447,2019-06-01,,Month-to-month,Yes,Mailed check,19.35,152.6,Fiber optic,No,No,No,No,No,No,Male,0,Yes,Yes,No,0
1448,2018-08-01,,Month-to-month,No,Mailed check,69.5,1199.4,DSL,Yes,No,Yes,No,Yes,No,Male,0,No,No,Yes,0
1449,2015-10-01,,Month-to-month,Yes,Credit card (automatic),48.8,2555.05,DSL,Yes,No,No,No,Yes,Yes,Male,1,No,No,No,0
1450,2017-07-01,,Month-to-month,Yes,Electronic check,94.5,2979.2,Fiber optic,No,Yes,No,No,Yes,Yes,Male,0,No,No,No,0
1451,2017-09-01,,Month-to-month,Yes,Mailed check,20.65,654.85,Fiber optic,No,No,No,No,No,No,Male,0,Yes,Yes,No,0
1452,2017-02-01,,Two year,Yes,Credit card (automatic),106.05,3834.4,Fiber optic,Yes,Yes,Yes,Yes,No,Yes,Female,0,Yes,No,Yes,0
1453,2018-08-01,2019-12-01,Month-to-month,Yes,Electronic check,100.0,1534.75,Fiber optic,No,Yes,No,No,Yes,Yes,Female,0,Yes,No,Yes,1
1454,2016-08-01,,One year,Yes,Electronic check,108.3,4586.15,Fiber optic,No,No,Yes,Yes,Yes,Yes,Male,0,Yes,No,Yes,0
1455,2019-11-01,2019-12-01,Month-to-month,No,Electronic check,20.55,20.55,Fiber optic,No,No,No,No,No,No,Male,0,No,No,No,1
1456,2015-02-01,,Two year,Yes,Electronic check,99.65,5941.05,Fiber optic,No,Yes,Yes,No,Yes,Yes,Female,0,No,No,No,0
1457,2019-06-01,2019-11-01,Month-to-month,Yes,Electronic check,85.3,424.15,Fiber optic,No,Yes,Yes,No,No,No,Male,0,No,No,Yes,1
1458,2018-04-01,,Month-to-month,No,Credit card (automatic),95.9,2234.95,Fiber optic,Yes,No,No,Yes,Yes,No,Male,0,Yes,No,Yes,0
1459,2017-02-01,,One year,No,Mailed check,20.0,666.75,Fiber optic,No,No,No,No,No,No,Male,0,Yes,No,No,0
1460,2019-08-01,2019-12-01,Month-to-month,No,Electronic check,70.4,281.0,Fiber optic,No,No,No,No,No,No,Female,0,No,No,No,1
1461,2019-05-01,,Month-to-month,No,Mailed check,64.95,547.8,DSL,Yes,No,No,Yes,No,Yes,Male,0,No,No,No,0
1462,2020-01-01,,Month-to-month,No,Credit card (automatic),74.6,74.6,Fiber optic,No,Yes,No,No,No,No,Male,0,Yes,Yes,No,0
1463,2019-02-01,,Month-to-month,Yes,Electronic check,49.2,571.15,DSL,Yes,No,No,No,No,No,Male,0,Yes,Yes,No,0
1464,2018-03-01,,One year,Yes,Mailed check,73.75,1756.6,DSL,No,No,No,Yes,Yes,Yes,Female,0,No,No,Yes,0
1465,2014-12-01,,One year,Yes,Bank transfer (automatic),92.3,5731.45,Fiber optic,Yes,Yes,No,No,No,Yes,Male,0,No,No,Yes,0
1466,2016-10-01,2019-11-01,Month-to-month,No,Bank transfer (automatic),98.8,3475.55,Fiber optic,No,No,No,Yes,Yes,Yes,Male,0,No,No,Yes,1
1467,2019-06-01,,Month-to-month,No,Mailed check,19.2,156.85,Fiber optic,No,No,No,No,No,No,Female,0,No,No,No,0
1468,2017-07-01,,Month-to-month,No,Credit card (automatic),88.65,2683.2,Fiber optic,No,No,Yes,No,Yes,No,Male,0,Yes,No,Yes,0
1469,2018-11-01,2019-12-01,Month-to-month,Yes,Credit card (automatic),74.4,896.75,Fiber optic,No,No,No,No,No,No,Male,0,Yes,Yes,Yes,1
1470,2017-11-01,2019-11-01,Month-to-month,Yes,Electronic check,98.75,2407.3,Fiber optic,No,No,Yes,No,Yes,Yes,Female,0,No,No,Yes,1
1471,2016-05-01,,Month-to-month,Yes,Bank transfer (automatic),95.95,4456.65,Fiber optic,No,Yes,Yes,No,No,Yes,Male,0,Yes,Yes,Yes,0
1472,2014-05-01,,Two year,No,Credit card (automatic),105.4,6998.95,Fiber optic,No,Yes,No,Yes,Yes,Yes,Female,1,Yes,No,Yes,0
1473,2019-12-01,,Month-to-month,No,Mailed check,20.25,36.8,Fiber optic,No,No,No,No,No,No,Male,0,No,No,No,0
1474,2014-12-01,2020-01-01,One year,Yes,Electronic check,106.0,6547.7,Fiber optic,Yes,Yes,No,No,Yes,Yes,Male,0,Yes,Yes,Yes,1
1475,2016-06-01,2019-11-01,Month-to-month,Yes,Electronic check,104.7,4346.4,Fiber optic,No,Yes,Yes,No,Yes,Yes,Male,0,No,No,Yes,1
1476,2016-06-01,,One year,Yes,Electronic check,49.05,2265.0,DSL,No,No,Yes,No,Yes,Yes,Female,0,No,No,No,0
1477,2016-11-01,,One year,No,Mailed check,35.55,1309.15,DSL,No,No,Yes,Yes,No,No,Male,0,No,No,No,0
1478,2014-02-01,,Two year,Yes,Credit card (automatic),65.1,4754.3,DSL,Yes,Yes,Yes,Yes,Yes,Yes,Male,0,Yes,Yes,No,0
1479,2019-01-01,,Month-to-month,Yes,Electronic check,96.85,1235.55,Fiber optic,No,No,Yes,No,Yes,Yes,Female,1,No,No,No,0
1480,2015-11-01,,One year,Yes,Credit card (automatic),69.75,3562.5,DSL,Yes,Yes,No,Yes,No,Yes,Female,0,Yes,Yes,No,0
1481,2014-03-01,,Two year,Yes,Electronic check,99.2,7213.75,Fiber optic,No,Yes,Yes,No,Yes,Yes,Female,1,Yes,No,No,0
1482,2018-01-01,2019-11-01,Month-to-month,Yes,Electronic check,96.7,2082.95,Fiber optic,No,No,No,No,Yes,Yes,Male,1,No,No,Yes,1
1483,2019-10-01,2019-12-01,Month-to-month,Yes,Credit card (automatic),55.05,102.75,DSL,No,Yes,No,Yes,No,No,Female,0,No,No,No,1
1484,2015-06-01,,One year,Yes,Electronic check,106.8,5914.4,Fiber optic,No,Yes,Yes,No,Yes,Yes,Female,0,No,No,Yes,0
1485,2020-01-01,,Month-to-month,No,Mailed check,51.25,51.25,DSL,Yes,No,No,No,No,No,Male,0,No,No,No,0
1486,2018-03-01,,One year,Yes,Mailed check,57.75,1282.85,DSL,Yes,Yes,No,Yes,No,No,Female,0,Yes,Yes,No,0
1487,2014-08-01,,One year,Yes,Bank transfer (automatic),70.85,4738.85,DSL,No,Yes,Yes,No,Yes,No,Female,1,Yes,No,Yes,0
1488,2018-03-01,2019-10-01,Month-to-month,Yes,Electronic check,88.2,1775.8,Fiber optic,No,Yes,No,No,Yes,No,Male,1,No,No,Yes,1
1489,2019-03-01,,Month-to-month,Yes,Bank transfer (automatic),79.5,795.65,Fiber optic,Yes,No,Yes,No,No,No,Male,0,No,No,No,0
1490,2019-02-01,2019-10-01,One year,Yes,Mailed check,19.75,145.0,Fiber optic,No,No,No,No,No,No,Female,0,Yes,Yes,No,1
1491,2015-10-01,,Month-to-month,No,Bank transfer (automatic),98.15,4993.4,Fiber optic,Yes,Yes,Yes,No,No,Yes,Female,0,Yes,Yes,Yes,0
1492,2019-11-01,,Month-to-month,Yes,Electronic check,20.25,61.45,Fiber optic,No,No,No,No,No,No,Male,0,No,No,No,0
1493,2015-11-01,,Month-to-month,Yes,Bank transfer (automatic),79.15,4018.55,Fiber optic,Yes,Yes,No,No,No,No,Female,0,Yes,Yes,No,0
1494,2018-10-01,2020-01-01,Month-to-month,No,Electronic check,75.65,1146.65,Fiber optic,No,No,No,No,No,No,Male,1,No,No,Yes,1
1495,2014-10-01,,Month-to-month,Yes,Electronic check,94.25,6081.4,Fiber optic,No,Yes,Yes,No,No,Yes,Male,1,Yes,No,Yes,0
1496,2017-01-01,,Month-to-month,Yes,Credit card (automatic),40.2,1478.85,DSL,No,No,Yes,No,No,Yes,Female,0,No,No,No,0
1497,2019-01-01,,Two year,No,Mailed check,19.95,243.65,Fiber optic,No,No,No,No,No,No,Male,0,No,No,No,0
1498,2016-01-01,,One year,Yes,Electronic check,55.35,2633.95,DSL,Yes,No,No,No,No,No,Male,0,Yes,No,Yes,0
1499,2016-05-01,,One year,Yes,Bank transfer (automatic),102.15,4735.35,Fiber optic,No,No,Yes,No,Yes,Yes,Female,1,No,No,Yes,0
1500,2018-08-01,,Month-to-month,Yes,Electronic check,71.1,1247.75,Fiber optic,No,No,No,No,No,No,Female,0,No,No,No,0
1501,2019-09-01,2019-10-01,Month-to-month,Yes,Electronic check,74.7,74.7,Fiber optic,No,No,No,No,No,No,Male,1,No,No,Yes,1
1502,2014-06-01,,Two year,Yes,Bank transfer (automatic),54.1,3794.5,DSL,Yes,No,Yes,No,Yes,Yes,Male,0,Yes,No,No,0
1503,2015-08-01,,Two year,No,Credit card (automatic),19.65,1008.7,Fiber optic,No,No,No,No,No,No,Male,0,No,No,No,0
1504,2018-03-01,,Month-to-month,Yes,Bank transfer (automatic),88.45,2130.55,Fiber optic,No,Yes,Yes,No,No,Yes,Female,1,Yes,Yes,No,0
1505,2018-05-01,2019-10-01,Month-to-month,Yes,Electronic check,76.65,1313.55,Fiber optic,No,No,Yes,No,No,No,Male,0,No,No,No,1
1506,2014-03-01,,Two year,No,Credit card (automatic),80.4,5727.15,DSL,Yes,Yes,Yes,Yes,No,Yes,Male,0,Yes,No,Yes,0
1507,2014-07-01,,Two year,Yes,Bank transfer (automatic),19.25,1372.9,Fiber optic,No,No,No,No,No,No,Female,0,Yes,Yes,No,0
1508,2018-12-01,,Month-to-month,Yes,Electronic check,84.8,1203.9,Fiber optic,No,No,No,No,Yes,No,Female,0,Yes,Yes,Yes,0
1509,2019-09-01,2019-10-01,Month-to-month,Yes,Mailed check,25.8,25.8,DSL,No,No,No,No,No,No,Female,1,No,No,No,1
1510,2014-11-01,,Two year,No,Credit card (automatic),19.5,1215.1,Fiber optic,No,No,No,No,No,No,Female,0,No,Yes,No,0
1511,2016-09-01,,One year,Yes,Electronic check,68.6,2877.05,DSL,No,No,Yes,Yes,No,Yes,Female,0,No,No,Yes,0
1512,2018-09-01,,Month-to-month,No,Electronic check,92.6,1579.7,Fiber optic,No,No,No,No,Yes,Yes,Female,0,Yes,No,Yes,0
1513,2015-06-01,,One year,Yes,Electronic check,100.55,5514.95,Fiber optic,Yes,No,No,No,Yes,Yes,Male,0,Yes,No,Yes,0
1514,2019-09-01,,Month-to-month,No,Credit card (automatic),20.55,96.1,Fiber optic,No,No,No,No,No,No,Female,0,No,No,No,0
1515,2019-10-01,2019-12-01,Month-to-month,Yes,Electronic check,42.6,72.4,DSL,Yes,Yes,No,No,No,Yes,Female,0,No,No,No,1
1516,2019-11-01,,Month-to-month,Yes,Mailed check,19.6,55.25,Fiber optic,No,No,No,No,No,No,Female,0,Yes,No,No,0
1517,2017-01-01,,One year,No,Electronic check,67.45,2443.3,DSL,Yes,Yes,Yes,Yes,No,No,Male,0,No,No,Yes,0
1518,2017-06-01,2019-11-01,Month-to-month,Yes,Bank transfer (automatic),68.85,1970.5,DSL,Yes,Yes,Yes,No,No,Yes,Female,0,No,No,No,1
1519,2019-06-01,,Month-to-month,No,Mailed check,43.55,335.4,DSL,No,No,No,No,No,No,Male,0,No,No,No,0
1520,2014-11-01,,Month-to-month,Yes,Credit card (automatic),109.85,7002.95,Fiber optic,No,Yes,Yes,Yes,Yes,Yes,Female,0,No,No,Yes,0
1521,2019-07-01,,Month-to-month,No,Mailed check,20.65,158.95,Fiber optic,No,No,No,No,No,No,Female,0,Yes,Yes,No,0
1522,2019-11-01,,Month-to-month,No,Electronic check,95.4,293.15,Fiber optic,No,Yes,No,No,Yes,Yes,Female,0,No,No,No,0
1523,2014-02-01,,Two year,No,Bank transfer (automatic),21.0,1493.75,Fiber optic,No,No,No,No,No,No,Male,0,Yes,Yes,No,0
1524,2018-07-01,,Month-to-month,Yes,Electronic check,56.2,1093.4,DSL,No,No,No,No,No,Yes,Female,0,No,No,No,0
1525,2015-03-01,,Two year,No,Bank transfer (automatic),18.4,1057.85,Fiber optic,No,No,No,No,No,No,Female,0,Yes,No,No,0
1526,2019-08-01,2019-10-01,Month-to-month,No,Credit card (automatic),90.0,190.05,Fiber optic,No,No,Yes,Yes,No,Yes,Male,0,Yes,Yes,No,1
1527,2017-03-01,,Month-to-month,Yes,Electronic check,25.75,882.55,Fiber optic,No,No,No,No,No,No,Female,0,Yes,Yes,Yes,0
1528,2018-12-01,,Month-to-month,No,Credit card (automatic),19.6,300.4,Fiber optic,No,No,No,No,No,No,Male,0,No,No,No,0
1529,2018-10-01,2019-12-01,Month-to-month,No,Electronic check,75.35,1025.95,Fiber optic,No,No,Yes,No,No,No,Female,0,No,No,No,1
1530,2014-05-01,,Two year,No,Credit card (automatic),19.8,1436.95,Fiber optic,No,No,No,No,No,No,Female,0,Yes,Yes,No,0
1531,2019-07-01,,Month-to-month,No,Electronic check,64.2,475.0,DSL,Yes,Yes,No,Yes,No,No,Male,1,Yes,No,Yes,0
1532,2014-05-01,,Two year,Yes,Bank transfer (automatic),75.75,5388.15,DSL,Yes,Yes,Yes,Yes,Yes,No,Male,0,Yes,Yes,No,0
1533,2014-02-01,,Two year,Yes,Electronic check,78.95,5730.15,DSL,No,Yes,No,Yes,Yes,Yes,Female,0,Yes,Yes,Yes,0
1534,2019-03-01,2019-11-01,Month-to-month,No,Electronic check,100.85,819.55,Fiber optic,No,Yes,No,No,Yes,Yes,Male,0,No,No,Yes,1
1535,2019-10-01,,Month-to-month,No,Electronic check,50.3,217.1,DSL,Yes,No,No,No,No,No,Female,0,Yes,Yes,No,0
1536,2014-11-01,,Month-to-month,Yes,Credit card (automatic),80.3,4896.35,Fiber optic,No,Yes,Yes,No,No,No,Male,0,Yes,Yes,No,0
1537,2014-02-01,,Two year,No,Bank transfer (automatic),19.85,1434.1,Fiber optic,No,No,No,No,No,No,Male,0,No,No,No,0
1538,2016-04-01,,Two year,Yes,Electronic check,21.1,937.1,Fiber optic,No,No,No,No,No,No,Female,0,No,No,No,0
1539,2019-07-01,2019-12-01,Month-to-month,No,Electronic check,69.95,330.15,Fiber optic,No,No,No,No,No,No,Female,0,Yes,No,No,1
1540,2017-08-01,,Month-to-month,Yes,Mailed check,50.0,1474.9,DSL,No,No,Yes,No,No,No,Male,0,Yes,No,No,0
1541,2014-11-01,,Two year,Yes,Bank transfer (automatic),104.75,6536.5,Fiber optic,No,Yes,Yes,No,Yes,Yes,Male,0,No,No,Yes,0
1542,2015-02-01,,Two year,No,Bank transfer (automatic),19.85,1128.1,Fiber optic,No,No,No,No,No,No,Female,0,No,No,No,0
1543,2014-07-01,2019-10-01,One year,Yes,Electronic check,107.5,6873.75,Fiber optic,No,Yes,Yes,No,Yes,Yes,Female,0,Yes,No,Yes,1
1544,2018-01-01,,Month-to-month,No,Electronic check,85.9,2199.05,Fiber optic,No,No,No,Yes,Yes,No,Male,0,Yes,Yes,No,0
1545,2019-10-01,2019-11-01,Month-to-month,Yes,Mailed check,45.85,45.85,DSL,No,No,No,No,No,No,Male,0,No,No,No,1
1546,2019-08-01,,Month-to-month,Yes,Electronic check,80.8,457.1,Fiber optic,No,No,Yes,No,No,No,Male,1,Yes,No,Yes,0
1547,2018-04-01,,Two year,No,Mailed check,25.25,566.5,Fiber optic,No,No,No,No,No,No,Male,0,No,No,Yes,0
1548,2017-07-01,,Two year,No,Bank transfer (automatic),80.55,2471.6,DSL,No,Yes,No,Yes,Yes,Yes,Female,0,Yes,Yes,Yes,0
1549,2016-11-01,,Month-to-month,Yes,Bank transfer (automatic),81.5,3107.3,Fiber optic,No,No,Yes,Yes,No,No,Female,0,Yes,Yes,No,0
1550,2017-12-01,,Month-to-month,No,Mailed check,20.9,518.3,Fiber optic,No,No,No,No,No,No,Male,0,No,No,No,0
1551,2015-08-01,2020-01-01,One year,Yes,Bank transfer (automatic),106.1,5769.75,Fiber optic,Yes,Yes,Yes,No,Yes,Yes,Female,0,Yes,No,No,1
1552,2019-10-01,2019-11-01,Month-to-month,No,Electronic check,91.7,91.7,Fiber optic,No,Yes,No,Yes,Yes,No,Female,0,No,No,No,1
1553,2019-02-01,,Month-to-month,Yes,Electronic check,67.25,832.3,DSL,Yes,Yes,No,Yes,No,No,Male,0,No,No,Yes,0
1554,2018-08-01,2019-12-01,Month-to-month,Yes,Credit card (automatic),95.6,1555.65,Fiber optic,No,Yes,Yes,No,No,Yes,Female,0,No,No,Yes,1
1555,2019-12-01,,Month-to-month,No,Mailed check,20.35,45.3,Fiber optic,No,No,No,No,No,No,Female,0,No,No,No,0
1556,2016-11-01,,One year,No,Bank transfer (automatic),45.05,1790.6,DSL,Yes,No,No,Yes,Yes,No,Male,0,No,Yes,No,0
1557,2019-10-01,2019-11-01,Month-to-month,Yes,Electronic check,74.95,74.95,Fiber optic,No,No,No,No,No,No,Male,0,No,No,Yes,1
1558,2019-07-01,,Month-to-month,No,Mailed check,34.65,246.6,DSL,Yes,No,No,Yes,No,No,Female,0,Yes,Yes,No,0
1559,2019-10-01,,Month-to-month,No,Electronic check,69.35,261.65,Fiber optic,No,No,No,No,No,No,Male,1,No,No,No,0
1560,2018-12-01,2019-10-01,Month-to-month,Yes,Electronic check,95.35,898.35,Fiber optic,No,No,No,No,Yes,Yes,Male,1,No,No,Yes,1
1561,2015-07-01,,Month-to-month,Yes,Electronic check,81.55,4509.5,Fiber optic,No,Yes,Yes,No,No,No,Female,0,No,No,No,0
1562,2014-02-01,,Two year,Yes,Bank transfer (automatic),75.4,5480.25,DSL,No,Yes,Yes,No,Yes,Yes,Male,0,Yes,Yes,No,0
1563,2019-04-01,,Month-to-month,Yes,Credit card (automatic),67.8,653.15,DSL,No,No,Yes,No,Yes,Yes,Female,0,Yes,No,No,0
1564,2019-03-01,,Month-to-month,Yes,Electronic check,111.4,1183.05,Fiber optic,No,Yes,Yes,Yes,Yes,Yes,Male,1,No,No,Yes,0
1565,2018-11-01,,Month-to-month,No,Electronic check,46.3,639.45,DSL,No,No,No,No,No,No,Female,0,Yes,Yes,No,0
1566,2018-03-01,,Two year,No,Bank transfer (automatic),20.4,478.75,Fiber optic,No,No,No,No,No,No,Female,0,Yes,Yes,No,0
1567,2020-01-01,,Month-to-month,No,Mailed check,20.05,20.05,Fiber optic,No,No,No,No,No,No,Male,0,No,Yes,No,0
1568,2019-10-01,2020-01-01,Month-to-month,No,Electronic check,45.0,127.1,DSL,No,No,No,No,No,No,Female,1,No,No,No,1
1569,2016-03-01,,One year,Yes,Electronic check,96.1,4391.45,Fiber optic,Yes,Yes,Yes,No,No,Yes,Male,0,Yes,Yes,No,0
1570,2018-11-01,,One year,No,Mailed check,19.65,270.6,Fiber optic,No,No,No,No,No,No,Female,0,No,Yes,No,0
1571,2014-05-01,2019-11-01,Month-to-month,No,Electronic check,99.5,6710.5,Fiber optic,No,Yes,Yes,No,Yes,Yes,Male,0,No,No,No,1
1572,2014-06-01,,One year,Yes,Bank transfer (automatic),60.65,3975.9,DSL,No,Yes,Yes,Yes,No,No,Female,1,Yes,No,No,0
1573,2018-06-01,2019-11-01,One year,No,Bank transfer (automatic),98.6,1704.95,Fiber optic,No,No,Yes,Yes,Yes,Yes,Female,0,Yes,Yes,No,1
1574,2019-06-01,2020-01-01,Month-to-month,Yes,Mailed check,59.5,415.95,DSL,No,No,No,Yes,Yes,No,Female,0,No,No,No,1
1575,2019-01-01,2020-01-01,Month-to-month,Yes,Electronic check,80.45,950.2,Fiber optic,No,No,No,No,No,Yes,Male,1,Yes,No,No,1
1576,2018-05-01,,One year,No,Bank transfer (automatic),71.7,1497.05,DSL,No,Yes,Yes,No,No,Yes,Female,1,Yes,No,Yes,0
1577,2018-05-01,,Month-to-month,Yes,Mailed check,36.0,780.15,DSL,No,Yes,No,Yes,No,No,Male,0,No,No,No,0
1578,2015-06-01,,One year,No,Bank transfer (automatic),65.2,3512.15,DSL,Yes,No,No,No,Yes,No,Female,0,Yes,Yes,Yes,0
1579,2019-08-01,,Month-to-month,Yes,Credit card (automatic),48.95,273.25,DSL,No,No,No,No,No,No,Female,0,Yes,Yes,Yes,0
1580,2014-09-01,,Two year,Yes,Bank transfer (automatic),53.5,3517.9,DSL,No,Yes,Yes,No,Yes,Yes,Female,1,No,No,No,0
1581,2016-08-01,,One year,No,Credit card (automatic),80.45,3375.9,DSL,Yes,No,No,Yes,Yes,Yes,Male,0,Yes,No,Yes,0
1582,2014-06-01,,Two year,Yes,Bank transfer (automatic),109.05,7508.55,Fiber optic,Yes,No,Yes,Yes,Yes,Yes,Female,0,Yes,Yes,Yes,0
1583,2016-02-01,,Two year,No,Bank transfer (automatic),26.3,1245.05,Fiber optic,No,No,No,No,No,No,Male,0,Yes,Yes,Yes,0
1584,2015-12-01,,One year,Yes,Electronic check,106.8,5347.95,Fiber optic,No,Yes,No,Yes,Yes,Yes,Female,1,No,No,Yes,0
1585,2019-07-01,,Month-to-month,Yes,Electronic check,64.95,493.65,DSL,No,Yes,Yes,No,Yes,No,Female,1,No,No,No,0
1586,2014-11-01,,Two year,No,Electronic check,19.35,1263.85,Fiber optic,No,No,No,No,No,No,Female,0,Yes,Yes,No,0
1587,2018-09-01,,Month-to-month,No,Credit card (automatic),21.1,385.55,Fiber optic,No,No,No,No,No,No,Male,0,No,No,No,0
1588,2016-05-01,2019-11-01,Month-to-month,Yes,Credit card (automatic),77.95,3384.0,Fiber optic,No,No,No,No,Yes,No,Female,0,Yes,Yes,No,1
1589,2019-10-01,,Month-to-month,No,Mailed check,18.85,84.2,Fiber optic,No,No,No,No,No,No,Male,0,Yes,Yes,No,0
1590,2014-12-01,,Two year,No,Bank transfer (automatic),26.0,1638.7,Fiber optic,No,No,No,No,No,No,Female,0,No,Yes,Yes,0
1591,2019-09-01,2019-11-01,Month-to-month,Yes,Electronic check,74.7,165.4,Fiber optic,No,Yes,No,No,No,No,Male,1,No,No,No,1
1592,2019-12-01,,Month-to-month,Yes,Electronic check,70.35,120.25,Fiber optic,No,No,No,No,No,No,Female,0,Yes,No,No,0
1593,2016-02-01,,Two year,Yes,Bank transfer (automatic),96.9,4473.45,Fiber optic,Yes,Yes,Yes,No,Yes,No,Male,0,Yes,No,Yes,0
1594,2017-11-01,,Two year,No,Bank transfer (automatic),19.55,520.55,Fiber optic,No,No,No,No,No,No,Male,0,Yes,No,No,0
1595,2014-04-01,,Two year,Yes,Bank transfer (automatic),80.4,5717.85,DSL,No,Yes,Yes,Yes,Yes,Yes,Female,0,Yes,Yes,No,0
1596,2019-09-01,2019-10-01,Month-to-month,Yes,Electronic check,88.8,88.8,Fiber optic,No,No,Yes,No,Yes,No,Male,1,No,No,Yes,1
1597,2016-04-01,,One year,Yes,Electronic check,94.65,4312.5,Fiber optic,No,Yes,Yes,No,Yes,No,Male,0,Yes,No,Yes,0
1598,2017-04-01,2019-10-01,Month-to-month,Yes,Electronic check,90.25,2755.35,Fiber optic,No,No,No,No,Yes,Yes,Male,0,No,No,No,1
1599,2018-09-01,2019-12-01,Month-to-month,Yes,Bank transfer (automatic),64.65,994.55,DSL,Yes,No,No,No,No,Yes,Female,0,No,No,Yes,1
1600,2014-05-01,,One year,No,Credit card (automatic),95.75,6511.25,Fiber optic,No,Yes,Yes,No,Yes,No,Male,0,Yes,Yes,Yes,0
1601,2014-09-01,,Two year,Yes,Credit card (automatic),19.55,1218.65,Fiber optic,No,No,No,No,No,No,Male,0,No,No,No,0
1602,2014-02-01,,Two year,Yes,Credit card (automatic),104.1,7447.7,Fiber optic,Yes,No,Yes,Yes,Yes,Yes,Male,1,Yes,Yes,No,0
1603,2018-12-01,2020-01-01,Month-to-month,Yes,Bank transfer (automatic),89.05,1169.35,Fiber optic,No,Yes,No,Yes,No,Yes,Male,1,Yes,No,No,1
1604,2018-09-01,,One year,Yes,Mailed check,20.1,279.5,Fiber optic,No,No,No,No,No,No,Male,0,No,No,No,0
1605,2015-11-01,,One year,Yes,Electronic check,111.55,5720.35,Fiber optic,Yes,No,Yes,Yes,Yes,Yes,Male,0,Yes,No,Yes,0
1606,2015-11-01,,Two year,No,Credit card (automatic),60.5,3121.45,DSL,Yes,Yes,No,Yes,No,No,Male,0,Yes,Yes,No,0
1607,2014-02-01,,Two year,Yes,Bank transfer (automatic),90.95,6468.6,DSL,Yes,Yes,Yes,Yes,Yes,Yes,Female,0,Yes,No,Yes,0
1608,2014-06-01,2020-01-01,One year,No,Electronic check,87.4,5918.8,Fiber optic,No,Yes,Yes,No,No,No,Male,0,Yes,Yes,Yes,1
1609,2017-04-01,,Month-to-month,No,Mailed check,19.7,675.6,Fiber optic,No,No,No,No,No,No,Male,0,No,No,No,0
1610,2014-07-01,,Two year,Yes,Bank transfer (automatic),50.95,3521.7,DSL,Yes,Yes,No,Yes,No,Yes,Male,0,Yes,No,No,0
1611,2016-01-01,,One year,Yes,Bank transfer (automatic),20.05,923.1,Fiber optic,No,No,No,No,No,No,Female,0,Yes,No,No,0
1612,2015-09-01,,Two year,Yes,Mailed check,19.4,1110.35,Fiber optic,No,No,No,No,No,No,Male,0,Yes,Yes,No,0
1613,2017-11-01,,Month-to-month,No,Electronic check,59.45,1611.65,DSL,No,No,Yes,Yes,No,No,Male,0,No,No,Yes,0
1614,2018-02-01,2020-01-01,Month-to-month,Yes,Electronic check,94.75,2293.6,Fiber optic,No,Yes,No,No,Yes,Yes,Female,1,No,No,No,1
1615,2014-05-01,,Two year,Yes,Credit card (automatic),81.5,5553.25,DSL,Yes,Yes,Yes,Yes,No,Yes,Male,0,No,No,Yes,0
1616,2019-12-01,,Month-to-month,No,Bank transfer (automatic),29.05,44.75,DSL,No,No,No,Yes,No,No,Female,0,Yes,Yes,No,0
1617,2017-01-01,2019-12-01,Month-to-month,Yes,Electronic check,86.45,3029.1,Fiber optic,No,No,No,No,Yes,No,Female,0,No,No,Yes,1
1618,2016-04-01,,One year,No,Mailed check,70.6,3231.05,DSL,Yes,Yes,No,Yes,No,Yes,Female,0,Yes,No,No,0
1619,2015-08-01,,Two year,Yes,Bank transfer (automatic),97.2,5129.45,Fiber optic,No,Yes,No,No,Yes,Yes,Female,0,No,No,Yes,0
1620,2015-05-01,2020-01-01,One year,Yes,Electronic check,98.25,5508.35,Fiber optic,No,Yes,No,No,Yes,Yes,Female,0,Yes,No,Yes,1
1621,2019-02-01,2019-11-01,Month-to-month,Yes,Bank transfer (automatic),75.75,655.9,Fiber optic,No,No,Yes,No,No,No,Female,0,Yes,No,No,1
1622,2018-06-01,,Month-to-month,No,Bank transfer (automatic),59.2,1191.2,DSL,Yes,No,No,Yes,No,No,Male,0,No,No,Yes,0
1623,2019-03-01,,Month-to-month,Yes,Mailed check,75.9,866.4,Fiber optic,No,Yes,No,No,No,No,Male,0,No,No,No,0
1624,2017-08-01,,Month-to-month,Yes,Electronic check,90.05,2627.2,Fiber optic,No,Yes,No,No,Yes,No,Female,1,Yes,No,Yes,0
1625,2014-06-01,,Two year,No,Bank transfer (automatic),70.95,4741.45,DSL,Yes,Yes,Yes,No,No,Yes,Male,0,Yes,No,No,0
1626,2016-12-01,,Month-to-month,Yes,Electronic check,102.6,4009.2,Fiber optic,No,Yes,Yes,No,Yes,Yes,Male,1,Yes,No,Yes,0
1627,2018-06-01,2019-11-01,Month-to-month,Yes,Bank transfer (automatic),85.35,1463.45,Fiber optic,Yes,No,Yes,No,No,No,Female,1,Yes,No,Yes,1
1628,2015-12-01,2019-12-01,One year,Yes,Credit card (automatic),106.1,5082.8,Fiber optic,No,Yes,Yes,No,Yes,Yes,Male,0,No,No,Yes,1
1629,2020-01-01,,Month-to-month,No,Electronic check,43.8,43.8,DSL,No,No,No,No,No,No,Female,0,No,No,No,0
1630,2014-11-01,,Two year,No,Electronic check,59.0,3707.6,DSL,Yes,Yes,Yes,No,Yes,Yes,Male,0,Yes,Yes,No,0
1631,2019-11-01,,One year,Yes,Electronic check,69.95,220.45,DSL,No,No,Yes,No,Yes,Yes,Female,0,No,No,No,0
1632,2016-02-01,,One year,No,Bank transfer (automatic),24.35,1133.7,Fiber optic,No,No,No,No,No,No,Female,0,No,No,Yes,0
1633,2014-08-01,,One year,No,Credit card (automatic),29.45,1983.15,DSL,No,No,No,Yes,No,No,Male,0,No,No,No,0
1634,2014-06-01,,Two year,Yes,Credit card (automatic),84.4,5746.75,Fiber optic,No,Yes,Yes,No,No,No,Female,0,Yes,Yes,Yes,0
1635,2018-05-01,2019-10-01,Month-to-month,Yes,Electronic check,45.05,770.6,DSL,No,No,No,No,No,No,Male,1,No,No,No,1
1636,2019-07-01,,One year,No,Mailed check,20.65,134.05,Fiber optic,No,No,No,No,No,No,Female,0,Yes,Yes,No,0
1637,2014-02-01,,Two year,Yes,Bank transfer (automatic),87.1,6230.1,DSL,Yes,Yes,Yes,Yes,Yes,Yes,Male,0,Yes,No,Yes,0
1638,2017-09-01,,Month-to-month,No,Mailed check,19.85,573.05,Fiber optic,No,No,No,No,No,No,Female,0,Yes,No,No,0
1639,2017-01-01,,Month-to-month,Yes,Electronic check,90.35,3419.3,Fiber optic,No,No,Yes,Yes,No,Yes,Male,0,Yes,No,No,0
1640,2017-03-01,2020-01-01,Month-to-month,Yes,Mailed check,109.8,3587.25,Fiber optic,Yes,Yes,Yes,No,Yes,Yes,Female,0,No,No,Yes,1
1641,2016-04-01,2019-10-01,Month-to-month,Yes,Electronic check,84.65,3541.35,Fiber optic,No,No,No,No,Yes,No,Female,1,No,No,Yes,1
1642,2015-03-01,,One year,No,Mailed check,65.5,3801.3,DSL,Yes,Yes,No,Yes,No,No,Female,0,Yes,Yes,Yes,0
1643,2019-02-01,2020-01-01,Month-to-month,Yes,Bank transfer (automatic),79.5,868.5,Fiber optic,No,No,No,No,Yes,No,Male,0,Yes,Yes,No,1
1644,2015-02-01,,Month-to-month,Yes,Electronic check,80.95,4859.1,Fiber optic,Yes,No,No,No,No,No,Male,1,Yes,Yes,Yes,0
1645,2017-11-01,,Month-to-month,Yes,Mailed check,56.15,1439.35,DSL,No,Yes,No,Yes,No,No,Female,0,No,No,No,0
1646,2019-12-01,2020-01-01,Month-to-month,No,Mailed check,85.8,85.8,Fiber optic,No,No,No,No,No,Yes,Female,0,No,No,Yes,1
1647,2019-12-01,2020-01-01,Month-to-month,Yes,Electronic check,79.1,79.1,Fiber optic,No,No,No,No,Yes,No,Male,1,No,No,No,1
1648,2018-09-01,,Month-to-month,No,Mailed check,34.4,592.75,DSL,Yes,No,Yes,No,No,No,Male,0,Yes,No,No,0
1649,2015-04-01,,Two year,No,Mailed check,20.75,1185.95,Fiber optic,No,No,No,No,No,No,Male,0,Yes,No,No,0
1650,2020-01-01,,One year,No,Mailed check,18.8,18.8,Fiber optic,No,No,No,No,No,No,Male,0,Yes,Yes,No,0
1651,2019-08-01,2019-11-01,Month-to-month,No,Mailed check,44.3,134.5,DSL,No,No,No,No,No,No,Female,0,Yes,Yes,No,1
1652,2015-09-01,,Month-to-month,No,Electronic check,90.8,4921.2,Fiber optic,Yes,Yes,Yes,No,No,No,Female,0,No,No,Yes,0
1653,2017-03-01,,Month-to-month,Yes,Electronic check,25.6,901.25,Fiber optic,No,No,No,No,No,No,Male,0,No,No,Yes,0
1654,2015-08-01,2019-10-01,Month-to-month,No,Credit card (automatic),105.95,5341.8,Fiber optic,Yes,No,Yes,No,Yes,Yes,Male,0,Yes,Yes,Yes,1
1655,2014-06-01,,Two year,No,Credit card (automatic),70.8,4859.95,DSL,No,Yes,No,Yes,No,Yes,Male,0,Yes,Yes,Yes,0
1656,2016-03-01,,Month-to-month,No,Electronic check,25.4,1139.2,Fiber optic,No,No,No,No,No,No,Male,0,Yes,No,Yes,0
1657,2014-09-01,,Month-to-month,Yes,Bank transfer (automatic),108.8,7082.45,Fiber optic,No,Yes,Yes,No,Yes,Yes,Female,1,Yes,No,Yes,0
1658,2019-06-01,2019-11-01,Month-to-month,Yes,Electronic check,69.75,324.6,Fiber optic,No,No,No,No,No,No,Male,0,No,No,No,1
1659,2015-07-01,2019-10-01,Month-to-month,Yes,Electronic check,94.65,4812.75,Fiber optic,No,No,No,No,Yes,Yes,Male,0,Yes,No,Yes,1
1660,2015-12-01,2019-10-01,Month-to-month,No,Bank transfer (automatic),96.05,4399.5,Fiber optic,No,No,No,No,Yes,Yes,Female,0,No,No,Yes,1
1661,2019-05-01,,Month-to-month,Yes,Electronic check,76.85,663.55,Fiber optic,No,No,No,No,No,No,Female,0,No,No,Yes,0
1662,2019-06-01,,Two year,No,Mailed check,20.25,174.65,Fiber optic,No,No,No,No,No,No,Female,0,No,No,No,0
1663,2018-12-01,,One year,Yes,Credit card (automatic),24.8,321.7,Fiber optic,No,No,No,No,No,No,Male,0,No,No,Yes,0
1664,2016-05-01,,Month-to-month,Yes,Electronic check,115.65,5125.5,Fiber optic,Yes,Yes,Yes,Yes,Yes,Yes,Female,0,No,No,Yes,0
1665,2019-06-01,,Month-to-month,Yes,Credit card (automatic),74.6,548.9,Fiber optic,No,No,No,No,No,No,Female,0,No,No,Yes,0
1666,2019-09-01,2019-10-01,Month-to-month,Yes,Mailed check,50.15,50.15,DSL,No,No,Yes,No,No,No,Male,1,No,Yes,No,1
1667,2014-08-01,,One year,Yes,Bank transfer (automatic),103.15,7031.3,Fiber optic,Yes,Yes,Yes,No,Yes,Yes,Male,0,Yes,Yes,No,0
1668,2014-02-01,,Two year,No,Credit card (automatic),72.1,5016.65,DSL,Yes,Yes,Yes,Yes,No,No,Male,0,Yes,Yes,Yes,0
1669,2016-05-01,2019-10-01,Month-to-month,Yes,Bank transfer (automatic),113.6,4594.95,Fiber optic,Yes,Yes,Yes,Yes,Yes,Yes,Female,0,Yes,No,Yes,1
1670,2018-03-01,,Two year,No,Mailed check,25.1,611.45,Fiber optic,No,No,No,No,No,No,Female,0,Yes,Yes,Yes,0
1671,2017-07-01,2019-12-01,Month-to-month,Yes,Electronic check,78.9,2384.15,Fiber optic,No,No,No,No,Yes,No,Female,0,No,No,No,1
1672,2019-10-01,,Month-to-month,Yes,Electronic check,80.15,319.85,Fiber optic,Yes,No,No,No,No,No,Female,0,No,No,Yes,0
1673,2019-08-01,,Two year,No,Mailed check,25.4,153.3,Fiber optic,No,No,No,No,No,No,Male,0,Yes,Yes,Yes,0
1674,2014-07-01,,One year,Yes,Credit card (automatic),105.4,7035.6,Fiber optic,Yes,Yes,Yes,Yes,No,Yes,Female,1,Yes,No,Yes,0
1675,2019-07-01,,Month-to-month,Yes,Mailed check,45.75,344.2,DSL,No,No,No,No,No,No,Male,1,No,Yes,No,0
1676,2015-06-01,,One year,Yes,Mailed check,24.45,1431.65,Fiber optic,No,No,No,No,No,No,Male,0,Yes,Yes,Yes,0
1677,2014-02-01,,Two year,No,Credit card (automatic),25.0,1849.2,Fiber optic,No,No,No,No,No,No,Female,0,Yes,No,Yes,0
1678,2014-02-01,,Two year,Yes,Electronic check,85.25,6083.1,DSL,Yes,Yes,Yes,No,Yes,Yes,Male,0,Yes,No,Yes,0
1679,2018-03-01,,Two year,No,Credit card (automatic),19.6,426.65,Fiber optic,No,No,No,No,No,No,Male,0,Yes,Yes,No,0
1680,2017-03-01,,Month-to-month,No,Mailed check,50.15,1655.35,DSL,No,No,No,No,No,No,Female,0,No,Yes,Yes,0
1681,2017-11-01,,Month-to-month,Yes,Electronic check,70.55,1943.9,Fiber optic,No,No,No,No,No,No,Male,1,Yes,No,No,0
1682,2017-08-01,2019-10-01,Month-to-month,Yes,Electronic check,60.05,1616.15,DSL,No,Yes,No,Yes,No,No,Female,0,Yes,Yes,Yes,1
1683,2019-02-01,,One year,No,Mailed check,26.4,314.95,Fiber optic,No,No,No,No,No,No,Male,0,Yes,Yes,Yes,0
1684,2016-10-01,,Two year,No,Mailed check,20.15,804.85,Fiber optic,No,No,No,No,No,No,Female,0,No,No,No,0
1685,2019-07-01,,Month-to-month,No,Mailed check,58.85,465.7,DSL,Yes,Yes,Yes,No,Yes,Yes,Male,0,Yes,Yes,No,0
1686,2014-04-01,,Month-to-month,Yes,Credit card (automatic),97.55,6669.05,Fiber optic,Yes,Yes,No,No,Yes,No,Male,0,Yes,Yes,Yes,0
1687,2015-02-01,,Two year,No,Credit card (automatic),19.65,1161.75,Fiber optic,No,No,No,No,No,No,Male,0,Yes,Yes,No,0
1688,2016-11-01,,One year,Yes,Credit card (automatic),25.25,947.75,DSL,No,No,No,No,No,No,Male,0,Yes,Yes,No,0
1689,2014-02-01,,Two year,No,Credit card (automatic),114.45,8375.05,Fiber optic,Yes,Yes,Yes,Yes,Yes,Yes,Male,0,Yes,No,Yes,0
1690,2019-11-01,2019-12-01,Month-to-month,Yes,Electronic check,34.7,34.7,DSL,No,No,No,No,Yes,No,Female,0,No,No,No,1
1691,2015-08-01,,One year,Yes,Electronic check,70.7,3770.0,DSL,No,Yes,No,Yes,Yes,No,Male,0,Yes,Yes,Yes,0
1692,2019-10-01,2020-01-01,Month-to-month,Yes,Electronic check,85.3,264.8,Fiber optic,No,No,No,No,No,Yes,Male,0,No,No,Yes,1
1693,2014-11-01,,Two year,No,Credit card (automatic),75.55,4707.85,DSL,Yes,Yes,Yes,Yes,Yes,No,Female,0,Yes,Yes,No,0
1694,2014-03-01,,Two year,Yes,Electronic check,84.8,6152.4,Fiber optic,No,Yes,No,Yes,No,No,Male,0,Yes,Yes,Yes,0
1695,2016-08-01,,One year,Yes,Mailed check,20.65,958.1,Fiber optic,No,No,No,No,No,No,Female,0,No,No,No,0
1696,2016-03-01,,Two year,No,Bank transfer (automatic),20.45,943.0,Fiber optic,No,No,No,No,No,No,Male,0,No,No,No,0
1697,2014-04-01,2019-10-01,One year,Yes,Credit card (automatic),102.45,6615.15,Fiber optic,No,Yes,Yes,No,Yes,Yes,Female,0,Yes,Yes,Yes,1
1698,2018-02-01,2019-11-01,Month-to-month,Yes,Bank transfer (automatic),104.4,2200.25,Fiber optic,Yes,No,Yes,No,Yes,Yes,Female,0,Yes,No,Yes,1
1699,2019-03-01,,Month-to-month,Yes,Electronic check,35.65,425.1,DSL,No,Yes,No,Yes,No,No,Male,0,No,No,No,0
1700,2019-10-01,2019-11-01,Month-to-month,Yes,Electronic check,99.75,99.75,Fiber optic,No,No,Yes,No,Yes,Yes,Male,0,No,Yes,Yes,1
1701,2015-07-01,,Month-to-month,No,Electronic check,90.45,5044.8,Fiber optic,No,Yes,Yes,Yes,No,No,Female,1,Yes,No,Yes,0
1702,2014-05-01,,Two year,Yes,Credit card (automatic),97.65,6743.55,Fiber optic,No,Yes,Yes,Yes,Yes,No,Male,0,No,No,Yes,0
1703,2019-11-01,,Month-to-month,No,Electronic check,73.85,196.4,Fiber optic,No,No,Yes,No,No,No,Female,1,No,No,No,0
1704,2019-08-01,2019-12-01,Month-to-month,Yes,Electronic check,74.4,299.7,DSL,No,No,Yes,Yes,Yes,Yes,Male,0,No,No,No,1
1705,2017-08-01,,Two year,Yes,Credit card (automatic),69.1,2093.9,DSL,No,No,Yes,Yes,Yes,No,Male,1,No,No,Yes,0
1706,2019-09-01,,Month-to-month,Yes,Electronic check,82.75,417.75,Fiber optic,No,No,Yes,Yes,No,No,Female,0,No,No,Yes,0
1707,2014-03-01,,Two year,Yes,Credit card (automatic),24.4,1725.4,Fiber optic,No,No,No,No,No,No,Female,0,Yes,No,Yes,0
1708,2017-09-01,,One year,Yes,Electronic check,55.25,1620.2,DSL,No,Yes,No,No,No,No,Female,0,No,No,Yes,0
1709,2015-10-01,,Month-to-month,No,Bank transfer (automatic),61.35,3169.55,DSL,No,Yes,No,Yes,No,No,Male,0,Yes,No,Yes,0
1710,2014-06-01,,One year,No,Credit card (automatic),76.75,5233.25,DSL,Yes,Yes,Yes,No,No,Yes,Male,0,No,No,Yes,0
1711,2016-04-01,,Two year,No,Mailed check,19.4,967.85,Fiber optic,No,No,No,No,No,No,Female,0,Yes,Yes,No,0
1712,2019-06-01,,Month-to-month,Yes,Credit card (automatic),54.75,438.05,DSL,No,No,No,No,No,Yes,Male,0,No,No,No,0
1713,2014-02-01,,Two year,No,Credit card (automatic),19.7,1421.9,Fiber optic,No,No,No,No,No,No,Male,0,Yes,No,No,0
1714,2018-09-01,,One year,No,Bank transfer (automatic),19.9,323.15,Fiber optic,No,No,No,No,No,No,Female,0,No,No,No,0
1715,2019-11-01,,Month-to-month,Yes,Electronic check,107.95,318.6,Fiber optic,No,Yes,Yes,Yes,Yes,Yes,Male,0,No,No,No,0
1716,2019-12-01,,Month-to-month,Yes,Bank transfer (automatic),83.8,163.7,Fiber optic,No,Yes,No,No,Yes,No,Female,1,No,No,No,0
1717,2019-02-01,2019-11-01,Month-to-month,Yes,Credit card (automatic),74.25,639.65,Fiber optic,Yes,No,No,No,No,No,Female,0,No,No,No,1
1718,2015-11-01,,One year,Yes,Credit card (automatic),56.4,2928.5,DSL,No,Yes,Yes,No,Yes,Yes,Female,0,No,No,No,0
1719,2019-08-01,,Two year,No,Mailed check,20.1,100.35,Fiber optic,No,No,No,No,No,No,Female,0,Yes,Yes,No,0
1720,2019-11-01,,Month-to-month,No,Electronic check,94.9,273.2,Fiber optic,No,No,No,No,Yes,Yes,Female,0,Yes,No,Yes,0
1721,2018-09-01,,Month-to-month,Yes,Electronic check,94.2,1608.15,Fiber optic,No,No,No,No,Yes,Yes,Female,1,No,No,Yes,0
1722,2017-08-01,,Month-to-month,No,Electronic check,49.9,1441.95,DSL,No,No,No,No,No,No,Male,0,Yes,No,Yes,0
1723,2017-07-01,,Month-to-month,Yes,Electronic check,71.05,2168.15,DSL,No,Yes,No,Yes,Yes,No,Male,0,No,No,Yes,0
1724,2016-05-01,,Two year,No,Bank transfer (automatic),81.65,3618.7,DSL,Yes,No,Yes,Yes,Yes,Yes,Female,0,No,No,No,0
1725,2014-10-01,,One year,No,Bank transfer (automatic),89.45,5692.65,Fiber optic,Yes,Yes,Yes,No,No,No,Male,0,Yes,No,Yes,0
1726,2019-11-01,2019-12-01,Month-to-month,Yes,Electronic check,59.85,59.85,DSL,No,No,No,No,Yes,No,Male,0,No,No,Yes,1
1727,2015-01-01,,One year,No,Electronic check,99.0,5969.3,Fiber optic,No,Yes,No,No,Yes,Yes,Male,1,Yes,Yes,Yes,0
1728,2020-01-01,,Month-to-month,No,Mailed check,19.05,19.05,Fiber optic,No,No,No,No,No,No,Male,0,No,No,No,0
1729,2019-02-01,2019-11-01,Month-to-month,Yes,Electronic check,45.4,418.8,DSL,No,No,No,No,Yes,Yes,Male,0,No,No,No,1
1730,2014-02-01,,Two year,No,Bank transfer (automatic),114.45,8100.55,Fiber optic,Yes,Yes,Yes,Yes,Yes,Yes,Male,0,Yes,Yes,Yes,0
1731,2019-11-01,2019-12-01,Month-to-month,No,Mailed check,19.5,19.5,Fiber optic,No,No,No,No,No,No,Female,0,No,No,No,1
1732,2019-07-01,,Month-to-month,Yes,Mailed check,44.25,313.45,DSL,No,No,No,No,No,No,Female,0,Yes,No,No,0
1733,2014-08-01,,One year,Yes,Bank transfer (automatic),90.55,6130.95,Fiber optic,No,Yes,Yes,Yes,No,No,Female,0,Yes,No,Yes,0
1734,2019-09-01,2019-10-01,Month-to-month,Yes,Electronic check,69.9,69.9,Fiber optic,No,No,No,No,No,No,Male,0,No,No,No,1
1735,2016-10-01,,Month-to-month,Yes,Bank transfer (automatic),20.4,745.3,Fiber optic,No,No,No,No,No,No,Male,0,Yes,Yes,No,0
1736,2018-10-01,,Month-to-month,Yes,Bank transfer (automatic),71.4,1212.1,DSL,No,Yes,Yes,No,No,Yes,Male,0,No,No,Yes,0
1737,2019-10-01,2019-12-01,Month-to-month,Yes,Bank transfer (automatic),87.15,183.75,Fiber optic,No,Yes,No,No,Yes,No,Female,0,No,No,No,1
1738,2014-07-01,,Two year,No,Credit card (automatic),24.85,1583.5,Fiber optic,No,No,No,No,No,No,Male,0,Yes,No,Yes,0
1739,2016-09-01,,One year,Yes,Bank transfer (automatic),104.45,4162.05,Fiber optic,Yes,Yes,Yes,No,Yes,Yes,Female,0,Yes,No,No,0
1740,2015-06-01,,Two year,Yes,Credit card (automatic),19.8,1119.9,Fiber optic,No,No,No,No,No,No,Female,0,Yes,Yes,No,0
1741,2014-02-01,,Two year,Yes,Bank transfer (automatic),116.45,8013.55,Fiber optic,Yes,Yes,Yes,Yes,Yes,Yes,Female,0,No,No,Yes,0
1742,2019-09-01,2019-12-01,Month-to-month,Yes,Bank transfer (automatic),84.75,264.85,Fiber optic,No,No,No,No,No,Yes,Female,0,Yes,Yes,Yes,1
1743,2015-08-01,,Two year,No,Credit card (automatic),20.05,1102.4,Fiber optic,No,No,No,No,No,No,Female,0,Yes,No,No,0
1744,2015-10-01,,Month-to-month,Yes,Electronic check,110.75,5832.0,Fiber optic,No,Yes,Yes,Yes,Yes,Yes,Male,1,No,No,Yes,0
1745,2015-12-01,,Two year,Yes,Bank transfer (automatic),89.7,4304.5,Fiber optic,No,No,Yes,Yes,No,Yes,Female,0,No,No,No,0
1746,2018-08-01,2019-10-01,Month-to-month,Yes,Electronic check,89.95,1178.4,Fiber optic,No,No,No,Yes,Yes,No,Male,0,No,No,Yes,1
1747,2017-11-01,,One year,No,Credit card (automatic),48.7,1421.75,DSL,Yes,No,No,No,No,No,Male,0,Yes,No,No,0
1748,2014-02-01,,Two year,Yes,Bank transfer (automatic),96.6,6827.5,Fiber optic,Yes,Yes,Yes,Yes,No,No,Female,1,Yes,No,Yes,0
1749,2014-12-01,,One year,Yes,Credit card (automatic),74.3,4698.05,DSL,Yes,Yes,No,No,Yes,Yes,Male,0,No,No,No,0
1750,2019-02-01,,Month-to-month,Yes,Electronic check,54.3,654.5,DSL,No,Yes,No,Yes,No,No,Female,0,No,No,No,0
1751,2016-06-01,,One year,No,Bank transfer (automatic),74.85,3268.05,DSL,No,No,Yes,Yes,Yes,Yes,Female,1,No,No,No,0
1752,2015-08-01,,Two year,Yes,Bank transfer (automatic),79.95,4362.05,Fiber optic,No,Yes,No,Yes,No,No,Male,0,Yes,Yes,No,0
1753,2014-06-01,,Two year,No,Bank transfer (automatic),20.05,1386.9,Fiber optic,No,No,No,No,No,No,Female,0,No,No,No,0
1754,2018-06-01,,Month-to-month,No,Mailed check,19.4,415.4,Fiber optic,No,No,No,No,No,No,Male,0,No,No,No,0
1755,2015-12-01,,One year,No,Bank transfer (automatic),54.9,2614.1,DSL,No,No,Yes,No,No,No,Male,0,Yes,Yes,Yes,0
1756,2015-04-01,,Two year,Yes,Credit card (automatic),24.45,1513.6,Fiber optic,No,No,No,No,No,No,Male,0,No,No,Yes,0
1757,2017-03-01,,Month-to-month,Yes,Bank transfer (automatic),89.65,3161.6,Fiber optic,No,Yes,No,No,Yes,No,Male,0,Yes,Yes,Yes,0
1758,2019-12-01,,Month-to-month,Yes,Electronic check,45.4,80.95,DSL,No,No,No,No,No,No,Female,0,No,No,No,0
1759,2014-11-01,,Two year,No,Mailed check,75.7,4676.7,DSL,Yes,No,Yes,Yes,No,Yes,Male,0,Yes,Yes,Yes,0
1760,2015-04-01,,One year,Yes,Credit card (automatic),110.65,6526.65,Fiber optic,Yes,Yes,Yes,No,Yes,Yes,Female,0,Yes,No,Yes,0
1761,2017-11-01,,One year,Yes,Mailed check,20.55,583.3,Fiber optic,No,No,No,No,No,No,Female,0,Yes,Yes,No,0
1762,2014-03-01,,Two year,Yes,Credit card (automatic),115.15,8078.1,Fiber optic,Yes,Yes,Yes,Yes,Yes,Yes,Female,0,Yes,No,Yes,0
1763,2014-11-01,,One year,No,Credit card (automatic),58.55,3503.5,DSL,No,No,Yes,No,No,Yes,Female,0,No,No,No,0
1764,2014-03-01,,Month-to-month,Yes,Bank transfer (automatic),93.25,6669.45,Fiber optic,No,Yes,Yes,No,No,Yes,Male,0,Yes,No,Yes,0
1765,2016-08-01,2020-01-01,Month-to-month,Yes,Electronic check,113.2,4689.5,Fiber optic,Yes,Yes,Yes,No,Yes,Yes,Female,1,No,No,Yes,1
1766,2018-11-01,2019-12-01,Month-to-month,Yes,Electronic check,90.5,1201.15,Fiber optic,No,No,No,No,Yes,Yes,Male,1,No,No,No,1
1767,2019-09-01,2019-11-01,Month-to-month,No,Electronic check,79.0,143.65,Fiber optic,No,No,No,No,Yes,No,Male,0,No,No,No,1
1768,2014-06-01,,Two year,Yes,Bank transfer (automatic),19.35,1292.65,Fiber optic,No,No,No,No,No,No,Female,0,Yes,Yes,No,0
1769,2020-01-01,,Month-to-month,Yes,Mailed check,48.75,48.75,DSL,Yes,No,No,No,No,No,Male,0,Yes,Yes,No,0
1770,2014-09-01,,Two year,Yes,Electronic check,109.05,7108.2,Fiber optic,Yes,No,Yes,Yes,Yes,Yes,Male,1,No,No,Yes,0
1771,2014-02-01,,Two year,Yes,Bank transfer (automatic),25.0,1802.55,Fiber optic,No,No,No,No,No,No,Male,1,Yes,No,Yes,0
1772,2017-10-01,,Month-to-month,Yes,Credit card (automatic),54.9,1505.15,DSL,No,No,No,Yes,No,No,Female,0,No,No,Yes,0
1773,2014-02-01,,Two year,No,Credit card (automatic),24.75,1859.1,Fiber optic,No,No,No,No,No,No,Male,0,Yes,Yes,Yes,0
1774,2019-12-01,,Month-to-month,Yes,Electronic check,91.15,168.5,Fiber optic,Yes,Yes,No,No,Yes,No,Female,0,No,No,No,0
1775,2018-07-01,2020-01-01,One year,No,Bank transfer (automatic),20.15,390.85,Fiber optic,No,No,No,No,No,No,Female,0,No,Yes,No,1
1776,2015-02-01,,One year,Yes,Electronic check,104.35,6339.45,Fiber optic,No,Yes,Yes,No,Yes,Yes,Male,1,Yes,No,Yes,0
1777,2017-12-01,,Month-to-month,Yes,Electronic check,66.05,1652.4,DSL,No,No,No,Yes,No,Yes,Female,1,No,No,Yes,0
1778,2019-09-01,2019-10-01,Month-to-month,Yes,Electronic check,71.65,71.65,Fiber optic,No,No,No,No,No,No,Male,0,No,Yes,No,1
1779,2019-07-01,2019-11-01,Month-to-month,No,Mailed check,20.35,77.5,Fiber optic,No,No,No,No,No,No,Female,0,No,No,No,1
1780,2014-06-01,,Two year,Yes,Credit card (automatic),92.2,6392.85,DSL,Yes,Yes,Yes,Yes,Yes,Yes,Male,0,Yes,Yes,Yes,0
1781,2016-10-01,2019-12-01,Month-to-month,Yes,Credit card (automatic),84.25,3264.5,Fiber optic,No,Yes,Yes,Yes,No,No,Female,0,No,No,No,1
1782,2016-08-01,,One year,Yes,Bank transfer (automatic),105.2,4599.15,Fiber optic,Yes,No,Yes,No,Yes,Yes,Female,1,Yes,No,Yes,0
1783,2015-05-01,,Two year,Yes,Bank transfer (automatic),19.6,1134.25,Fiber optic,No,No,No,No,No,No,Female,0,Yes,No,No,0
1784,2015-08-01,,Month-to-month,No,Electronic check,30.4,1621.35,DSL,No,Yes,No,No,No,No,Male,0,Yes,No,No,0
1785,2018-10-01,2019-10-01,Month-to-month,No,Bank transfer (automatic),78.1,947.3,Fiber optic,No,No,No,No,No,Yes,Female,0,No,No,No,1
1786,2016-06-01,,One year,Yes,Mailed check,61.5,2722.2,DSL,Yes,Yes,Yes,No,No,No,Female,0,Yes,No,No,0
1787,2016-08-01,,Month-to-month,Yes,Bank transfer (automatic),69.4,3058.3,DSL,Yes,Yes,No,No,Yes,No,Male,0,Yes,Yes,Yes,0
1788,2014-02-01,,Two year,No,Bank transfer (automatic),24.75,1769.6,Fiber optic,No,No,No,No,No,No,Male,0,Yes,Yes,Yes,0
1789,2014-03-01,,Two year,No,Mailed check,91.05,6293.75,DSL,Yes,Yes,Yes,Yes,Yes,Yes,Female,0,Yes,Yes,Yes,0
1790,2018-06-01,2020-01-01,Month-to-month,No,Mailed check,89.65,1761.05,Fiber optic,No,No,Yes,No,No,Yes,Female,0,Yes,No,Yes,1
1791,2018-03-01,,Month-to-month,Yes,Credit card (automatic),73.65,1642.75,DSL,No,No,No,Yes,Yes,Yes,Female,0,Yes,No,Yes,0
1792,2017-08-01,,Two year,No,Credit card (automatic),19.4,578.5,Fiber optic,No,No,No,No,No,No,Female,0,No,No,No,0
1793,2017-03-01,,One year,No,Bank transfer (automatic),26.2,954.9,Fiber optic,No,No,No,No,No,No,Male,0,No,No,Yes,0
1794,2019-03-01,2020-01-01,Month-to-month,Yes,Electronic check,98.7,973.25,Fiber optic,Yes,No,No,No,Yes,Yes,Female,0,No,No,Yes,1
1795,2020-01-01,,Month-to-month,Yes,Bank transfer (automatic),43.85,43.85,DSL,No,No,No,No,No,No,Male,0,No,No,No,0
1796,2018-04-01,,Month-to-month,Yes,Mailed check,69.7,1490.4,Fiber optic,No,No,No,No,No,No,Male,0,No,No,No,0
1797,2019-07-01,,Two year,No,Mailed check,38.55,280.0,DSL,Yes,Yes,Yes,No,No,No,Male,0,Yes,Yes,No,0
1798,2017-02-01,,Two year,Yes,Mailed check,53.1,1901.25,DSL,Yes,Yes,Yes,Yes,No,Yes,Female,0,No,No,No,0
1799,2017-04-01,,Month-to-month,No,Mailed check,20.65,716.4,Fiber optic,No,No,No,No,No,No,Female,0,Yes,Yes,No,0
1800,2014-02-01,,Two year,No,Credit card (automatic),64.45,4720.0,DSL,Yes,Yes,Yes,No,No,No,Male,0,Yes,Yes,Yes,0
1801,2017-02-01,,Two year,No,Credit card (automatic),25.1,930.95,Fiber optic,No,No,No,No,No,No,Male,0,Yes,Yes,Yes,0
1802,2019-09-01,2019-10-01,Month-to-month,No,Electronic check,76.35,76.35,Fiber optic,No,No,Yes,No,No,No,Female,0,No,No,No,1
1803,2018-02-01,2020-01-01,Month-to-month,Yes,Electronic check,79.15,1676.95,Fiber optic,No,Yes,No,No,No,No,Female,0,No,No,Yes,1
1804,2017-03-01,2019-11-01,Month-to-month,Yes,Electronic check,85.0,2642.05,Fiber optic,No,No,No,No,No,Yes,Male,1,Yes,No,Yes,1
1805,2014-03-01,,One year,Yes,Credit card (automatic),95.15,6770.85,Fiber optic,Yes,Yes,Yes,Yes,No,No,Female,0,Yes,Yes,Yes,0
1806,2018-03-01,,Month-to-month,Yes,Mailed check,79.35,1835.3,Fiber optic,No,No,Yes,No,No,No,Female,1,No,No,Yes,0
1807,2018-09-01,,One year,Yes,Bank transfer (automatic),96.65,1588.25,Fiber optic,No,No,Yes,No,Yes,Yes,Male,0,Yes,No,No,0
1808,2020-01-01,,Month-to-month,Yes,Electronic check,75.5,75.5,DSL,No,No,Yes,Yes,Yes,Yes,Male,0,No,No,No,0
1809,2019-02-01,,Two year,No,Mailed check,19.7,258.35,Fiber optic,No,No,No,No,No,No,Male,0,Yes,Yes,No,0
1810,2014-02-01,,Two year,No,Credit card (automatic),20.5,1502.25,Fiber optic,No,No,No,No,No,No,Female,0,Yes,No,No,0
1811,2020-01-01,,Month-to-month,No,Mailed check,19.2,19.2,Fiber optic,No,No,No,No,No,No,Male,0,No,No,No,0
1812,2014-02-01,,Two year,No,Bank transfer (automatic),98.35,6929.4,Fiber optic,No,Yes,No,No,Yes,Yes,Male,1,Yes,No,Yes,0
1813,2015-02-01,,Month-to-month,No,Bank transfer (automatic),74.35,4453.3,Fiber optic,No,No,No,No,No,No,Male,0,Yes,Yes,Yes,0
1814,2015-01-01,,Two year,No,Credit card (automatic),51.35,3244.4,DSL,No,Yes,Yes,Yes,Yes,No,Female,0,Yes,Yes,No,0
1815,2019-08-01,,Month-to-month,No,Mailed check,45.65,323.45,DSL,No,No,No,No,No,No,Female,0,Yes,No,No,0
1816,2017-02-01,2019-10-01,Month-to-month,No,Electronic check,85.3,2661.1,Fiber optic,No,No,No,No,No,Yes,Male,1,Yes,No,Yes,1
1817,2017-04-01,2019-11-01,Month-to-month,Yes,Credit card (automatic),86.55,2697.4,Fiber optic,No,No,No,No,Yes,No,Female,0,No,Yes,Yes,1
1818,2018-06-01,2020-01-01,Month-to-month,Yes,Credit card (automatic),73.85,1424.5,Fiber optic,No,Yes,No,No,No,No,Male,0,No,No,No,1
1819,2014-02-01,,Two year,No,Bank transfer (automatic),20.3,1401.15,Fiber optic,No,No,No,No,No,No,Male,0,Yes,Yes,No,0
1820,2017-06-01,,Month-to-month,Yes,Electronic check,54.2,1739.6,DSL,No,Yes,No,No,No,No,Female,0,No,No,Yes,0
1821,2014-09-01,,Month-to-month,Yes,Electronic check,90.65,5931.0,Fiber optic,No,Yes,No,No,No,Yes,Male,0,Yes,No,Yes,0
1822,2016-05-01,,Month-to-month,Yes,Bank transfer (automatic),50.9,2333.85,DSL,Yes,No,No,No,Yes,Yes,Female,0,Yes,Yes,No,0
1823,2016-08-01,,One year,No,Electronic check,25.05,949.85,Fiber optic,No,No,No,No,No,No,Male,0,No,No,Yes,0
1824,2019-06-01,,Month-to-month,Yes,Electronic check,74.85,572.45,Fiber optic,No,No,No,No,No,No,Male,0,No,No,Yes,0
1825,2017-06-01,,Two year,No,Mailed check,20.5,696.8,Fiber optic,No,No,No,No,No,No,Male,0,No,Yes,No,0
1826,2018-04-01,,Month-to-month,Yes,Mailed check,63.55,1381.8,DSL,Yes,Yes,No,Yes,No,No,Female,1,Yes,No,Yes,0
1827,2015-01-01,2019-10-01,Month-to-month,Yes,Electronic check,44.85,2572.95,DSL,No,No,No,No,Yes,Yes,Male,1,Yes,No,No,1
1828,2020-01-01,,Month-to-month,No,Electronic check,47.95,47.95,DSL,Yes,No,No,No,No,No,Male,0,No,No,No,0
1829,2019-12-01,2020-01-01,Month-to-month,No,Electronic check,45.1,45.1,DSL,No,No,No,No,No,No,Male,1,No,No,No,1
1830,2020-01-01,,Month-to-month,Yes,Electronic check,45.0,45.0,DSL,No,No,No,No,No,No,Female,0,Yes,No,No,0
1831,2017-12-01,2019-12-01,Month-to-month,Yes,Electronic check,96.0,2122.45,Fiber optic,No,No,No,Yes,Yes,Yes,Male,0,No,No,No,1
1832,2019-12-01,2020-01-01,Month-to-month,No,Bank transfer (automatic),20.05,20.05,Fiber optic,No,No,No,No,No,No,Male,0,No,No,No,1
1833,2015-08-01,,Month-to-month,Yes,Electronic check,90.05,4931.8,Fiber optic,No,Yes,No,No,No,Yes,Male,1,No,No,Yes,0
1834,2019-10-01,,Two year,Yes,Credit card (automatic),25.3,116.95,Fiber optic,No,No,No,No,No,No,Female,0,No,No,Yes,0
1835,2014-08-01,2020-01-01,Two year,No,Bank transfer (automatic),108.65,6937.95,Fiber optic,Yes,No,Yes,Yes,Yes,Yes,Male,0,Yes,Yes,Yes,1
1836,2015-06-01,,One year,No,Electronic check,24.3,1261.7,Fiber optic,No,No,No,No,No,No,Female,0,Yes,No,Yes,0
1837,2016-05-01,,Month-to-month,Yes,Electronic check,75.95,3273.8,DSL,Yes,No,Yes,No,Yes,Yes,Male,0,No,No,No,0
1838,2014-03-01,,Two year,No,Credit card (automatic),19.7,1415.85,Fiber optic,No,No,No,No,No,No,Female,0,Yes,Yes,No,0
1839,2015-03-01,,One year,No,Credit card (automatic),66.4,3958.2,DSL,Yes,Yes,Yes,No,Yes,No,Male,0,Yes,No,No,0
1840,2014-05-01,,One year,Yes,Bank transfer (automatic),35.75,2492.25,DSL,No,Yes,Yes,No,No,No,Male,0,No,No,No,0
1841,2018-07-01,,One year,No,Mailed check,18.8,279.2,Fiber optic,No,No,No,No,No,No,Male,0,No,No,No,0
1842,2015-07-01,,Two year,No,Credit card (automatic),19.4,1083.0,Fiber optic,No,No,No,No,No,No,Female,0,Yes,Yes,No,0
1843,2016-12-01,,One year,No,Mailed check,19.3,755.5,Fiber optic,No,No,No,No,No,No,Female,0,No,No,No,0
1844,2019-02-01,2019-12-01,Month-to-month,Yes,Electronic check,45.55,402.6,DSL,No,No,No,No,No,No,Male,0,No,No,No,1
1845,2016-03-01,,Month-to-month,Yes,Credit card (automatic),67.45,3252.0,DSL,Yes,Yes,Yes,No,No,No,Female,1,Yes,No,Yes,0
1846,2019-09-01,2019-11-01,Month-to-month,Yes,Electronic check,35.1,68.75,DSL,No,No,No,No,No,Yes,Female,0,Yes,No,No,1
1847,2019-11-01,2019-12-01,Month-to-month,No,Credit card (automatic),46.2,46.2,DSL,No,No,No,No,No,No,Male,0,No,No,No,1
1848,2019-09-01,2019-10-01,Month-to-month,No,Electronic check,45.15,45.15,DSL,No,No,No,No,No,No,Female,0,No,No,No,1
1849,2019-11-01,2019-12-01,Month-to-month,Yes,Electronic check,43.3,43.3,DSL,No,Yes,Yes,No,No,Yes,Male,1,No,No,No,1
1850,2016-04-01,,Two year,Yes,Mailed check,20.1,936.85,Fiber optic,No,No,No,No,No,No,Male,0,Yes,Yes,No,0
1851,2016-08-01,2019-10-01,Month-to-month,Yes,Credit card (automatic),57.15,2250.65,DSL,Yes,Yes,No,No,No,No,Female,1,No,No,No,1
1852,2014-09-01,,Two year,No,Credit card (automatic),58.9,3857.1,DSL,Yes,No,Yes,Yes,No,No,Female,0,Yes,No,No,0
1853,2018-05-01,2019-12-01,Month-to-month,Yes,Electronic check,73.2,1441.1,Fiber optic,Yes,No,No,No,No,No,Female,0,Yes,No,No,1
1854,2015-08-01,2019-12-01,Month-to-month,Yes,Electronic check,85.35,4338.6,Fiber optic,No,Yes,No,No,No,Yes,Male,0,No,No,No,1
1855,2014-03-01,,Two year,No,Mailed check,19.45,1378.45,Fiber optic,No,No,No,No,No,No,Male,0,Yes,Yes,No,0
1856,2019-09-01,2019-10-01,Month-to-month,No,Mailed check,45.95,45.95,DSL,No,No,No,No,No,No,Female,0,No,No,No,1
1857,2015-10-01,,Month-to-month,Yes,Electronic check,50.5,2566.3,DSL,No,Yes,Yes,Yes,Yes,No,Female,1,No,No,No,0
1858,2019-08-01,,One year,No,Mailed check,25.1,171.0,Fiber optic,No,No,No,No,No,No,Male,0,Yes,No,Yes,0
1859,2017-12-01,,One year,No,Mailed check,60.7,1597.4,DSL,No,No,Yes,No,No,Yes,Female,1,Yes,No,No,0
1860,2016-02-01,,One year,Yes,Electronic check,99.0,4744.35,Fiber optic,No,Yes,No,No,Yes,Yes,Male,1,No,No,Yes,0
1861,2014-10-01,,One year,Yes,Bank transfer (automatic),104.4,6721.6,Fiber optic,Yes,No,No,Yes,Yes,Yes,Female,0,Yes,Yes,Yes,0
1862,2019-07-01,2019-10-01,Month-to-month,No,Electronic check,83.75,247.25,Fiber optic,No,Yes,No,No,Yes,No,Female,0,No,No,No,1
1863,2020-01-01,,Month-to-month,Yes,Bank transfer (automatic),44.05,44.05,DSL,No,No,No,No,No,No,Male,0,No,No,No,0
1864,2014-02-01,,Two year,No,Credit card (automatic),24.1,1734.65,Fiber optic,No,No,No,No,No,No,Male,0,Yes,Yes,Yes,0
1865,2020-01-01,,Month-to-month,Yes,Mailed check,45.55,45.55,DSL,No,No,No,No,No,No,Male,0,No,No,No,0
1866,2015-11-01,,Month-to-month,Yes,Electronic check,93.8,4539.35,Fiber optic,Yes,Yes,No,No,No,Yes,Female,0,Yes,Yes,Yes,0
1867,2016-09-01,,Two year,No,Bank transfer (automatic),19.7,804.25,Fiber optic,No,No,No,No,No,No,Female,0,Yes,Yes,No,0
1868,2014-02-01,,Two year,Yes,Credit card (automatic),70.65,5011.15,DSL,Yes,Yes,Yes,No,Yes,No,Female,0,Yes,Yes,No,0
1869,2016-07-01,,Two year,No,Credit card (automatic),86.45,3574.5,DSL,Yes,Yes,No,Yes,Yes,Yes,Female,0,Yes,No,Yes,0
1870,2014-02-01,,Two year,Yes,Credit card (automatic),114.1,8086.4,Fiber optic,Yes,Yes,Yes,Yes,Yes,Yes,Male,0,Yes,No,Yes,0
1871,2016-03-01,,One year,Yes,Credit card (automatic),95.2,4563.0,Fiber optic,No,No,No,No,Yes,Yes,Male,0,Yes,No,Yes,0
1872,2014-02-01,,Two year,No,Credit card (automatic),88.55,6362.35,DSL,Yes,Yes,Yes,Yes,Yes,Yes,Male,0,No,No,Yes,0
1873,2019-11-01,,Month-to-month,Yes,Credit card (automatic),20.75,67.1,Fiber optic,No,No,No,No,No,No,Male,0,No,No,No,0
1874,2019-12-01,2020-01-01,Month-to-month,Yes,Electronic check,70.05,70.05,Fiber optic,No,No,No,No,No,No,Male,0,No,No,No,1
1875,2019-10-01,2019-12-01,Month-to-month,Yes,Electronic check,86.0,165.45,Fiber optic,No,No,No,No,No,Yes,Male,0,No,No,Yes,1
1876,2017-12-01,,Month-to-month,Yes,Bank transfer (automatic),44.65,1156.55,DSL,Yes,Yes,No,No,No,Yes,Male,0,No,No,No,0
1877,2017-09-01,,Month-to-month,Yes,Mailed check,60.2,1834.15,DSL,Yes,No,No,No,No,Yes,Male,0,Yes,Yes,No,0
1878,2016-11-01,2019-10-01,Month-to-month,Yes,Bank transfer (automatic),100.5,3653.35,Fiber optic,Yes,Yes,No,Yes,Yes,No,Female,1,Yes,No,Yes,1
1879,2017-11-01,,One year,No,Bank transfer (automatic),55.45,1477.65,DSL,Yes,Yes,No,No,No,No,Male,0,No,No,No,0
1880,2018-02-01,,Month-to-month,Yes,Credit card (automatic),70.3,1706.45,DSL,Yes,Yes,No,Yes,No,Yes,Male,0,Yes,Yes,No,0
1881,2014-07-01,,Two year,Yes,Bank transfer (automatic),60.4,3953.7,DSL,Yes,No,Yes,Yes,No,No,Male,0,Yes,Yes,No,0
1882,2018-08-01,2019-12-01,Month-to-month,No,Electronic check,72.65,1194.3,Fiber optic,No,No,No,No,No,No,Female,0,No,No,Yes,1
1883,2018-03-01,,One year,No,Bank transfer (automatic),55.8,1327.85,DSL,No,Yes,Yes,No,No,No,Female,0,No,No,No,0
1884,2018-12-01,,Month-to-month,Yes,Mailed check,31.1,419.7,DSL,No,Yes,No,No,No,No,Male,0,No,No,No,0
1885,2019-09-01,2019-10-01,Month-to-month,Yes,Electronic check,21.0,21.0,Fiber optic,No,No,No,No,No,No,Female,0,Yes,Yes,No,1
1886,2019-10-01,2019-11-01,Month-to-month,No,Mailed check,45.1,45.1,DSL,No,No,No,No,No,No,Female,1,No,No,No,1
1887,2019-10-01,,Month-to-month,Yes,Credit card (automatic),50.95,207.35,DSL,No,Yes,No,No,Yes,Yes,Male,1,No,No,No,0
1888,2018-10-01,,Month-to-month,Yes,Electronic check,69.1,1083.7,DSL,Yes,Yes,No,No,No,Yes,Male,0,No,Yes,Yes,0
1889,2016-04-01,,Month-to-month,Yes,Electronic check,43.95,2007.85,DSL,No,No,No,No,Yes,Yes,Female,0,Yes,No,No,0
1890,2014-06-01,,Two year,Yes,Bank transfer (automatic),86.5,5882.75,DSL,Yes,Yes,No,Yes,Yes,Yes,Male,0,No,Yes,Yes,0
1891,2016-12-01,,Month-to-month,No,Electronic check,69.95,2657.55,DSL,Yes,Yes,Yes,Yes,No,No,Male,0,No,No,Yes,0
1892,2017-06-01,2019-12-01,Month-to-month,Yes,Bank transfer (automatic),50.4,1527.5,DSL,No,Yes,No,No,No,No,Male,1,Yes,No,No,1
1893,2019-07-01,2019-12-01,Month-to-month,No,Electronic check,78.95,378.4,Fiber optic,No,No,No,No,No,Yes,Female,1,No,No,No,1
1894,2018-09-01,,Month-to-month,Yes,Credit card (automatic),90.95,1612.2,Fiber optic,No,Yes,Yes,No,No,Yes,Male,0,No,No,No,0
1895,2019-10-01,,Two year,No,Mailed check,19.9,76.65,Fiber optic,No,No,No,No,No,No,Male,0,Yes,Yes,No,0
1896,2019-02-01,,One year,No,Electronic check,20.15,260.7,Fiber optic,No,No,No,No,No,No,Female,0,No,No,No,0
1897,2014-02-01,,Two year,Yes,Credit card (automatic),90.6,6441.85,DSL,Yes,Yes,Yes,Yes,Yes,Yes,Male,0,Yes,Yes,Yes,0
1898,2019-11-01,,Month-to-month,Yes,Electronic check,92.0,266.8,Fiber optic,No,No,No,No,Yes,Yes,Male,0,No,No,No,0
1899,2015-05-01,2020-01-01,Month-to-month,Yes,Electronic check,94.45,5124.6,Fiber optic,No,Yes,No,Yes,No,Yes,Male,0,No,No,Yes,1
1900,2016-09-01,,One year,Yes,Mailed check,24.85,962.25,Fiber optic,No,No,No,No,No,No,Female,0,No,No,Yes,0
1901,2016-10-01,,One year,No,Credit card (automatic),36.0,1382.9,DSL,No,Yes,No,Yes,No,No,Male,0,No,No,No,0
1902,2019-07-01,,Month-to-month,Yes,Electronic check,78.5,571.05,DSL,Yes,Yes,No,Yes,Yes,Yes,Female,0,No,No,No,0
1903,2014-05-01,,Two year,No,Credit card (automatic),19.95,1399.35,Fiber optic,No,No,No,No,No,No,Male,0,No,No,No,0
1904,2019-07-01,,One year,No,Mailed check,20.65,150.0,Fiber optic,No,No,No,No,No,No,Male,0,Yes,Yes,No,0
1905,2019-09-01,,Month-to-month,Yes,Electronic check,30.5,167.2,DSL,No,Yes,No,No,No,No,Female,0,Yes,Yes,No,0
1906,2014-02-01,,Two year,No,Credit card (automatic),106.1,7657.4,Fiber optic,Yes,Yes,Yes,Yes,Yes,No,Female,0,Yes,Yes,Yes,0
1907,2016-06-01,,One year,Yes,Bank transfer (automatic),20.5,865.05,Fiber optic,No,No,No,No,No,No,Male,0,Yes,Yes,No,0
1908,2014-09-01,,One year,Yes,Electronic check,95.5,6153.85,Fiber optic,No,Yes,Yes,No,Yes,No,Female,0,No,No,Yes,0
1909,2019-11-01,,Month-to-month,No,Electronic check,64.6,174.2,DSL,No,No,No,Yes,Yes,No,Female,0,No,No,Yes,0
1910,2018-02-01,,Month-to-month,Yes,Credit card (automatic),51.1,1269.6,DSL,No,No,No,Yes,No,No,Male,0,No,No,No,0
1911,2016-02-01,2019-10-01,Month-to-month,Yes,Bank transfer (automatic),84.8,3862.55,Fiber optic,No,Yes,Yes,No,No,No,Female,0,No,No,Yes,1
1912,2014-02-01,,Two year,No,Credit card (automatic),89.1,6352.4,DSL,Yes,Yes,Yes,Yes,Yes,Yes,Female,1,Yes,No,Yes,0
1913,2018-02-01,,Month-to-month,No,Electronic check,54.95,1348.5,DSL,Yes,No,No,Yes,No,No,Male,0,No,No,No,0
1914,2019-09-01,2019-10-01,Month-to-month,No,Mailed check,50.9,50.9,DSL,No,No,Yes,No,No,No,Male,0,No,No,No,1
1915,2018-04-01,,Month-to-month,Yes,Bank transfer (automatic),20.45,471.55,Fiber optic,No,No,No,No,No,No,Male,0,Yes,No,No,0
1916,2014-04-01,,Two year,Yes,Credit card (automatic),85.95,5931.75,DSL,No,Yes,Yes,Yes,Yes,Yes,Male,0,Yes,Yes,Yes,0
1917,2018-01-01,,Month-to-month,No,Electronic check,60.35,1404.65,DSL,No,No,No,No,Yes,No,Male,0,Yes,Yes,Yes,0
1918,2017-01-01,,Two year,No,Bank transfer (automatic),19.8,726.1,Fiber optic,No,No,No,No,No,No,Male,0,Yes,Yes,No,0
1919,2018-04-01,,Month-to-month,No,Bank transfer (automatic),85.35,1961.6,Fiber optic,No,No,No,No,Yes,No,Female,1,Yes,Yes,Yes,0
1920,2015-03-01,,Two year,Yes,Bank transfer (automatic),72.1,4194.85,DSL,No,No,Yes,Yes,Yes,No,Female,0,Yes,Yes,Yes,0
1921,2015-10-01,2019-11-01,Month-to-month,Yes,Electronic check,99.8,4872.45,Fiber optic,No,No,Yes,No,Yes,Yes,Male,0,Yes,Yes,Yes,1
1922,2016-02-01,2020-01-01,Month-to-month,Yes,Bank transfer (automatic),107.35,5118.95,Fiber optic,No,No,Yes,Yes,Yes,Yes,Male,0,Yes,Yes,Yes,1
1923,2017-06-01,2020-01-01,Month-to-month,Yes,Mailed check,19.55,658.95,Fiber optic,No,No,No,No,No,No,Female,0,Yes,Yes,No,1
1924,2020-01-01,,Month-to-month,Yes,Electronic check,81.05,81.05,Fiber optic,No,No,No,No,No,Yes,Male,0,Yes,Yes,No,0
1925,2019-11-01,,Month-to-month,Yes,Electronic check,20.5,76.95,Fiber optic,No,No,No,No,No,No,Male,0,No,No,No,0
1926,2015-09-01,,One year,Yes,Bank transfer (automatic),111.8,5809.75,Fiber optic,No,Yes,Yes,Yes,Yes,Yes,Female,0,Yes,No,Yes,0
1927,2018-06-01,,One year,Yes,Mailed check,19.7,415.9,Fiber optic,No,No,No,No,No,No,Male,0,No,No,No,0
1928,2019-10-01,2020-01-01,Month-to-month,Yes,Electronic check,79.1,246.5,Fiber optic,Yes,Yes,No,No,No,No,Female,0,No,No,No,1
1929,2015-11-01,,One year,Yes,Bank transfer (automatic),19.85,996.95,Fiber optic,No,No,No,No,No,No,Female,0,No,No,No,0
1930,2015-11-01,,One year,Yes,Bank transfer (automatic),60.5,3145.15,DSL,Yes,Yes,No,Yes,No,No,Female,0,Yes,No,No,0
1931,2019-01-01,,Two year,No,Mailed check,19.55,265.3,Fiber optic,No,No,No,No,No,No,Female,0,Yes,Yes,No,0
1932,2020-01-01,,Month-to-month,No,Mailed check,20.9,20.9,Fiber optic,No,No,No,No,No,No,Female,0,No,No,No,0
1933,2020-01-01,,Month-to-month,Yes,Mailed check,21.05,21.05,Fiber optic,No,No,No,No,No,No,Male,0,No,Yes,No,0
1934,2014-11-01,,One year,No,Electronic check,71.5,4576.3,DSL,Yes,Yes,Yes,Yes,No,No,Male,0,No,No,Yes,0
1935,2019-11-01,,Month-to-month,No,Mailed check,54.65,189.1,DSL,No,No,No,No,No,Yes,Male,0,No,No,No,0
1936,2016-04-01,,Two year,No,Credit card (automatic),19.2,908.15,Fiber optic,No,No,No,No,No,No,Male,0,No,No,No,0
1937,2020-01-01,,Month-to-month,Yes,Credit card (automatic),49.8,49.8,DSL,No,No,No,No,No,No,Male,0,No,No,Yes,0
1938,2019-02-01,2019-10-01,Month-to-month,No,Mailed check,25.5,215.2,DSL,No,No,No,No,No,No,Male,0,No,Yes,No,1
1939,2014-03-01,,Two year,No,Bank transfer (automatic),20.5,1500.95,Fiber optic,No,No,No,No,No,No,Female,0,Yes,Yes,No,0
1940,2015-07-01,,Month-to-month,Yes,Credit card (automatic),90.4,5099.15,Fiber optic,No,No,Yes,No,Yes,No,Male,0,Yes,Yes,Yes,0
1941,2014-04-01,,One year,Yes,Bank transfer (automatic),90.25,6385.95,Fiber optic,No,Yes,Yes,Yes,No,No,Female,0,No,No,Yes,0
1942,2019-10-01,2019-12-01,Month-to-month,No,Electronic check,80.75,159.45,Fiber optic,No,No,No,No,No,Yes,Female,0,No,No,No,1
1943,2014-07-01,,Two year,No,Bank transfer (automatic),104.6,6885.75,Fiber optic,Yes,No,No,Yes,Yes,Yes,Male,0,Yes,Yes,Yes,0
1944,2014-07-01,2019-12-01,Month-to-month,Yes,Bank transfer (automatic),91.85,5940.85,Fiber optic,No,Yes,No,No,Yes,No,Male,0,Yes,No,Yes,1
1945,2018-12-01,,Month-to-month,No,Credit card (automatic),50.2,668.85,DSL,No,No,Yes,No,No,No,Male,0,Yes,No,No,0
2235,2016-06-01,,One year,No,Electronic check,24.85,1013.6,Fiber optic,No,No,No,No,No,No,Male,0,Yes,Yes,Yes,0
1946,2018-06-01,,Month-to-month,Yes,Bank transfer (automatic),95.5,1916.2,Fiber optic,No,No,Yes,Yes,No,Yes,Female,0,Yes,Yes,Yes,0
1947,2019-11-01,2019-12-01,Month-to-month,Yes,Electronic check,75.35,75.35,Fiber optic,No,Yes,No,No,No,No,Male,0,No,Yes,No,1
1948,2019-11-01,2019-12-01,Month-to-month,Yes,Electronic check,75.45,75.45,Fiber optic,No,No,No,No,No,No,Male,0,No,No,Yes,1
1949,2016-01-01,,Month-to-month,Yes,Bank transfer (automatic),95.4,4613.95,Fiber optic,No,No,No,No,Yes,Yes,Female,0,Yes,Yes,Yes,0
1950,2014-02-01,,Two year,Yes,Bank transfer (automatic),101.3,7261.25,Fiber optic,Yes,Yes,Yes,No,Yes,No,Female,0,No,No,Yes,0
1951,2016-04-01,,Month-to-month,No,Electronic check,53.1,2459.8,DSL,Yes,No,No,No,No,No,Female,0,Yes,No,Yes,0
1952,2018-02-01,,Month-to-month,Yes,Bank transfer (automatic),84.85,2048.8,Fiber optic,No,Yes,Yes,No,No,No,Male,0,No,No,Yes,0
1953,2019-09-01,,Month-to-month,No,Electronic check,34.25,163.55,DSL,No,Yes,No,Yes,No,No,Female,0,Yes,Yes,No,0
1954,2017-05-01,,Month-to-month,No,Credit card (automatic),88.6,2888.7,Fiber optic,No,Yes,Yes,Yes,No,No,Female,0,Yes,Yes,Yes,0
1955,2016-08-01,,One year,Yes,Bank transfer (automatic),60.15,2421.6,DSL,Yes,Yes,No,No,No,No,Female,0,No,No,Yes,0
1956,2018-03-01,,One year,Yes,Credit card (automatic),99.95,2292.75,Fiber optic,Yes,No,Yes,No,Yes,Yes,Male,0,No,No,No,0
1957,2019-06-01,,Month-to-month,No,Bank transfer (automatic),70.7,553.4,Fiber optic,No,No,No,No,No,No,Male,0,No,No,No,0
1958,2014-08-01,,One year,Yes,Mailed check,54.8,3465.7,DSL,Yes,Yes,No,No,No,No,Male,0,No,No,No,0
1959,2017-11-01,2019-11-01,Month-to-month,Yes,Bank transfer (automatic),49.55,1210.4,DSL,Yes,No,No,No,No,No,Male,0,No,No,No,1
1960,2018-02-01,,Month-to-month,No,Credit card (automatic),54.8,1291.3,DSL,No,Yes,No,No,No,No,Male,1,No,No,Yes,0
1961,2014-01-01,2019-10-01,One year,Yes,Credit card (automatic),78.6,5356.45,DSL,Yes,Yes,Yes,Yes,No,Yes,Male,0,No,No,Yes,1
1962,2015-09-01,,One year,Yes,Mailed check,100.3,5200.8,Fiber optic,No,Yes,Yes,No,Yes,Yes,Female,0,No,No,No,0
1963,2015-02-01,,Two year,No,Electronic check,53.6,3237.05,DSL,Yes,No,Yes,No,Yes,Yes,Female,0,No,No,No,0
1964,2019-04-01,2019-11-01,Month-to-month,Yes,Electronic check,81.1,576.65,Fiber optic,No,No,No,No,Yes,No,Female,0,Yes,No,No,1
1965,2018-06-01,,One year,Yes,Credit card (automatic),19.35,433.75,Fiber optic,No,No,No,No,No,No,Female,0,No,No,No,0
1966,2018-03-01,,Month-to-month,No,Electronic check,85.6,1868.4,Fiber optic,No,No,No,No,No,Yes,Female,0,Yes,Yes,Yes,0
1967,2014-02-01,,Two year,Yes,Electronic check,80.8,5728.55,DSL,Yes,No,Yes,Yes,Yes,Yes,Male,0,Yes,Yes,No,0
1968,2019-02-01,2020-01-01,Month-to-month,Yes,Electronic check,74.95,825.7,Fiber optic,No,No,No,No,No,No,Male,0,Yes,No,Yes,1
1969,2018-05-01,,Two year,No,Mailed check,19.6,390.4,Fiber optic,No,No,No,No,No,No,Male,0,No,No,No,0
1970,2019-12-01,2020-01-01,Month-to-month,Yes,Electronic check,93.55,93.55,Fiber optic,No,No,No,No,Yes,Yes,Male,1,No,No,Yes,1
1971,2017-07-01,,Month-to-month,Yes,Electronic check,90.7,2845.15,Fiber optic,No,Yes,No,No,Yes,No,Male,1,No,No,Yes,0
1972,2015-05-01,,Two year,No,Mailed check,69.75,3894.4,DSL,No,Yes,Yes,Yes,Yes,No,Female,0,No,No,No,0
1973,2016-05-01,,Two year,Yes,Bank transfer (automatic),20.0,886.4,Fiber optic,No,No,No,No,No,No,Female,0,Yes,Yes,No,0
1974,2019-04-01,,Month-to-month,Yes,Electronic check,95.25,1021.55,Fiber optic,No,Yes,Yes,No,No,Yes,Male,0,No,No,Yes,0
1975,2015-02-01,2019-12-01,Month-to-month,Yes,Credit card (automatic),102.1,5885.4,Fiber optic,No,No,Yes,Yes,Yes,Yes,Female,0,Yes,No,Yes,1
1976,2018-12-01,,Month-to-month,No,Mailed check,19.95,268.4,Fiber optic,No,No,No,No,No,No,Male,0,No,Yes,No,0
1977,2017-11-01,,One year,No,Mailed check,80.85,2204.35,DSL,Yes,No,No,Yes,Yes,Yes,Male,0,Yes,No,Yes,0
1978,2018-11-01,2020-01-01,Month-to-month,Yes,Bank transfer (automatic),90.9,1259.0,Fiber optic,No,Yes,No,No,No,Yes,Female,0,Yes,Yes,Yes,1
1979,2018-12-01,2019-12-01,Month-to-month,No,Mailed check,29.2,309.1,DSL,No,Yes,No,No,No,No,Female,0,Yes,Yes,No,1
1980,2014-05-01,,Two year,Yes,Bank transfer (automatic),93.3,6398.05,Fiber optic,No,Yes,No,Yes,No,Yes,Female,0,Yes,Yes,Yes,0
1981,2017-12-01,2020-01-01,Month-to-month,Yes,Bank transfer (automatic),89.15,2257.75,Fiber optic,No,Yes,Yes,No,Yes,No,Female,0,Yes,Yes,No,1
1982,2015-03-01,2020-01-01,One year,Yes,Electronic check,108.85,6287.25,Fiber optic,Yes,Yes,Yes,No,Yes,Yes,Male,1,Yes,No,Yes,1
1983,2017-03-01,,Two year,Yes,Credit card (automatic),46.35,1662.05,DSL,Yes,No,No,Yes,Yes,No,Female,0,Yes,Yes,No,0
1984,2018-06-01,2019-10-01,Month-to-month,Yes,Electronic check,84.75,1350.15,Fiber optic,No,No,No,No,Yes,No,Female,1,No,No,Yes,1
1985,2016-05-01,,One year,No,Credit card (automatic),78.75,3600.65,DSL,No,Yes,Yes,No,Yes,Yes,Male,0,Yes,Yes,Yes,0
1986,2018-09-01,,Month-to-month,Yes,Electronic check,83.55,1329.15,Fiber optic,No,Yes,No,No,Yes,No,Female,0,No,No,No,0
1987,2019-11-01,2019-12-01,Month-to-month,Yes,Electronic check,45.7,45.7,DSL,No,No,No,No,No,No,Female,0,Yes,Yes,No,1
1988,2018-04-01,,One year,No,Mailed check,19.6,422.5,Fiber optic,No,No,No,No,No,No,Male,0,No,No,No,0
1989,2019-10-01,2019-11-01,Month-to-month,Yes,Electronic check,69.95,69.95,Fiber optic,No,No,No,No,No,No,Female,1,No,No,No,1
1990,2014-07-01,,Two year,No,Mailed check,67.85,4627.65,DSL,Yes,No,Yes,Yes,No,Yes,Male,0,Yes,Yes,No,0
1991,2014-07-01,,Two year,Yes,Bank transfer (automatic),105.65,6717.9,Fiber optic,No,No,Yes,Yes,Yes,Yes,Female,0,Yes,Yes,Yes,0
1992,2019-08-01,2019-10-01,Month-to-month,No,Electronic check,44.6,97.1,DSL,No,No,No,No,Yes,Yes,Female,0,Yes,No,No,1
1993,2017-12-01,2019-11-01,Month-to-month,Yes,Electronic check,74.95,1710.45,Fiber optic,No,No,No,No,No,No,Male,0,No,No,Yes,1
1994,2019-05-01,,Month-to-month,No,Credit card (automatic),75.5,637.4,Fiber optic,No,No,Yes,No,No,No,Female,1,No,No,No,0
1995,2019-09-01,,Month-to-month,No,Mailed check,20.15,117.95,Fiber optic,No,No,No,No,No,No,Female,0,No,No,No,0
1996,2015-08-01,,Two year,No,Credit card (automatic),45.2,2460.55,DSL,Yes,No,No,Yes,Yes,No,Male,0,No,No,No,0
1997,2015-02-01,2019-11-01,Two year,Yes,Electronic check,95.25,5464.65,Fiber optic,No,No,Yes,No,Yes,Yes,Female,0,No,No,No,1
1998,2017-12-01,2019-12-01,Month-to-month,Yes,Mailed check,89.85,2165.05,Fiber optic,No,No,Yes,No,Yes,No,Male,0,No,No,Yes,1
1999,2015-10-01,2019-11-01,One year,No,Mailed check,100.45,4941.8,Fiber optic,No,Yes,No,No,Yes,Yes,Female,0,Yes,Yes,Yes,1
2000,2019-05-01,2019-10-01,Month-to-month,No,Electronic check,47.15,223.15,DSL,No,No,No,No,No,No,Male,0,No,No,Yes,1
2009,2017-10-01,,Month-to-month,No,Mailed check,49.9,1410.25,DSL,No,No,No,No,No,No,Female,0,Yes,Yes,Yes,0
2010,2019-02-01,2019-12-01,Month-to-month,No,Electronic check,86.45,830.85,Fiber optic,No,No,No,No,No,Yes,Female,0,No,No,Yes,1
2011,2016-12-01,,Two year,No,Bank transfer (automatic),20.4,743.5,Fiber optic,No,No,No,No,No,No,Male,0,Yes,No,No,0
2012,2019-10-01,2019-11-01,Month-to-month,Yes,Mailed check,45.3,45.3,DSL,No,No,No,No,No,No,Female,0,No,No,No,1
2013,2014-04-01,2019-11-01,One year,No,Electronic check,104.1,7040.85,Fiber optic,No,Yes,Yes,No,Yes,Yes,Male,0,Yes,No,Yes,1
2014,2015-10-01,,One year,Yes,Mailed check,75.4,3865.45,DSL,Yes,Yes,No,No,Yes,Yes,Male,0,Yes,No,No,0
2015,2014-12-01,,Two year,No,Mailed check,108.15,6825.65,Fiber optic,Yes,Yes,Yes,Yes,Yes,Yes,Male,0,Yes,Yes,No,0
2016,2018-10-01,,Month-to-month,Yes,Electronic check,86.25,1340.1,Fiber optic,No,Yes,No,No,No,Yes,Female,0,No,No,No,0
2017,2019-05-01,2019-10-01,Month-to-month,Yes,Electronic check,81.0,371.65,Fiber optic,No,Yes,No,No,No,No,Female,1,Yes,No,Yes,1
2018,2019-02-01,,One year,No,Electronic check,95.7,1184.0,Fiber optic,No,No,Yes,No,Yes,Yes,Male,0,No,No,No,0
2019,2014-02-01,,Two year,Yes,Bank transfer (automatic),116.85,8477.7,Fiber optic,Yes,Yes,Yes,Yes,Yes,Yes,Female,0,Yes,Yes,Yes,0
2020,2014-03-01,,One year,No,Bank transfer (automatic),105.75,7382.85,Fiber optic,No,Yes,No,Yes,Yes,Yes,Male,1,No,No,Yes,0
2021,2018-02-01,,One year,No,Mailed check,20.15,456.85,Fiber optic,No,No,No,No,No,No,Female,0,Yes,No,No,0
2022,2018-11-01,,Two year,No,Mailed check,19.6,331.6,Fiber optic,No,No,No,No,No,No,Female,0,No,No,No,0
2023,2014-03-01,2019-10-01,One year,Yes,Credit card (automatic),90.6,6056.15,Fiber optic,Yes,Yes,No,No,No,Yes,Male,0,Yes,No,No,1
2024,2019-12-01,,Month-to-month,No,Bank transfer (automatic),60.95,134.6,DSL,Yes,Yes,No,No,No,No,Male,0,No,Yes,Yes,0
2025,2019-09-01,,Month-to-month,No,Mailed check,25.05,125.5,DSL,No,No,No,No,No,No,Female,0,Yes,Yes,No,0
2026,2018-08-01,2019-11-01,Month-to-month,No,Electronic check,88.15,1390.6,Fiber optic,No,No,No,No,Yes,Yes,Female,0,Yes,No,No,1
2027,2019-09-01,2019-10-01,Month-to-month,Yes,Mailed check,20.2,20.2,Fiber optic,No,No,No,No,No,No,Male,0,No,No,No,1
2028,2016-09-01,,One year,Yes,Bank transfer (automatic),60.3,2511.3,DSL,Yes,Yes,Yes,No,No,No,Male,0,Yes,Yes,No,0
2029,2016-07-01,,Month-to-month,Yes,Electronic check,63.95,2737.05,DSL,Yes,Yes,No,No,No,Yes,Female,0,No,Yes,No,0
2030,2020-01-01,,Month-to-month,No,Electronic check,74.3,74.3,Fiber optic,No,No,No,No,No,No,Male,1,Yes,No,Yes,0
2031,2020-01-01,,Month-to-month,Yes,Mailed check,70.6,70.6,Fiber optic,No,No,No,No,No,No,Female,1,No,No,No,0
2032,2017-11-01,2020-01-01,Month-to-month,Yes,Electronic check,90.8,2361.8,Fiber optic,No,No,No,No,Yes,Yes,Female,0,Yes,Yes,No,1
2033,2018-02-01,2019-12-01,Month-to-month,Yes,Electronic check,79.35,1730.35,Fiber optic,No,Yes,No,No,No,No,Male,0,No,No,Yes,1
2034,2014-03-01,,Two year,No,Bank transfer (automatic),90.55,6404.0,DSL,Yes,Yes,Yes,Yes,Yes,Yes,Male,0,Yes,No,Yes,0
2035,2019-07-01,,Two year,No,Mailed check,19.45,165.35,Fiber optic,No,No,No,No,No,No,Male,0,No,No,No,0
2036,2017-10-01,,Month-to-month,No,Bank transfer (automatic),64.45,1867.6,DSL,No,Yes,Yes,Yes,No,No,Female,1,No,No,Yes,0
2037,2018-10-01,,Month-to-month,No,Electronic check,69.65,1043.3,Fiber optic,No,No,No,No,No,No,Male,1,No,No,No,0
2038,2019-07-01,,One year,No,Mailed check,19.5,128.6,Fiber optic,No,No,No,No,No,No,Male,0,No,No,No,0
2039,2014-05-01,,Two year,Yes,Bank transfer (automatic),110.5,7455.45,Fiber optic,No,Yes,Yes,Yes,Yes,Yes,Female,0,No,No,Yes,0
2040,2020-01-01,,Month-to-month,No,Mailed check,24.7,24.7,DSL,No,No,No,No,No,No,Female,0,No,Yes,No,0
2041,2019-11-01,,Month-to-month,Yes,Electronic check,77.4,206.15,DSL,Yes,No,Yes,No,Yes,Yes,Male,0,No,No,No,0
2042,2018-03-01,2019-12-01,Month-to-month,Yes,Bank transfer (automatic),96.8,2030.3,Fiber optic,No,No,Yes,No,Yes,Yes,Male,1,No,No,No,1
2043,2014-05-01,,Month-to-month,Yes,Bank transfer (automatic),85.4,5869.4,Fiber optic,No,Yes,Yes,No,No,No,Female,0,Yes,No,Yes,0
2044,2014-03-01,,Two year,Yes,Bank transfer (automatic),47.6,3377.8,DSL,Yes,Yes,Yes,Yes,No,No,Female,0,Yes,No,No,0
2045,2014-05-01,,Two year,No,Mailed check,19.4,1346.2,Fiber optic,No,No,No,No,No,No,Female,0,Yes,Yes,No,0
2046,2016-02-01,,Month-to-month,Yes,Electronic check,103.85,4946.05,Fiber optic,No,No,Yes,Yes,Yes,Yes,Female,0,No,No,Yes,0
2047,2016-02-01,2020-01-01,Month-to-month,Yes,Bank transfer (automatic),83.35,4065.0,Fiber optic,No,Yes,Yes,No,No,No,Male,0,Yes,No,Yes,1
2048,2019-11-01,2020-01-01,Month-to-month,Yes,Electronic check,49.4,106.55,DSL,No,No,No,No,No,No,Female,0,No,No,Yes,1
2049,2016-05-01,,Month-to-month,Yes,Credit card (automatic),108.45,4964.7,Fiber optic,Yes,No,Yes,Yes,Yes,Yes,Male,0,No,No,Yes,0
2050,2015-11-01,,Month-to-month,No,Bank transfer (automatic),81.0,4085.75,Fiber optic,No,Yes,No,No,No,No,Male,0,No,No,Yes,0
2051,2018-02-01,2019-12-01,Month-to-month,Yes,Electronic check,79.2,1742.75,DSL,Yes,No,No,Yes,Yes,Yes,Female,0,Yes,No,Yes,1
2052,2014-02-01,,Two year,No,Bank transfer (automatic),86.65,6224.8,DSL,Yes,Yes,Yes,Yes,Yes,Yes,Male,0,No,No,Yes,0
2053,2017-01-01,,Month-to-month,Yes,Electronic check,92.95,3415.25,Fiber optic,No,Yes,Yes,No,Yes,No,Male,0,Yes,Yes,Yes,0
2054,2014-03-01,,Two year,No,Electronic check,90.35,6325.25,DSL,Yes,Yes,Yes,Yes,Yes,Yes,Male,0,Yes,Yes,Yes,0
2055,2019-04-01,2019-11-01,Month-to-month,No,Electronic check,48.7,340.25,DSL,No,No,Yes,No,No,No,Male,0,Yes,Yes,No,1
2056,2014-08-01,,Two year,Yes,Credit card (automatic),25.15,1683.6,Fiber optic,No,No,No,No,No,No,Female,0,No,No,Yes,0
2057,2015-11-01,,One year,Yes,Bank transfer (automatic),76.4,3966.3,DSL,Yes,No,No,Yes,Yes,Yes,Male,0,Yes,Yes,No,0
2058,2017-08-01,,One year,No,Bank transfer (automatic),19.55,608.5,Fiber optic,No,No,No,No,No,No,Female,0,Yes,Yes,No,0
2059,2017-04-01,,Month-to-month,No,Electronic check,85.35,2896.6,Fiber optic,No,No,No,No,Yes,No,Female,0,No,No,Yes,0
2060,2014-10-01,,Two year,Yes,Mailed check,24.8,1514.85,Fiber optic,No,No,No,No,No,No,Male,0,Yes,Yes,Yes,0
2061,2014-09-01,,One year,Yes,Bank transfer (automatic),103.15,6792.45,Fiber optic,No,Yes,Yes,No,Yes,Yes,Male,1,Yes,No,Yes,0
2062,2016-03-01,,Month-to-month,No,Mailed check,100.75,4669.2,Fiber optic,Yes,Yes,No,Yes,Yes,No,Male,0,No,No,Yes,0
2063,2019-11-01,2019-12-01,Month-to-month,Yes,Electronic check,95.6,95.6,Fiber optic,Yes,No,No,No,Yes,Yes,Female,0,No,No,No,1
2064,2015-10-01,2019-11-01,Month-to-month,Yes,Credit card (automatic),59.75,2934.3,DSL,Yes,Yes,No,No,No,No,Female,0,No,No,Yes,1
2065,2014-07-01,,Two year,No,Credit card (automatic),94.1,6302.8,Fiber optic,No,Yes,No,Yes,Yes,No,Female,0,Yes,Yes,Yes,0
2066,2016-11-01,,One year,No,Bank transfer (automatic),19.35,779.2,Fiber optic,No,No,No,No,No,No,Male,0,No,Yes,No,0
2067,2018-12-01,,Month-to-month,No,Mailed check,19.9,283.75,Fiber optic,No,No,No,No,No,No,Male,0,No,No,No,0
2068,2016-04-01,2019-11-01,Month-to-month,Yes,Credit card (automatic),108.15,4600.7,Fiber optic,Yes,Yes,No,Yes,Yes,Yes,Female,1,No,No,No,1
2069,2015-06-01,,Month-to-month,Yes,Electronic check,101.05,5594.0,Fiber optic,No,No,Yes,No,Yes,Yes,Male,1,No,No,Yes,0
2070,2018-12-01,,One year,No,Credit card (automatic),59.1,772.85,DSL,No,No,No,Yes,No,Yes,Female,0,No,No,No,0
2071,2019-09-01,2019-10-01,Month-to-month,No,Electronic check,71.35,71.35,Fiber optic,No,No,No,No,No,No,Female,0,No,No,No,1
2072,2018-10-01,,One year,Yes,Mailed check,55.85,857.8,DSL,Yes,Yes,No,No,No,No,Male,0,Yes,Yes,No,0
2073,2014-04-01,,Month-to-month,Yes,Electronic check,106.05,7554.05,Fiber optic,Yes,Yes,No,No,Yes,Yes,Male,0,Yes,Yes,Yes,0
2074,2014-02-01,,Two year,Yes,Credit card (automatic),84.1,5981.65,DSL,Yes,Yes,Yes,No,Yes,Yes,Male,1,Yes,No,Yes,0
2075,2018-03-01,,Month-to-month,Yes,Credit card (automatic),75.3,1702.9,Fiber optic,No,No,Yes,No,No,No,Female,0,Yes,Yes,No,0
2076,2018-05-01,,Month-to-month,No,Mailed check,24.7,467.15,Fiber optic,No,No,No,No,No,No,Male,0,No,Yes,Yes,0
2077,2019-11-01,2019-12-01,Month-to-month,Yes,Mailed check,20.15,20.15,Fiber optic,No,No,No,No,No,No,Female,0,No,No,No,1
2078,2019-12-01,2020-01-01,Month-to-month,No,Bank transfer (automatic),69.75,69.75,Fiber optic,No,No,No,No,No,No,Male,0,No,Yes,No,1
2079,2017-03-01,2019-11-01,Month-to-month,Yes,Electronic check,93.2,2931.0,Fiber optic,No,No,No,No,Yes,Yes,Female,1,Yes,No,Yes,1
2080,2018-08-01,2020-01-01,Month-to-month,No,Electronic check,80.85,1400.85,Fiber optic,No,No,No,No,Yes,No,Male,0,Yes,Yes,No,1
2081,2019-09-01,2020-01-01,Month-to-month,Yes,Electronic check,33.65,137.85,DSL,Yes,Yes,No,No,No,No,Female,0,No,No,No,1
2082,2017-02-01,,One year,No,Electronic check,55.8,1941.5,DSL,No,No,Yes,No,No,No,Female,0,No,No,Yes,0
2083,2015-12-01,,Two year,No,Credit card (automatic),39.7,1932.75,DSL,No,Yes,Yes,Yes,No,No,Female,0,No,No,No,0
2084,2016-02-01,,Month-to-month,Yes,Credit card (automatic),29.5,1423.05,DSL,No,No,No,Yes,No,No,Female,0,Yes,Yes,No,0
2085,2015-12-01,,Two year,No,Credit card (automatic),20.15,970.85,Fiber optic,No,No,No,No,No,No,Female,0,No,Yes,No,0
2086,2014-02-01,,Two year,No,Credit card (automatic),79.55,5810.9,DSL,Yes,Yes,Yes,Yes,No,Yes,Male,0,Yes,No,Yes,0
2087,2019-04-01,,Month-to-month,No,Credit card (automatic),24.8,223.9,Fiber optic,No,No,No,No,No,No,Male,0,No,Yes,Yes,0
2088,2018-08-01,,Month-to-month,No,Mailed check,19.65,391.7,Fiber optic,No,No,No,No,No,No,Female,0,No,No,No,0
2089,2019-09-01,2019-10-01,Month-to-month,Yes,Electronic check,79.95,79.95,Fiber optic,No,No,No,No,Yes,No,Male,0,No,No,No,1
2090,2019-11-01,2019-12-01,Month-to-month,No,Electronic check,19.3,19.3,Fiber optic,No,No,No,No,No,No,Female,0,No,No,No,1
2091,2019-05-01,,Month-to-month,Yes,Electronic check,94.05,811.65,Fiber optic,No,No,Yes,No,Yes,Yes,Male,0,No,No,No,0
2092,2019-12-01,,Month-to-month,No,Mailed check,90.75,174.75,Fiber optic,Yes,No,No,No,No,Yes,Male,0,No,No,Yes,0
2093,2016-10-01,,Month-to-month,Yes,Credit card (automatic),78.85,3126.85,Fiber optic,No,No,No,Yes,No,No,Female,0,Yes,No,Yes,0
2094,2014-05-01,,One year,No,Bank transfer (automatic),99.5,6841.45,Fiber optic,No,No,Yes,No,Yes,Yes,Male,0,Yes,No,Yes,0
2095,2016-09-01,2019-10-01,One year,Yes,Electronic check,99.2,3754.6,Fiber optic,Yes,No,Yes,Yes,No,Yes,Female,0,Yes,No,Yes,1
2096,2018-08-01,,Month-to-month,Yes,Credit card (automatic),80.55,1406.65,Fiber optic,No,No,Yes,No,No,No,Male,0,No,Yes,Yes,0
2097,2019-03-01,,Month-to-month,Yes,Electronic check,70.2,834.7,Fiber optic,No,No,No,No,No,No,Male,1,Yes,No,No,0
2098,2019-03-01,2019-11-01,Month-to-month,Yes,Credit card (automatic),85.2,627.4,Fiber optic,No,No,No,No,No,Yes,Female,0,Yes,No,Yes,1
2099,2019-09-01,2019-12-01,Month-to-month,No,Electronic check,75.25,242.0,Fiber optic,No,No,No,No,No,No,Female,0,No,No,Yes,1
2100,2015-07-01,,One year,No,Credit card (automatic),59.45,3157.0,DSL,Yes,No,No,No,No,Yes,Male,0,Yes,Yes,No,0
2101,2017-05-01,,Month-to-month,Yes,Electronic check,93.35,3092.0,Fiber optic,No,Yes,Yes,No,No,Yes,Male,0,Yes,No,Yes,0
2102,2016-04-01,,Month-to-month,No,Bank transfer (automatic),44.95,2168.9,DSL,No,No,No,No,No,No,Female,0,No,No,No,0
2103,2017-04-01,,Two year,No,Bank transfer (automatic),26.1,980.35,Fiber optic,No,No,No,No,No,No,Male,0,No,No,Yes,0
2104,2019-11-01,,Month-to-month,No,Electronic check,20.2,65.95,Fiber optic,No,No,No,No,No,No,Female,0,No,No,No,0
2105,2017-08-01,,Two year,No,Mailed check,21.25,711.9,Fiber optic,No,No,No,No,No,No,Male,0,Yes,Yes,No,0
2106,2017-05-01,,One year,No,Electronic check,59.4,1952.8,DSL,Yes,No,No,Yes,No,No,Female,0,No,No,Yes,0
2107,2016-05-01,,One year,Yes,Credit card (automatic),95.0,4368.85,Fiber optic,No,Yes,Yes,No,No,Yes,Male,0,Yes,Yes,Yes,0
2108,2016-10-01,,Month-to-month,Yes,Mailed check,61.9,2647.1,DSL,Yes,Yes,No,Yes,No,No,Male,0,No,No,No,0
2109,2014-03-01,,Two year,Yes,Electronic check,118.65,8477.6,Fiber optic,Yes,Yes,Yes,Yes,Yes,Yes,Female,0,No,No,Yes,0
2110,2019-09-01,2019-10-01,Month-to-month,No,Electronic check,54.35,54.35,DSL,No,No,Yes,No,No,No,Male,0,No,No,Yes,1
2111,2014-02-01,,Two year,No,Bank transfer (automatic),64.45,4528.0,DSL,Yes,Yes,Yes,Yes,Yes,Yes,Female,0,Yes,Yes,No,0
2112,2018-04-01,,Month-to-month,Yes,Electronic check,80.15,1790.65,Fiber optic,No,No,No,No,No,Yes,Female,0,Yes,Yes,No,0
2113,2016-04-01,,One year,Yes,Bank transfer (automatic),20.2,845.6,Fiber optic,No,No,No,No,No,No,Male,0,Yes,Yes,No,0
2114,2015-07-01,,Two year,No,Mailed check,21.0,1210.3,Fiber optic,No,No,No,No,No,No,Female,0,Yes,Yes,No,0
2115,2019-02-01,,One year,Yes,Mailed check,75.85,854.45,DSL,No,No,No,Yes,Yes,Yes,Female,0,No,No,Yes,0
2116,2017-07-01,,Month-to-month,Yes,Electronic check,80.45,2429.1,Fiber optic,No,Yes,No,No,No,No,Male,0,No,No,Yes,0
2117,2019-08-01,2020-01-01,Month-to-month,Yes,Electronic check,24.95,100.4,DSL,No,No,No,No,No,No,Male,0,Yes,No,No,1
2118,2014-07-01,,Two year,Yes,Electronic check,75.5,5229.45,DSL,Yes,No,No,No,Yes,Yes,Female,0,Yes,Yes,Yes,0
2119,2020-01-01,,Month-to-month,No,Mailed check,44.45,44.45,DSL,No,No,No,No,No,No,Male,0,No,No,No,0
2120,2016-06-01,2019-10-01,One year,Yes,Electronic check,42.35,1716.45,DSL,Yes,Yes,Yes,No,No,No,Male,0,Yes,No,No,1
2121,2016-09-01,,Month-to-month,Yes,Credit card (automatic),74.55,3023.55,DSL,Yes,Yes,Yes,No,Yes,No,Male,0,Yes,Yes,Yes,0
2122,2019-10-01,2019-11-01,Month-to-month,Yes,Electronic check,75.3,75.3,Fiber optic,No,No,No,No,No,No,Male,0,No,No,Yes,1
2123,2015-08-01,2019-11-01,One year,Yes,Electronic check,94.8,4837.6,Fiber optic,Yes,Yes,No,No,Yes,No,Male,0,No,No,Yes,1
2124,2016-08-01,,Two year,No,Credit card (automatic),48.15,2032.3,DSL,Yes,No,Yes,Yes,Yes,No,Male,0,Yes,Yes,No,0
2125,2018-03-01,,One year,No,Mailed check,19.65,436.9,Fiber optic,No,No,No,No,No,No,Male,0,Yes,Yes,No,0
2126,2019-09-01,2019-10-01,Month-to-month,Yes,Electronic check,70.55,70.55,Fiber optic,No,No,No,No,No,No,Female,1,No,No,No,1
2127,2020-01-01,,Month-to-month,No,Mailed check,20.15,20.15,Fiber optic,No,No,No,No,No,No,Female,0,No,No,No,0
2128,2015-06-01,,Month-to-month,Yes,Credit card (automatic),106.6,5893.95,Fiber optic,Yes,Yes,No,No,Yes,Yes,Female,0,No,No,Yes,0
2129,2018-11-01,,Month-to-month,Yes,Electronic check,91.0,1430.05,Fiber optic,No,Yes,No,No,Yes,No,Male,0,No,Yes,Yes,0
2130,2019-02-01,,Two year,Yes,Bank transfer (automatic),25.4,313.0,Fiber optic,No,No,No,No,No,No,Male,0,Yes,Yes,Yes,0
2131,2015-08-01,,Two year,No,Bank transfer (automatic),69.95,3871.85,DSL,Yes,No,Yes,Yes,No,Yes,Female,0,Yes,Yes,No,0
2132,2019-07-01,,Month-to-month,Yes,Electronic check,66.85,458.1,DSL,No,No,No,No,Yes,Yes,Female,0,No,No,No,0
2133,2017-03-01,2019-12-01,Month-to-month,No,Credit card (automatic),86.15,2745.7,Fiber optic,No,No,No,No,No,Yes,Female,0,Yes,Yes,Yes,1
2134,2018-10-01,,Month-to-month,No,Electronic check,20.15,341.35,Fiber optic,No,No,No,No,No,No,Male,0,Yes,Yes,No,0
2135,2018-05-01,,One year,No,Mailed check,64.85,1336.8,DSL,Yes,No,Yes,No,No,Yes,Female,0,No,Yes,No,0
2136,2017-08-01,,Two year,No,Electronic check,74.85,2181.75,DSL,No,No,Yes,No,Yes,Yes,Male,1,Yes,No,Yes,0
2138,2019-03-01,,Month-to-month,No,Electronic check,72.9,818.45,Fiber optic,No,No,Yes,No,No,No,Male,0,No,No,No,0
2139,2014-12-01,,One year,Yes,Credit card (automatic),115.05,7133.45,Fiber optic,Yes,Yes,Yes,Yes,Yes,Yes,Female,0,No,No,Yes,0
2140,2018-08-01,,Month-to-month,No,Electronic check,19.0,348.8,Fiber optic,No,No,No,No,No,No,Male,0,No,No,No,0
2142,2016-04-01,,One year,Yes,Electronic check,101.1,4674.4,Fiber optic,No,No,Yes,No,Yes,Yes,Female,0,No,No,Yes,0
2143,2018-05-01,,Month-to-month,Yes,Electronic check,84.1,1737.45,Fiber optic,No,No,No,No,No,Yes,Male,0,No,No,Yes,0
2144,2014-06-01,,Two year,Yes,Bank transfer (automatic),24.15,1498.85,Fiber optic,No,No,No,No,No,No,Male,0,No,No,Yes,0
2145,2020-01-01,,Month-to-month,Yes,Electronic check,50.1,50.1,DSL,No,No,No,No,No,No,Female,0,No,No,Yes,0
2146,2018-01-01,,Month-to-month,Yes,Electronic check,74.6,1797.75,Fiber optic,No,No,Yes,No,No,No,Female,0,Yes,No,No,0
2147,2018-02-01,,Two year,No,Mailed check,19.75,498.1,Fiber optic,No,No,No,No,No,No,Female,0,No,Yes,No,0
2148,2017-05-01,2019-11-01,Month-to-month,Yes,Electronic check,85.0,2624.25,Fiber optic,No,No,No,No,No,Yes,Female,0,Yes,No,Yes,1
2149,2019-11-01,2020-01-01,Month-to-month,No,Electronic check,80.55,184.1,Fiber optic,No,No,No,No,No,Yes,Female,0,No,No,No,1
2150,2015-11-01,,One year,Yes,Bank transfer (automatic),106.8,5498.8,Fiber optic,No,Yes,Yes,No,Yes,Yes,Male,0,Yes,No,Yes,0
2151,2015-05-01,,Two year,Yes,Electronic check,84.5,4845.4,DSL,Yes,No,Yes,Yes,Yes,Yes,Female,0,Yes,Yes,Yes,0
2152,2018-11-01,,Two year,No,Bank transfer (automatic),25.05,369.1,Fiber optic,No,No,No,No,No,No,Female,0,No,No,Yes,0
2153,2014-02-01,,Two year,Yes,Bank transfer (automatic),83.7,6096.9,DSL,Yes,Yes,Yes,Yes,Yes,Yes,Female,0,Yes,Yes,No,0
2154,2019-11-01,2020-01-01,Month-to-month,Yes,Electronic check,75.8,160.75,Fiber optic,No,No,Yes,No,No,No,Female,0,No,No,No,1
2155,2017-10-01,,Month-to-month,No,Credit card (automatic),96.6,2684.35,Fiber optic,No,Yes,Yes,No,Yes,No,Male,0,Yes,No,Yes,0
2156,2017-05-01,2019-10-01,Month-to-month,Yes,Electronic check,98.5,3004.15,Fiber optic,No,No,Yes,No,Yes,Yes,Male,1,Yes,No,Yes,1
2157,2014-04-01,,Two year,Yes,Credit card (automatic),101.1,6994.8,Fiber optic,Yes,Yes,Yes,Yes,Yes,No,Male,0,Yes,Yes,No,0
2158,2019-01-01,,One year,No,Mailed check,20.2,273.25,Fiber optic,No,No,No,No,No,No,Female,0,No,No,No,0
2159,2015-03-01,,One year,Yes,Electronic check,94.05,5483.9,Fiber optic,Yes,Yes,Yes,Yes,No,No,Female,1,Yes,No,Yes,0
2160,2018-11-01,2019-12-01,Month-to-month,Yes,Electronic check,95.25,1233.65,Fiber optic,No,No,No,No,Yes,Yes,Male,1,Yes,No,Yes,1
2161,2019-06-01,2020-01-01,Month-to-month,Yes,Mailed check,74.4,527.9,Fiber optic,No,No,No,No,No,No,Male,1,Yes,No,Yes,1
2162,2014-12-01,,Two year,No,Mailed check,81.0,4985.9,DSL,Yes,No,Yes,Yes,Yes,Yes,Female,0,Yes,No,No,0
2163,2018-05-01,,One year,Yes,Electronic check,60.25,1258.35,DSL,Yes,No,Yes,Yes,No,No,Female,0,No,No,No,0
2164,2019-12-01,,Month-to-month,No,Electronic check,60.85,111.4,DSL,No,No,Yes,No,No,Yes,Female,0,No,No,No,0
2165,2020-01-01,,Month-to-month,No,Credit card (automatic),43.95,43.95,DSL,No,No,No,No,No,No,Female,0,No,No,No,0
2166,2019-10-01,,Month-to-month,No,Electronic check,86.05,308.1,Fiber optic,No,No,Yes,No,No,Yes,Male,0,No,No,No,0
2167,2018-07-01,,One year,No,Credit card (automatic),20.25,383.65,Fiber optic,No,No,No,No,No,No,Female,0,No,No,No,0
2168,2017-07-01,2020-01-01,Month-to-month,No,Electronic check,85.15,2555.9,Fiber optic,No,No,No,Yes,Yes,No,Female,0,No,No,No,1
2169,2014-07-01,,Two year,Yes,Credit card (automatic),19.4,1284.2,Fiber optic,No,No,No,No,No,No,Male,0,Yes,Yes,No,0
2170,2014-02-01,,Two year,Yes,Credit card (automatic),102.65,7550.3,Fiber optic,Yes,Yes,Yes,No,No,Yes,Male,1,Yes,No,Yes,0
2171,2015-09-01,,Two year,No,Credit card (automatic),19.9,1110.05,Fiber optic,No,No,No,No,No,No,Male,0,Yes,No,No,0
2172,2019-09-01,,One year,No,Electronic check,19.55,99.6,Fiber optic,No,No,No,No,No,No,Female,0,No,No,No,0
2173,2014-03-01,,Two year,Yes,Credit card (automatic),95.5,6707.15,Fiber optic,No,Yes,Yes,Yes,No,Yes,Male,1,Yes,No,No,0
2174,2015-12-01,,One year,Yes,Credit card (automatic),84.15,4164.4,DSL,No,Yes,Yes,Yes,Yes,Yes,Female,0,Yes,Yes,Yes,0
2175,2015-06-01,,Two year,Yes,Electronic check,103.2,5873.75,Fiber optic,No,No,Yes,Yes,Yes,Yes,Male,0,Yes,Yes,Yes,0
2176,2019-12-01,,Month-to-month,Yes,Credit card (automatic),50.2,109.25,DSL,No,No,No,Yes,No,No,Male,0,No,No,No,0
2177,2019-11-01,2020-01-01,Month-to-month,Yes,Electronic check,88.55,179.25,Fiber optic,No,No,Yes,No,No,Yes,Female,1,No,No,Yes,1
2178,2018-01-01,2020-01-01,Month-to-month,No,Electronic check,54.75,1338.15,DSL,Yes,No,No,No,No,No,Male,0,Yes,Yes,Yes,1
2179,2016-04-01,,Two year,No,Credit card (automatic),19.95,862.4,Fiber optic,No,No,No,No,No,No,Male,0,Yes,Yes,No,0
2180,2014-03-01,,Two year,Yes,Electronic check,116.25,8564.75,Fiber optic,Yes,Yes,Yes,Yes,Yes,Yes,Male,0,Yes,No,Yes,0
2181,2017-09-01,,Month-to-month,Yes,Electronic check,31.2,926.2,DSL,No,No,No,Yes,No,No,Female,0,No,No,No,0
2182,2014-05-01,,Two year,No,Bank transfer (automatic),24.45,1718.2,Fiber optic,No,No,No,No,No,No,Male,0,Yes,Yes,Yes,0
2183,2014-03-01,,Two year,No,Credit card (automatic),84.2,5956.85,DSL,No,Yes,Yes,Yes,Yes,Yes,Male,0,Yes,No,Yes,0
2184,2019-10-01,2019-11-01,Month-to-month,Yes,Electronic check,91.3,91.3,Fiber optic,No,No,No,No,Yes,Yes,Female,1,No,No,No,1
2185,2015-06-01,,Two year,Yes,Bank transfer (automatic),85.65,4824.45,DSL,Yes,Yes,Yes,Yes,Yes,Yes,Male,1,Yes,No,No,0
2186,2015-06-01,,One year,Yes,Mailed check,21.2,1238.65,Fiber optic,No,No,No,No,No,No,Male,0,No,Yes,No,0
2187,2019-09-01,2019-10-01,Month-to-month,Yes,Electronic check,79.5,79.5,Fiber optic,No,No,No,No,Yes,No,Male,0,No,No,No,1
2188,2017-10-01,,One year,No,Mailed check,25.55,672.2,Fiber optic,No,No,No,No,No,No,Female,0,Yes,No,Yes,0
2189,2018-07-01,,Month-to-month,No,Mailed check,20.2,382.2,Fiber optic,No,No,No,No,No,No,Female,0,Yes,Yes,No,0
2190,2014-08-01,,Month-to-month,No,Electronic check,63.85,4264.6,DSL,No,No,No,Yes,No,Yes,Male,0,Yes,No,Yes,0
2191,2018-09-01,,One year,Yes,Mailed check,61.95,1070.7,DSL,No,No,Yes,Yes,No,No,Female,0,Yes,Yes,Yes,0
2192,2015-10-01,,Two year,No,Mailed check,25.75,1345.85,Fiber optic,No,No,No,No,No,No,Male,0,Yes,Yes,Yes,0
2193,2018-07-01,,One year,No,Electronic check,58.2,1045.25,DSL,No,Yes,No,No,Yes,No,Female,0,No,No,No,0
2194,2017-02-01,,One year,No,Bank transfer (automatic),85.85,3003.55,DSL,Yes,Yes,Yes,Yes,Yes,Yes,Female,0,No,No,No,0
2195,2019-05-01,2019-12-01,Month-to-month,Yes,Mailed check,70.1,467.55,Fiber optic,No,No,No,No,No,No,Male,1,Yes,No,No,1
2196,2014-02-01,,One year,Yes,Credit card (automatic),104.9,7537.5,Fiber optic,Yes,Yes,Yes,Yes,No,Yes,Male,0,Yes,Yes,Yes,0
2197,2014-05-01,2019-12-01,One year,Yes,Electronic check,111.3,7482.1,Fiber optic,Yes,Yes,Yes,No,Yes,Yes,Male,0,Yes,Yes,Yes,1
2198,2017-04-01,,One year,Yes,Electronic check,99.85,3343.15,Fiber optic,No,Yes,Yes,No,Yes,Yes,Male,1,No,No,No,0
2199,2015-03-01,2019-12-01,Month-to-month,Yes,Bank transfer (automatic),95.25,5427.05,Fiber optic,No,Yes,Yes,No,No,Yes,Male,1,Yes,No,Yes,1
2200,2019-03-01,2019-10-01,Month-to-month,Yes,Electronic check,86.25,587.1,Fiber optic,No,No,Yes,No,Yes,No,Female,0,Yes,No,No,1
2201,2019-11-01,2019-12-01,Month-to-month,Yes,Electronic check,100.8,100.8,Fiber optic,No,No,Yes,No,Yes,Yes,Female,1,Yes,No,Yes,1
2202,2019-06-01,,Month-to-month,Yes,Bank transfer (automatic),19.55,161.15,Fiber optic,No,No,No,No,No,No,Male,0,Yes,No,No,0
2203,2014-05-01,,Two year,No,Electronic check,104.0,7028.5,Fiber optic,No,No,Yes,Yes,Yes,Yes,Female,0,No,No,Yes,0
2204,2015-12-01,,One year,Yes,Mailed check,104.4,5232.9,Fiber optic,Yes,No,Yes,No,Yes,Yes,Female,0,Yes,No,Yes,0
2205,2019-04-01,,One year,No,Mailed check,19.5,225.85,Fiber optic,No,No,No,No,No,No,Male,0,No,No,No,0
2206,2019-02-01,,Two year,No,Credit card (automatic),25.25,274.7,Fiber optic,No,No,No,No,No,No,Female,0,Yes,Yes,Yes,0
2207,2018-09-01,2019-11-01,Month-to-month,Yes,Electronic check,86.3,1180.95,Fiber optic,No,Yes,No,No,No,Yes,Female,0,No,No,No,1
2208,2014-04-01,,Two year,Yes,Bank transfer (automatic),49.85,3370.2,DSL,Yes,No,Yes,Yes,No,Yes,Female,0,Yes,No,No,0
2209,2014-10-01,,Month-to-month,Yes,Bank transfer (automatic),108.95,7111.3,Fiber optic,Yes,No,Yes,Yes,Yes,Yes,Female,1,No,No,Yes,0
2210,2014-08-01,,Two year,No,Credit card (automatic),89.9,5958.85,DSL,Yes,Yes,Yes,Yes,Yes,Yes,Female,0,Yes,Yes,Yes,0
2211,2014-03-01,,Two year,Yes,Credit card (automatic),82.0,5999.85,DSL,Yes,No,Yes,Yes,Yes,Yes,Female,0,Yes,Yes,No,0
2212,2018-06-01,,Month-to-month,No,Electronic check,89.95,1648.45,Fiber optic,No,No,No,No,Yes,Yes,Male,1,No,No,No,0
2213,2014-02-01,,Two year,Yes,Bank transfer (automatic),79.35,5753.25,DSL,Yes,Yes,No,Yes,Yes,Yes,Male,0,Yes,No,No,0
2214,2014-03-01,,Two year,No,Credit card (automatic),64.05,4492.9,DSL,Yes,Yes,Yes,Yes,No,No,Female,0,Yes,Yes,No,0
2215,2016-12-01,,Month-to-month,Yes,Credit card (automatic),101.15,3956.7,Fiber optic,No,No,Yes,No,Yes,Yes,Male,0,Yes,Yes,Yes,0
2216,2017-07-01,2019-11-01,Month-to-month,Yes,Electronic check,89.95,2625.55,Fiber optic,No,Yes,No,No,No,Yes,Female,0,No,No,Yes,1
2217,2018-07-01,2019-12-01,Month-to-month,Yes,Electronic check,76.45,1233.4,Fiber optic,No,Yes,No,No,No,No,Male,1,Yes,No,No,1
2218,2017-05-01,,One year,Yes,Electronic check,39.1,1309.0,DSL,No,Yes,No,No,Yes,No,Male,0,No,No,No,0
2219,2018-03-01,,Two year,No,Mailed check,34.6,813.45,DSL,Yes,No,No,Yes,No,No,Female,0,Yes,Yes,No,0
2220,2015-04-01,,One year,Yes,Electronic check,19.55,1108.8,Fiber optic,No,No,No,No,No,No,Male,0,Yes,Yes,No,0
2221,2014-04-01,,Two year,Yes,Bank transfer (automatic),104.45,7349.35,Fiber optic,No,Yes,No,Yes,Yes,Yes,Female,1,Yes,No,Yes,0
2222,2019-10-01,,Month-to-month,No,Electronic check,70.5,294.2,Fiber optic,No,No,No,No,No,No,Male,0,Yes,No,No,0
2223,2016-05-01,,Two year,No,Mailed check,20.35,929.2,Fiber optic,No,No,No,No,No,No,Male,0,Yes,Yes,No,0
2224,2019-02-01,2019-12-01,Month-to-month,Yes,Electronic check,70.0,740.0,Fiber optic,No,No,No,No,No,No,Male,0,No,No,No,1
2225,2017-02-01,,Two year,No,Credit card (automatic),19.45,754.5,Fiber optic,No,No,No,No,No,No,Male,0,Yes,Yes,No,0
2226,2015-08-01,,Month-to-month,Yes,Mailed check,69.9,3883.3,DSL,Yes,Yes,No,Yes,Yes,No,Male,0,No,No,No,0
2227,2018-03-01,,Two year,No,Mailed check,59.7,1414.2,DSL,No,Yes,No,Yes,No,No,Male,0,Yes,Yes,Yes,0
2228,2016-09-01,,One year,Yes,Credit card (automatic),78.35,3211.2,DSL,Yes,Yes,Yes,No,Yes,No,Female,0,Yes,Yes,Yes,0
2229,2019-09-01,,Month-to-month,Yes,Mailed check,71.45,371.6,Fiber optic,No,No,No,No,No,No,Male,1,No,No,No,0
2230,2017-11-01,,One year,Yes,Credit card (automatic),45.85,1246.4,DSL,No,Yes,Yes,No,No,Yes,Male,0,Yes,Yes,No,0
2231,2020-01-01,,Month-to-month,Yes,Electronic check,95.85,95.85,Fiber optic,No,No,No,Yes,Yes,Yes,Female,0,No,No,No,0
2232,2014-07-01,,Two year,No,Credit card (automatic),35.7,2545.7,DSL,Yes,No,No,Yes,No,No,Female,0,Yes,Yes,No,0
2233,2014-02-01,,Two year,Yes,Credit card (automatic),89.55,6448.85,DSL,Yes,Yes,Yes,Yes,Yes,Yes,Female,1,Yes,Yes,Yes,0
2234,2015-06-01,,Two year,Yes,Credit card (automatic),24.95,1468.9,Fiber optic,No,No,No,No,No,No,Female,0,Yes,Yes,Yes,0
2236,2014-08-01,,Month-to-month,Yes,Electronic check,100.8,6690.75,Fiber optic,No,Yes,No,No,Yes,Yes,Female,1,Yes,No,Yes,0
2237,2017-01-01,2019-11-01,One year,Yes,Mailed check,64.4,2088.75,DSL,Yes,Yes,No,Yes,No,No,Female,0,No,No,Yes,1
2238,2014-05-01,,Two year,No,Bank transfer (automatic),105.35,7240.65,Fiber optic,No,No,Yes,Yes,Yes,Yes,Female,0,Yes,No,Yes,0
2239,2019-10-01,2019-11-01,Month-to-month,Yes,Electronic check,102.45,102.45,Fiber optic,Yes,No,Yes,No,Yes,Yes,Female,0,Yes,Yes,Yes,1
2240,2016-10-01,,Two year,No,Credit card (automatic),19.65,830.25,Fiber optic,No,No,No,No,No,No,Female,0,No,No,No,0
2241,2017-08-01,,Month-to-month,Yes,Bank transfer (automatic),54.45,1588.7,DSL,Yes,No,No,No,No,No,Male,0,Yes,Yes,Yes,0
2242,2019-03-01,,Month-to-month,No,Mailed check,70.5,829.3,DSL,No,No,No,Yes,Yes,Yes,Female,0,No,No,No,0
2243,2018-11-01,,One year,No,Credit card (automatic),20.1,302.45,Fiber optic,No,No,No,No,No,No,Female,0,No,No,No,0
2244,2019-03-01,,Month-to-month,Yes,Electronic check,69.35,712.25,DSL,No,No,Yes,No,Yes,Yes,Male,0,No,No,No,0
2245,2014-10-01,,One year,No,Bank transfer (automatic),19.8,1336.65,Fiber optic,No,No,No,No,No,No,Female,0,Yes,Yes,No,0
2246,2014-02-01,,Two year,No,Bank transfer (automatic),74.4,5360.75,DSL,Yes,Yes,Yes,Yes,Yes,No,Male,1,Yes,No,No,0
2247,2014-02-01,,Two year,Yes,Bank transfer (automatic),93.05,6735.05,Fiber optic,Yes,Yes,Yes,Yes,No,No,Male,1,Yes,No,Yes,0
2248,2020-01-01,,Month-to-month,No,Mailed check,51.2,51.2,DSL,Yes,No,No,No,No,No,Female,0,No,Yes,No,0
2249,2018-11-01,,One year,No,Credit card (automatic),65.6,1010.0,DSL,Yes,Yes,Yes,Yes,No,No,Female,0,No,Yes,No,0
2250,2015-02-01,,One year,No,Credit card (automatic),80.55,4847.05,DSL,No,No,Yes,Yes,Yes,Yes,Female,0,No,No,Yes,0
2251,2015-06-01,,One year,No,Mailed check,52.7,3019.7,DSL,Yes,No,Yes,No,No,No,Male,0,No,No,No,0
2252,2019-06-01,,Two year,No,Mailed check,20.85,161.65,Fiber optic,No,No,No,No,No,No,Female,0,No,No,No,0
2253,2019-08-01,2019-11-01,Month-to-month,No,Credit card (automatic),80.1,217.55,Fiber optic,No,No,Yes,Yes,No,No,Female,0,No,No,No,1
2254,2016-01-01,,Month-to-month,Yes,Credit card (automatic),52.15,2583.75,DSL,No,No,No,No,No,No,Female,0,Yes,No,Yes,0
2255,2019-11-01,2020-01-01,Month-to-month,Yes,Electronic check,80.2,146.05,Fiber optic,No,No,No,No,Yes,No,Female,0,No,No,No,1
2256,2019-05-01,2019-11-01,Month-to-month,Yes,Bank transfer (automatic),98.15,567.45,Fiber optic,Yes,Yes,Yes,Yes,No,Yes,Female,0,No,No,No,1
2257,2014-04-01,,Two year,Yes,Bank transfer (automatic),114.95,7711.25,Fiber optic,Yes,Yes,Yes,Yes,Yes,Yes,Male,0,No,No,Yes,0
2258,2018-11-01,2019-11-01,Month-to-month,Yes,Mailed check,112.95,1384.75,Fiber optic,No,Yes,Yes,Yes,Yes,Yes,Male,0,No,No,Yes,1
2259,2015-10-01,,One year,Yes,Bank transfer (automatic),104.45,5481.25,Fiber optic,Yes,No,Yes,Yes,Yes,Yes,Male,1,Yes,No,No,0
2260,2014-02-01,,Two year,Yes,Credit card (automatic),113.65,8124.2,Fiber optic,Yes,Yes,Yes,Yes,Yes,Yes,Female,0,Yes,No,Yes,0
2261,2016-10-01,,Two year,Yes,Bank transfer (automatic),20.6,827.3,Fiber optic,No,No,No,No,No,No,Female,0,No,No,No,0
2262,2019-11-01,2019-12-01,Month-to-month,No,Mailed check,70.9,70.9,Fiber optic,No,No,No,No,No,No,Female,0,No,No,No,1
2263,2019-08-01,2019-11-01,Month-to-month,Yes,Electronic check,86.85,220.95,Fiber optic,No,No,Yes,No,Yes,No,Female,1,No,No,No,1
2264,2016-10-01,,Month-to-month,Yes,Electronic check,91.55,3673.6,Fiber optic,No,No,No,No,Yes,Yes,Female,1,No,No,No,0
2265,2020-01-01,,Month-to-month,Yes,Electronic check,49.85,49.85,DSL,No,No,Yes,No,No,No,Male,0,No,Yes,No,0
2266,2017-08-01,,One year,No,Credit card (automatic),19.8,576.65,Fiber optic,No,No,No,No,No,No,Male,0,Yes,No,No,0
2267,2017-12-01,2019-11-01,Month-to-month,Yes,Electronic check,99.85,2331.3,Fiber optic,Yes,No,No,Yes,Yes,Yes,Male,0,Yes,Yes,No,1
2268,2019-11-01,2019-12-01,Month-to-month,Yes,Electronic check,74.5,74.5,Fiber optic,No,No,No,No,No,No,Male,0,Yes,Yes,Yes,1
2269,2016-06-01,,Month-to-month,No,Electronic check,104.15,4495.65,Fiber optic,No,No,Yes,Yes,Yes,Yes,Female,1,Yes,No,Yes,0
2270,2014-08-01,2020-01-01,Month-to-month,Yes,Electronic check,109.15,6941.2,Fiber optic,No,Yes,Yes,Yes,Yes,Yes,Male,0,No,No,Yes,1
2271,2019-07-01,,Month-to-month,Yes,Electronic check,48.2,340.35,DSL,Yes,No,No,No,No,No,Female,1,No,No,No,0
2272,2014-02-01,,Two year,Yes,Credit card (automatic),25.1,1789.9,Fiber optic,No,No,No,No,No,No,Male,1,No,No,Yes,0
2273,2019-06-01,,Month-to-month,Yes,Credit card (automatic),100.15,908.55,Fiber optic,No,No,No,Yes,Yes,Yes,Female,1,No,No,Yes,0
2274,2018-08-01,2019-12-01,Month-to-month,Yes,Credit card (automatic),65.2,1043.35,DSL,No,No,Yes,No,No,Yes,Female,0,No,No,Yes,1
2275,2014-07-01,2020-01-01,Month-to-month,Yes,Credit card (automatic),99.5,6822.15,Fiber optic,No,No,Yes,No,Yes,Yes,Male,1,Yes,Yes,Yes,1
2276,2019-10-01,2019-11-01,Month-to-month,Yes,Mailed check,71.55,71.55,Fiber optic,No,No,No,No,No,No,Male,0,No,No,No,1
2277,2019-11-01,,Month-to-month,No,Mailed check,55.9,157.55,DSL,Yes,No,Yes,No,No,No,Male,0,No,Yes,No,0
2278,2015-05-01,2019-10-01,Month-to-month,No,Electronic check,93.9,5029.2,Fiber optic,Yes,No,Yes,No,No,Yes,Male,0,Yes,No,Yes,1
2279,2019-06-01,,Month-to-month,Yes,Credit card (automatic),64.4,581.7,DSL,No,No,Yes,Yes,No,Yes,Male,1,Yes,No,No,0
2280,2014-02-01,2019-11-01,Two year,Yes,Bank transfer (automatic),108.4,7318.2,Fiber optic,No,Yes,Yes,Yes,Yes,Yes,Male,1,Yes,No,Yes,1
2281,2019-09-01,,Month-to-month,Yes,Mailed check,85.3,420.45,Fiber optic,No,Yes,No,No,Yes,No,Female,0,No,No,No,0
2282,2014-02-01,,Two year,No,Mailed check,107.45,7576.7,Fiber optic,Yes,No,Yes,Yes,Yes,Yes,Female,0,Yes,Yes,Yes,0
2283,2018-09-01,2019-10-01,Month-to-month,Yes,Bank transfer (automatic),48.75,633.4,DSL,No,No,Yes,No,Yes,Yes,Female,0,Yes,No,No,1
2284,2019-06-01,2019-10-01,Month-to-month,Yes,Electronic check,85.65,321.65,Fiber optic,No,No,No,No,Yes,No,Female,0,No,No,Yes,1
2285,2015-08-01,,Two year,No,Credit card (automatic),91.3,4965.0,DSL,Yes,Yes,Yes,Yes,Yes,Yes,Female,0,Yes,Yes,Yes,0
2286,2014-02-01,,Two year,No,Bank transfer (automatic),85.95,6151.9,DSL,No,Yes,Yes,Yes,Yes,Yes,Male,0,Yes,No,Yes,0
2287,2018-10-01,2019-10-01,Month-to-month,Yes,Electronic check,106.7,1253.9,Fiber optic,No,Yes,Yes,No,Yes,Yes,Male,0,No,No,Yes,1
2288,2019-11-01,2019-12-01,Month-to-month,Yes,Electronic check,25.15,25.15,DSL,No,No,No,No,No,No,Male,0,No,No,No,1
2289,2020-01-01,,Month-to-month,No,Electronic check,45.2,45.2,DSL,No,No,No,No,No,No,Male,1,No,No,No,0
2290,2015-05-01,2019-11-01,One year,No,Electronic check,110.35,5893.15,Fiber optic,No,Yes,Yes,Yes,Yes,Yes,Female,0,Yes,No,Yes,1
2291,2014-05-01,,Two year,Yes,Credit card (automatic),79.2,5420.65,Fiber optic,No,No,Yes,No,No,No,Male,0,Yes,Yes,Yes,0
2292,2016-02-01,,Two year,No,Credit card (automatic),55.5,2627.35,DSL,Yes,Yes,No,No,No,No,Female,0,No,No,No,0
2293,2015-10-01,2019-10-01,One year,Yes,Credit card (automatic),103.25,5037.55,Fiber optic,Yes,Yes,No,No,Yes,Yes,Female,0,Yes,Yes,Yes,1
2294,2019-06-01,,Month-to-month,Yes,Electronic check,90.25,743.75,Fiber optic,No,No,No,Yes,No,Yes,Female,0,Yes,No,Yes,0
2295,2014-03-01,,Two year,Yes,Mailed check,91.25,6589.6,DSL,Yes,Yes,Yes,Yes,Yes,Yes,Male,0,Yes,Yes,Yes,0
2296,2019-10-01,2019-12-01,Month-to-month,Yes,Electronic check,47.8,92.45,DSL,Yes,No,No,No,No,No,Male,0,No,No,No,1
2297,2014-07-01,,One year,Yes,Credit card (automatic),100.9,6733.15,Fiber optic,Yes,Yes,No,No,Yes,Yes,Male,0,Yes,No,No,0
2298,2017-04-01,,Month-to-month,Yes,Bank transfer (automatic),97.7,3410.0,Fiber optic,No,Yes,No,No,Yes,Yes,Male,0,Yes,Yes,Yes,0
2299,2019-11-01,,Month-to-month,Yes,Electronic check,69.85,199.85,Fiber optic,No,No,No,No,No,No,Female,0,No,No,No,0
2300,2019-05-01,,One year,Yes,Mailed check,65.6,593.3,DSL,No,Yes,No,Yes,Yes,No,Female,0,Yes,Yes,No,0
2301,2014-03-01,,One year,Yes,Bank transfer (automatic),104.65,7288.4,Fiber optic,Yes,Yes,Yes,No,Yes,Yes,Male,0,Yes,Yes,No,0
2302,2015-05-01,,Two year,Yes,Credit card (automatic),90.45,5229.8,Fiber optic,No,No,No,Yes,Yes,No,Male,0,No,No,Yes,0
2303,2014-02-01,,Two year,Yes,Bank transfer (automatic),63.7,4464.8,DSL,Yes,Yes,Yes,Yes,Yes,Yes,Male,0,No,No,No,0
2304,2016-02-01,,Month-to-month,Yes,Electronic check,104.5,5068.05,Fiber optic,Yes,No,Yes,Yes,Yes,Yes,Female,1,Yes,Yes,No,0
2305,2018-08-01,,One year,No,Mailed check,20.1,401.85,Fiber optic,No,No,No,No,No,No,Male,0,No,No,No,0
2306,2016-07-01,,One year,Yes,Credit card (automatic),104.3,4451.85,Fiber optic,No,No,Yes,Yes,Yes,Yes,Male,0,Yes,Yes,Yes,0
2307,2014-02-01,,Two year,Yes,Bank transfer (automatic),93.25,6688.95,DSL,Yes,Yes,Yes,Yes,Yes,Yes,Female,0,Yes,Yes,Yes,0
2308,2017-03-01,,One year,Yes,Bank transfer (automatic),73.45,2661.1,DSL,No,No,No,Yes,Yes,Yes,Male,0,Yes,Yes,Yes,0
2309,2019-10-01,,Month-to-month,No,Mailed check,20.7,73.05,Fiber optic,No,No,No,No,No,No,Male,0,No,No,No,0
2310,2016-01-01,,Two year,No,Mailed check,25.25,1211.65,Fiber optic,No,No,No,No,No,No,Female,0,Yes,Yes,Yes,0
2311,2014-03-01,,Two year,No,Bank transfer (automatic),100.5,7030.65,Fiber optic,Yes,Yes,Yes,No,Yes,No,Female,0,Yes,Yes,Yes,0
2312,2019-03-01,,Month-to-month,No,Electronic check,90.6,1020.2,Fiber optic,No,No,No,No,Yes,Yes,Male,0,Yes,Yes,No,0
2313,2014-11-01,,Two year,Yes,Credit card (automatic),89.4,5597.65,DSL,Yes,Yes,Yes,Yes,Yes,Yes,Male,0,Yes,Yes,Yes,0
2314,2014-09-01,,Month-to-month,Yes,Bank transfer (automatic),95.45,6223.3,Fiber optic,No,Yes,Yes,No,Yes,No,Female,1,No,No,Yes,0
2315,2016-01-01,,Two year,No,Credit card (automatic),20.45,1024.65,Fiber optic,No,No,No,No,No,No,Female,0,No,Yes,No,0
2316,2017-07-01,2019-12-01,Month-to-month,Yes,Credit card (automatic),98.6,2933.2,Fiber optic,No,No,Yes,No,Yes,Yes,Female,0,No,No,Yes,1
2317,2018-10-01,2020-01-01,Month-to-month,Yes,Electronic check,83.05,1258.3,Fiber optic,No,No,Yes,Yes,No,No,Female,1,Yes,No,Yes,1
2318,2019-10-01,,Month-to-month,Yes,Electronic check,19.95,82.9,Fiber optic,No,No,No,No,No,No,Female,0,Yes,Yes,No,0
2319,2014-02-01,,One year,No,Credit card (automatic),109.15,7789.6,Fiber optic,No,Yes,Yes,Yes,Yes,Yes,Female,0,Yes,No,Yes,0
2320,2017-12-01,,Month-to-month,Yes,Credit card (automatic),85.7,2067.0,Fiber optic,No,No,Yes,No,Yes,No,Female,1,Yes,No,No,0
2321,2017-03-01,,Month-to-month,No,Bank transfer (automatic),102.05,3452.55,Fiber optic,No,No,Yes,No,Yes,Yes,Female,1,Yes,No,Yes,0
2322,2015-05-01,,One year,No,Electronic check,94.7,5468.95,Fiber optic,No,Yes,No,Yes,No,Yes,Female,0,No,No,Yes,0
2323,2017-10-01,,Month-to-month,No,Electronic check,64.4,1802.15,DSL,No,Yes,No,No,No,Yes,Male,0,Yes,Yes,Yes,0
2324,2018-01-01,,One year,Yes,Mailed check,26.8,733.55,Fiber optic,No,No,No,No,No,No,Female,0,Yes,No,Yes,0
2325,2016-03-01,,One year,Yes,Credit card (automatic),66.05,3021.45,DSL,Yes,No,Yes,No,Yes,No,Female,0,Yes,No,No,0
2326,2015-05-01,,Month-to-month,No,Bank transfer (automatic),65.2,3687.85,DSL,Yes,Yes,No,Yes,No,No,Female,0,Yes,Yes,Yes,0
2327,2018-10-01,,Month-to-month,Yes,Credit card (automatic),85.05,1391.15,Fiber optic,No,No,No,No,Yes,No,Male,1,Yes,No,Yes,0
2328,2019-09-01,,Month-to-month,Yes,Mailed check,55.8,274.35,DSL,Yes,No,Yes,No,No,No,Male,0,No,No,No,0
2329,2018-07-01,2019-12-01,Month-to-month,Yes,Bank transfer (automatic),70.4,1214.05,Fiber optic,No,No,No,No,No,No,Male,0,Yes,No,No,1
2330,2015-03-01,2019-11-01,One year,Yes,Bank transfer (automatic),104.75,5510.65,Fiber optic,No,Yes,Yes,No,Yes,Yes,Female,1,No,No,Yes,1
2331,2014-02-01,,Two year,No,Bank transfer (automatic),19.95,1322.85,Fiber optic,No,No,No,No,No,No,Male,0,Yes,Yes,No,0
2332,2018-04-01,2020-01-01,Month-to-month,Yes,Electronic check,94.25,1973.75,Fiber optic,No,No,No,No,Yes,Yes,Female,1,No,No,Yes,1
2333,2016-02-01,,One year,No,Credit card (automatic),45.0,2196.3,DSL,Yes,No,Yes,No,No,Yes,Female,0,Yes,Yes,No,0
2334,2014-06-01,,Two year,No,Bank transfer (automatic),114.9,7843.55,Fiber optic,Yes,Yes,Yes,Yes,Yes,Yes,Female,0,Yes,No,Yes,0
2335,2017-08-01,,Month-to-month,No,Bank transfer (automatic),106.4,3211.9,Fiber optic,Yes,No,No,Yes,Yes,Yes,Female,0,No,No,Yes,0
2336,2019-11-01,,Month-to-month,Yes,Mailed check,46.1,130.15,DSL,No,No,No,No,No,No,Female,0,Yes,No,No,0
2337,2018-12-01,,Two year,No,Mailed check,39.7,692.35,DSL,Yes,No,Yes,Yes,No,No,Female,1,No,No,No,0
2338,2019-10-01,,Month-to-month,Yes,Bank transfer (automatic),20.05,85.5,Fiber optic,No,No,No,No,No,No,Female,0,No,Yes,No,0
2339,2014-03-01,,Two year,Yes,Credit card (automatic),95.75,6849.4,Fiber optic,No,Yes,Yes,No,No,Yes,Female,0,Yes,Yes,Yes,0
2340,2019-06-01,,One year,No,Mailed check,24.4,203.95,Fiber optic,No,No,No,No,No,No,Male,0,Yes,Yes,Yes,0
2341,2015-01-01,,Month-to-month,No,Bank transfer (automatic),33.6,2117.2,DSL,Yes,No,Yes,No,No,No,Male,0,Yes,Yes,No,0
2342,2014-02-01,,Two year,No,Bank transfer (automatic),90.45,6565.85,Fiber optic,No,Yes,Yes,Yes,No,No,Male,0,Yes,Yes,Yes,0
2343,2019-09-01,,Month-to-month,Yes,Electronic check,84.0,424.75,Fiber optic,No,No,No,No,Yes,No,Female,0,No,No,Yes,0
2344,2016-01-01,,Two year,No,Bank transfer (automatic),67.4,3306.85,DSL,Yes,Yes,Yes,Yes,No,No,Female,0,No,No,No,0
2345,2019-06-01,,Month-to-month,Yes,Bank transfer (automatic),19.7,168.9,Fiber optic,No,No,No,No,No,No,Male,0,No,No,No,0
2346,2019-11-01,,Month-to-month,Yes,Electronic check,80.35,253.8,Fiber optic,No,No,No,No,No,Yes,Male,0,No,No,No,0
2347,2019-05-01,,Two year,No,Mailed check,19.6,197.4,Fiber optic,No,No,No,No,No,No,Male,0,Yes,Yes,No,0
2348,2014-07-01,,Two year,Yes,Bank transfer (automatic),54.2,3838.2,DSL,Yes,Yes,No,No,No,No,Male,0,Yes,Yes,No,0
2349,2016-04-01,,Month-to-month,Yes,Credit card (automatic),45.2,2065.15,DSL,No,No,No,No,No,No,Male,0,No,No,No,0
2350,2014-07-01,,One year,No,Mailed check,75.1,5064.45,DSL,Yes,Yes,Yes,No,No,Yes,Female,0,Yes,No,Yes,0
2351,2015-07-01,,One year,No,Electronic check,19.7,1140.05,Fiber optic,No,No,No,No,No,No,Female,0,Yes,No,No,0
2352,2017-05-01,,Month-to-month,Yes,Bank transfer (automatic),72.75,2447.45,DSL,Yes,Yes,Yes,No,Yes,No,Male,0,Yes,No,Yes,0
2353,2014-12-01,,Two year,No,Credit card (automatic),20.05,1263.9,Fiber optic,No,No,No,No,No,No,Male,0,Yes,Yes,No,0
2354,2019-12-01,2020-01-01,Month-to-month,No,Mailed check,45.95,45.95,DSL,No,No,No,No,No,No,Female,0,No,Yes,No,1
2355,2016-01-01,,Month-to-month,Yes,Electronic check,39.2,1838.15,DSL,Yes,No,No,No,No,Yes,Male,0,Yes,Yes,No,0
2356,2020-01-01,,Month-to-month,Yes,Electronic check,44.75,44.75,DSL,No,No,No,No,No,No,Male,0,No,No,No,0
2357,2018-12-01,,Month-to-month,Yes,Electronic check,82.65,1185.0,Fiber optic,No,Yes,Yes,No,No,No,Male,0,Yes,No,Yes,0
2358,2018-08-01,,Month-to-month,No,Bank transfer (automatic),93.9,1743.9,Fiber optic,No,No,Yes,Yes,Yes,No,Male,1,No,No,Yes,0
2359,2019-09-01,2019-10-01,Month-to-month,Yes,Electronic check,70.15,70.15,Fiber optic,No,No,No,No,No,No,Female,1,No,No,No,1
2360,2019-12-01,2020-01-01,Month-to-month,Yes,Credit card (automatic),85.55,85.55,Fiber optic,No,No,Yes,No,Yes,No,Female,0,No,No,No,1
2361,2014-02-01,,Two year,Yes,Credit card (automatic),117.15,8529.5,Fiber optic,Yes,Yes,Yes,Yes,Yes,Yes,Female,0,Yes,No,Yes,0
2362,2014-10-01,,Two year,No,Credit card (automatic),99.25,6549.45,Fiber optic,Yes,No,Yes,Yes,No,Yes,Male,0,No,No,Yes,0
2363,2014-05-01,,Two year,Yes,Bank transfer (automatic),112.55,7806.5,Fiber optic,Yes,Yes,Yes,Yes,Yes,Yes,Male,0,Yes,No,Yes,0
2364,2020-01-01,,Month-to-month,Yes,Electronic check,25.7,25.7,Fiber optic,No,No,No,No,No,No,Female,0,No,No,Yes,0
2365,2014-03-01,,Two year,No,Credit card (automatic),90.3,6287.3,DSL,Yes,Yes,Yes,Yes,Yes,Yes,Male,0,Yes,Yes,Yes,0
2366,2014-08-01,,One year,Yes,Credit card (automatic),49.4,3251.85,DSL,No,No,No,Yes,No,No,Female,0,Yes,Yes,No,0
2367,2019-12-01,,Month-to-month,No,Mailed check,19.4,50.6,Fiber optic,No,No,No,No,No,No,Male,0,No,No,No,0
2368,2014-03-01,,Two year,Yes,Bank transfer (automatic),109.7,7904.25,Fiber optic,Yes,Yes,Yes,Yes,Yes,Yes,Female,1,Yes,No,No,0
2369,2019-03-01,,One year,Yes,Electronic check,61.25,729.95,DSL,No,Yes,No,No,Yes,No,Male,0,No,No,No,0
2370,2016-03-01,,Month-to-month,Yes,Electronic check,55.3,2654.05,DSL,Yes,Yes,No,No,No,No,Male,0,No,Yes,No,0
2371,2017-02-01,2020-01-01,Month-to-month,Yes,Electronic check,70.3,2416.55,Fiber optic,No,No,No,No,No,No,Female,0,Yes,No,No,1
2372,2017-05-01,2020-01-01,Month-to-month,No,Bank transfer (automatic),106.35,3520.75,Fiber optic,No,Yes,Yes,No,Yes,Yes,Male,1,Yes,No,Yes,1
2373,2015-02-01,,Month-to-month,Yes,Bank transfer (automatic),103.75,5969.95,Fiber optic,No,Yes,No,Yes,Yes,Yes,Male,0,Yes,Yes,Yes,0
2374,2019-03-01,,One year,No,Mailed check,19.5,226.8,Fiber optic,No,No,No,No,No,No,Male,0,No,No,No,0
2375,2017-09-01,,One year,No,Credit card (automatic),39.5,1082.75,DSL,Yes,Yes,No,Yes,No,No,Female,0,No,No,No,0
2376,2018-05-01,,Month-to-month,Yes,Electronic check,26.05,565.75,DSL,No,No,No,No,No,No,Male,0,Yes,Yes,No,0
2377,2016-02-01,,Month-to-month,Yes,Credit card (automatic),91.05,4370.75,Fiber optic,No,No,Yes,No,No,Yes,Male,1,Yes,No,Yes,0
2378,2019-11-01,,Month-to-month,No,Mailed check,29.65,90.05,DSL,No,Yes,No,No,No,No,Female,0,No,Yes,No,0
2379,2016-07-01,,Month-to-month,No,Mailed check,50.2,2169.4,DSL,No,Yes,No,No,No,No,Female,0,Yes,Yes,No,0
2380,2019-09-01,,Month-to-month,No,Electronic check,105.3,550.6,Fiber optic,No,Yes,Yes,No,Yes,Yes,Male,0,No,No,Yes,0
2381,2020-01-01,,Month-to-month,Yes,Electronic check,55.45,55.45,DSL,No,No,No,No,No,Yes,Female,0,No,No,No,0
2382,2014-03-01,,One year,No,Electronic check,85.45,6300.85,DSL,Yes,No,Yes,Yes,Yes,Yes,Male,0,Yes,Yes,Yes,0
2383,2019-06-01,,One year,No,Electronic check,19.8,160.05,Fiber optic,No,No,No,No,No,No,Female,0,Yes,Yes,No,0
2384,2019-06-01,,Month-to-month,Yes,Electronic check,59.25,436.6,DSL,No,No,No,No,Yes,No,Male,0,No,No,Yes,0
2385,2018-06-01,,Month-to-month,Yes,Credit card (automatic),90.7,1781.35,Fiber optic,No,No,Yes,No,Yes,No,Male,0,No,No,Yes,0
2386,2017-02-01,2019-11-01,One year,Yes,Mailed check,103.7,3467.0,Fiber optic,Yes,No,Yes,No,Yes,Yes,Female,0,Yes,Yes,Yes,1
2387,2014-03-01,,One year,Yes,Credit card (automatic),79.05,5552.5,Fiber optic,No,Yes,No,No,No,No,Male,0,No,No,Yes,0
2388,2017-07-01,,One year,Yes,Electronic check,90.7,2835.5,Fiber optic,No,No,Yes,No,Yes,No,Female,1,Yes,No,Yes,0
2389,2016-12-01,,One year,No,Credit card (automatic),95.0,3591.25,Fiber optic,Yes,Yes,No,No,No,Yes,Female,1,Yes,No,Yes,0
2390,2019-11-01,2019-12-01,Month-to-month,Yes,Electronic check,88.35,88.35,Fiber optic,No,No,No,No,Yes,Yes,Male,0,No,No,No,1
2391,2019-12-01,,Month-to-month,Yes,Mailed check,30.25,63.75,DSL,No,Yes,No,No,No,No,Female,0,Yes,Yes,No,0
2392,2019-02-01,,Month-to-month,Yes,Bank transfer (automatic),49.85,617.15,DSL,No,No,Yes,No,Yes,Yes,Female,0,Yes,No,No,0
2393,2019-05-01,,Month-to-month,No,Bank transfer (automatic),93.0,870.25,Fiber optic,Yes,No,Yes,Yes,No,Yes,Female,0,No,Yes,No,0
2394,2019-03-01,,Month-to-month,Yes,Electronic check,54.55,601.25,DSL,No,Yes,No,Yes,No,No,Male,1,No,Yes,No,0
2395,2019-08-01,,Month-to-month,No,Mailed check,19.7,111.65,Fiber optic,No,No,No,No,No,No,Male,0,No,Yes,No,0
2396,2014-03-01,,One year,Yes,Bank transfer (automatic),84.8,6046.1,DSL,Yes,Yes,Yes,Yes,Yes,Yes,Female,0,Yes,No,No,0
2397,2016-08-01,,One year,Yes,Credit card (automatic),94.45,3923.8,Fiber optic,Yes,Yes,No,No,Yes,No,Female,0,Yes,Yes,Yes,0
2398,2019-05-01,2020-01-01,Month-to-month,Yes,Electronic check,94.2,777.3,Fiber optic,No,No,Yes,No,Yes,Yes,Female,0,Yes,Yes,No,1
2399,2019-07-01,2019-12-01,Month-to-month,Yes,Electronic check,96.25,512.45,Fiber optic,No,Yes,No,No,Yes,Yes,Female,0,No,No,No,1
2400,2019-11-01,2020-01-01,Month-to-month,Yes,Electronic check,70.7,141.45,Fiber optic,No,No,No,No,No,No,Female,0,Yes,No,No,1
2401,2016-05-01,,Two year,No,Mailed check,20.85,892.15,Fiber optic,No,No,No,No,No,No,Female,0,Yes,Yes,No,0
2402,2017-10-01,,One year,Yes,Credit card (automatic),60.0,1682.05,DSL,No,Yes,Yes,Yes,Yes,Yes,Male,0,Yes,Yes,No,0
2403,2016-07-01,,Month-to-month,No,Electronic check,80.45,3398.9,Fiber optic,No,Yes,No,No,No,No,Female,0,Yes,No,Yes,0
2404,2015-02-01,,Two year,Yes,Electronic check,84.95,4984.85,DSL,Yes,No,Yes,Yes,Yes,Yes,Male,0,No,Yes,Yes,0
2405,2016-07-01,2020-01-01,One year,No,Mailed check,33.55,1445.3,DSL,No,Yes,No,Yes,No,No,Female,0,Yes,No,No,1
2406,2019-07-01,,Two year,No,Credit card (automatic),49.65,305.55,DSL,Yes,No,Yes,Yes,No,Yes,Male,0,Yes,Yes,No,0
2407,2018-01-01,,One year,Yes,Bank transfer (automatic),20.2,507.9,Fiber optic,No,No,No,No,No,No,Female,0,Yes,No,No,0
2408,2016-06-01,2019-10-01,Month-to-month,Yes,Credit card (automatic),94.55,3640.45,Fiber optic,No,No,No,No,Yes,Yes,Female,1,Yes,Yes,Yes,1
2409,2017-11-01,,One year,Yes,Bank transfer (automatic),100.5,2673.45,Fiber optic,No,No,Yes,No,Yes,Yes,Male,0,No,No,Yes,0
2410,2019-04-01,,Month-to-month,No,Electronic check,35.75,389.8,DSL,No,Yes,No,Yes,No,No,Male,0,No,No,No,0
2411,2017-11-01,,Month-to-month,Yes,Bank transfer (automatic),86.45,2401.05,Fiber optic,No,Yes,Yes,No,No,No,Female,1,No,No,Yes,0
2412,2019-03-01,,One year,No,Bank transfer (automatic),53.8,651.55,DSL,No,No,Yes,Yes,No,No,Female,0,No,No,No,0
2413,2019-10-01,,Month-to-month,No,Credit card (automatic),38.55,156.1,DSL,Yes,No,No,No,Yes,No,Male,0,Yes,Yes,No,0
2414,2014-06-01,,Month-to-month,Yes,Bank transfer (automatic),39.9,2796.35,DSL,No,No,Yes,No,No,Yes,Male,0,No,No,No,0
2415,2020-01-01,,Month-to-month,Yes,Electronic check,70.05,70.05,Fiber optic,No,No,No,No,No,No,Male,1,No,No,No,0
2416,2018-08-01,,One year,No,Mailed check,20.1,407.05,Fiber optic,No,No,No,No,No,No,Female,0,No,No,No,0
2417,2015-02-01,2019-11-01,Two year,Yes,Bank transfer (automatic),112.95,6465.0,Fiber optic,Yes,Yes,Yes,No,Yes,Yes,Female,0,No,No,Yes,1
2418,2017-12-01,,Month-to-month,Yes,Electronic check,20.3,511.25,Fiber optic,No,No,No,No,No,No,Male,0,No,No,No,0
2419,2018-09-01,,Month-to-month,Yes,Credit card (automatic),35.65,646.05,DSL,No,Yes,Yes,No,No,No,Female,0,Yes,No,No,0
2420,2019-12-01,2020-01-01,Month-to-month,No,Electronic check,35.9,35.9,DSL,No,No,No,No,No,Yes,Male,0,No,No,No,1
2421,2016-09-01,2019-11-01,Month-to-month,Yes,Bank transfer (automatic),99.25,3777.15,Fiber optic,No,No,Yes,No,Yes,Yes,Male,0,No,Yes,Yes,1
2422,2015-03-01,,One year,Yes,Credit card (automatic),82.95,4903.15,Fiber optic,Yes,Yes,Yes,No,No,No,Male,1,Yes,No,No,0
2423,2017-08-01,,Two year,Yes,Mailed check,55.65,1653.85,DSL,Yes,No,Yes,No,No,No,Male,0,No,No,No,0
2424,2019-11-01,2020-01-01,Month-to-month,Yes,Mailed check,24.45,47.5,DSL,No,No,No,No,No,No,Male,1,No,No,No,1
2425,2015-12-01,,One year,No,Electronic check,25.2,1306.3,Fiber optic,No,No,No,No,No,No,Female,1,Yes,No,Yes,0
2426,2019-05-01,,One year,No,Mailed check,50.8,463.6,DSL,Yes,No,Yes,Yes,No,Yes,Male,0,No,No,No,0
2427,2019-11-01,,Month-to-month,No,Mailed check,19.65,60.65,Fiber optic,No,No,No,No,No,No,Female,0,Yes,Yes,No,0
2428,2018-12-01,,Month-to-month,Yes,Credit card (automatic),59.8,824.85,DSL,No,No,Yes,No,Yes,No,Female,0,No,Yes,No,0
2429,2017-07-01,,Month-to-month,Yes,Credit card (automatic),73.55,2094.65,Fiber optic,Yes,No,No,No,No,No,Female,1,No,No,No,0
2430,2019-07-01,,Month-to-month,No,Electronic check,61.4,438.9,DSL,Yes,Yes,Yes,No,No,No,Female,0,No,No,No,0
2431,2019-05-01,2020-01-01,Month-to-month,Yes,Bank transfer (automatic),103.35,847.3,Fiber optic,Yes,No,No,Yes,Yes,Yes,Female,0,No,No,Yes,1
2432,2018-09-01,,One year,No,Bank transfer (automatic),19.9,329.75,Fiber optic,No,No,No,No,No,No,Male,0,Yes,Yes,No,0
2433,2017-06-01,,Month-to-month,Yes,Credit card (automatic),19.45,674.55,Fiber optic,No,No,No,No,No,No,Male,0,Yes,Yes,No,0
2434,2019-12-01,,Month-to-month,No,Mailed check,81.5,162.55,Fiber optic,No,No,No,No,Yes,No,Female,1,No,No,No,0
2435,2019-03-01,2019-10-01,Month-to-month,Yes,Electronic check,84.8,546.95,Fiber optic,No,No,No,No,Yes,No,Male,1,No,No,Yes,1
2436,2014-02-01,,Two year,No,Credit card (automatic),109.55,7887.25,Fiber optic,Yes,Yes,Yes,No,Yes,Yes,Female,0,Yes,Yes,Yes,0
2437,2017-05-01,2019-12-01,Month-to-month,Yes,Electronic check,99.95,3186.65,Fiber optic,No,Yes,No,No,Yes,Yes,Female,1,No,No,Yes,1
2438,2017-11-01,,Month-to-month,No,Mailed check,74.4,1972.35,Fiber optic,Yes,No,No,No,No,No,Female,0,Yes,Yes,No,0
2439,2018-04-01,2019-10-01,Month-to-month,Yes,Credit card (automatic),90.0,1527.35,Fiber optic,No,Yes,No,No,Yes,No,Female,0,No,No,Yes,1
2440,2019-07-01,,Month-to-month,Yes,Electronic check,74.9,490.55,Fiber optic,No,No,Yes,No,No,No,Male,0,No,No,No,0
2441,2018-11-01,2020-01-01,Month-to-month,Yes,Electronic check,104.85,1531.4,Fiber optic,No,Yes,Yes,No,Yes,Yes,Female,1,No,No,Yes,1
2442,2019-03-01,,Month-to-month,Yes,Bank transfer (automatic),59.65,683.25,DSL,No,No,Yes,No,Yes,No,Male,0,Yes,Yes,No,0
2443,2014-02-01,,Two year,Yes,Bank transfer (automatic),110.45,8058.85,Fiber optic,Yes,No,Yes,Yes,Yes,Yes,Female,0,Yes,Yes,Yes,0
2444,2017-06-01,2019-10-01,One year,No,Electronic check,106.1,2847.4,Fiber optic,Yes,Yes,No,No,Yes,Yes,Male,0,Yes,Yes,Yes,1
2445,2018-08-01,2019-11-01,Month-to-month,Yes,Credit card (automatic),74.2,1133.9,Fiber optic,No,No,No,No,No,No,Male,1,No,No,Yes,1
2446,2019-10-01,,Month-to-month,Yes,Electronic check,74.45,294.45,Fiber optic,No,No,No,No,No,No,Female,1,No,No,Yes,0
2447,2014-03-01,,Two year,No,Electronic check,24.55,1719.15,Fiber optic,No,No,No,No,No,No,Female,0,No,No,Yes,0
2448,2019-06-01,2019-11-01,Month-to-month,Yes,Electronic check,89.35,461.7,Fiber optic,No,Yes,No,Yes,No,Yes,Female,0,No,No,No,1
2449,2016-03-01,,Two year,No,Mailed check,24.55,1160.45,Fiber optic,No,No,No,No,No,No,Male,0,Yes,Yes,Yes,0
2450,2015-05-01,,One year,Yes,Electronic check,90.65,5199.8,Fiber optic,No,Yes,Yes,No,Yes,No,Male,1,Yes,No,No,0
2451,2015-12-01,,Two year,Yes,Credit card (automatic),105.05,5163.3,Fiber optic,Yes,No,Yes,No,Yes,Yes,Male,1,Yes,No,Yes,0
2452,2019-06-01,,Month-to-month,Yes,Credit card (automatic),20.45,162.3,Fiber optic,No,No,No,No,No,No,Male,0,No,No,No,0
2453,2016-02-01,,Two year,No,Mailed check,19.55,883.35,Fiber optic,No,No,No,No,No,No,Female,0,Yes,Yes,No,0
2454,2014-04-01,,One year,No,Bank transfer (automatic),19.7,1341.5,Fiber optic,No,No,No,No,No,No,Female,0,No,No,No,0
2455,2020-01-01,,Month-to-month,Yes,Bank transfer (automatic),70.45,70.45,DSL,Yes,Yes,No,Yes,No,Yes,Male,0,No,Yes,No,0
2456,2019-06-01,,Month-to-month,Yes,Bank transfer (automatic),85.65,659.45,Fiber optic,No,No,No,No,No,Yes,Male,0,Yes,No,Yes,0
2457,2019-11-01,2019-12-01,Month-to-month,Yes,Electronic check,77.15,77.15,Fiber optic,No,No,No,No,No,No,Female,0,No,No,Yes,1
2458,2019-12-01,2020-01-01,Month-to-month,Yes,Bank transfer (automatic),35.25,35.25,DSL,No,No,No,No,No,Yes,Male,0,No,No,No,1
2459,2015-02-01,,Two year,No,Mailed check,20.55,1205.05,Fiber optic,No,No,No,No,No,No,Male,0,Yes,Yes,No,0
2460,2016-01-01,,One year,Yes,Electronic check,97.95,4917.9,Fiber optic,No,No,No,Yes,Yes,Yes,Male,0,Yes,Yes,Yes,0
2461,2019-09-01,2020-01-01,Month-to-month,Yes,Electronic check,48.55,201.0,DSL,No,Yes,No,No,Yes,Yes,Male,0,Yes,No,No,1
2462,2017-09-01,,One year,No,Mailed check,20.0,599.3,Fiber optic,No,No,No,No,No,No,Female,0,No,No,No,0
2463,2014-07-01,,Two year,Yes,Credit card (automatic),25.25,1733.15,Fiber optic,No,No,No,No,No,No,Female,0,Yes,No,Yes,0
2464,2015-07-01,2019-12-01,Month-to-month,Yes,Credit card (automatic),98.4,5149.5,Fiber optic,No,Yes,No,No,Yes,Yes,Female,0,Yes,No,Yes,1
2465,2014-07-01,,Two year,No,Credit card (automatic),70.9,4677.1,DSL,Yes,Yes,Yes,Yes,No,No,Male,0,Yes,No,Yes,0
2466,2019-08-01,,Month-to-month,No,Mailed check,19.85,119.3,Fiber optic,No,No,No,No,No,No,Female,0,Yes,Yes,No,0
2467,2016-03-01,,Month-to-month,Yes,Electronic check,106.35,4849.1,Fiber optic,No,Yes,Yes,No,Yes,Yes,Female,0,No,No,Yes,0
2468,2015-09-01,,Two year,No,Mailed check,99.5,5424.25,Fiber optic,Yes,Yes,Yes,Yes,No,Yes,Female,0,No,No,No,0
2469,2014-05-01,,Two year,Yes,Mailed check,84.7,5878.9,DSL,Yes,Yes,Yes,Yes,Yes,Yes,Male,0,Yes,No,No,0
2470,2019-11-01,,Month-to-month,Yes,Mailed check,86.05,244.85,Fiber optic,Yes,No,No,No,No,Yes,Male,0,No,No,No,0
2471,2019-10-01,,Month-to-month,No,Mailed check,44.55,220.75,DSL,No,No,No,No,No,No,Male,0,No,No,No,0
2472,2015-06-01,,Two year,Yes,Credit card (automatic),75.85,4261.2,DSL,Yes,Yes,No,Yes,No,Yes,Male,0,Yes,Yes,Yes,0
2473,2014-12-01,2019-11-01,Month-to-month,Yes,Bank transfer (automatic),93.85,5574.75,Fiber optic,No,No,No,No,Yes,Yes,Male,1,Yes,No,Yes,1
2474,2015-01-01,,Two year,No,Bank transfer (automatic),25.0,1501.75,Fiber optic,No,No,No,No,No,No,Male,1,Yes,No,Yes,0
2475,2019-12-01,,Month-to-month,Yes,Electronic check,45.0,89.75,DSL,No,No,No,No,No,No,Female,0,Yes,No,No,0
2476,2016-02-01,2019-12-01,Month-to-month,Yes,Electronic check,100.7,4541.2,Fiber optic,Yes,Yes,Yes,No,Yes,No,Male,1,Yes,Yes,Yes,1
2477,2019-02-01,,Month-to-month,No,Mailed check,20.5,255.5,Fiber optic,No,No,No,No,No,No,Male,0,Yes,Yes,No,0
2478,2018-10-01,2019-12-01,Month-to-month,Yes,Electronic check,80.45,1072.0,Fiber optic,No,No,Yes,No,No,No,Female,0,No,No,Yes,1
2479,2017-10-01,,One year,Yes,Electronic check,90.45,2509.25,Fiber optic,No,No,No,Yes,No,Yes,Female,0,Yes,Yes,Yes,0
2480,2018-02-01,,Month-to-month,No,Bank transfer (automatic),60.45,1440.75,DSL,Yes,Yes,No,Yes,No,No,Male,0,No,No,No,0
2481,2017-06-01,2020-01-01,Month-to-month,Yes,Electronic check,55.25,1715.65,DSL,No,No,Yes,Yes,No,No,Male,0,No,No,No,1
2482,2014-06-01,,One year,Yes,Electronic check,78.45,5333.35,DSL,Yes,Yes,Yes,Yes,No,Yes,Female,0,Yes,Yes,Yes,0
2483,2016-11-01,,Two year,No,Mailed check,100.55,3895.35,Fiber optic,No,No,No,Yes,Yes,Yes,Male,0,No,Yes,Yes,0
2484,2016-08-01,,Month-to-month,No,Credit card (automatic),20.35,869.9,Fiber optic,No,No,No,No,No,No,Female,0,Yes,No,No,0
2485,2018-09-01,2019-10-01,Month-to-month,Yes,Electronic check,54.45,706.85,DSL,Yes,No,No,Yes,Yes,Yes,Male,0,Yes,No,No,1
2486,2019-08-01,,Month-to-month,Yes,Electronic check,90.75,512.25,Fiber optic,No,Yes,No,No,No,Yes,Female,0,Yes,No,Yes,0
2487,2016-12-01,2019-11-01,Month-to-month,No,Credit card (automatic),75.35,2636.05,Fiber optic,No,No,No,No,No,No,Male,0,No,No,Yes,1
2488,2016-12-01,,One year,Yes,Credit card (automatic),20.25,814.75,Fiber optic,No,No,No,No,No,No,Female,0,Yes,No,No,0
2489,2018-08-01,,Two year,No,Credit card (automatic),20.05,388.6,Fiber optic,No,No,No,No,No,No,Male,0,No,No,No,0
2490,2019-10-01,,Month-to-month,No,Mailed check,19.6,93.45,Fiber optic,No,No,No,No,No,No,Female,0,Yes,No,No,0
2491,2017-11-01,,Month-to-month,Yes,Electronic check,53.8,1389.85,DSL,No,Yes,No,Yes,No,No,Male,0,Yes,No,No,0
2492,2016-09-01,,One year,No,Mailed check,70.2,2894.55,DSL,Yes,Yes,Yes,No,Yes,No,Male,0,No,Yes,No,0
2493,2015-12-01,,One year,No,Electronic check,75.5,4025.6,DSL,Yes,No,No,Yes,Yes,Yes,Male,0,Yes,Yes,No,0
2494,2014-02-01,,Two year,No,Electronic check,20.35,1354.4,Fiber optic,No,No,No,No,No,No,Male,0,Yes,Yes,No,0
2495,2014-04-01,,One year,No,Credit card (automatic),26.05,1856.4,Fiber optic,No,No,No,No,No,No,Female,0,No,No,Yes,0
2496,2016-06-01,,One year,No,Bank transfer (automatic),20.6,926.0,Fiber optic,No,No,No,No,No,No,Male,0,Yes,Yes,No,0
2497,2019-11-01,2020-01-01,Month-to-month,Yes,Electronic check,75.7,189.2,Fiber optic,Yes,No,No,No,No,No,Male,0,No,No,No,1
2498,2017-04-01,,One year,Yes,Bank transfer (automatic),20.1,682.1,Fiber optic,No,No,No,No,No,No,Female,0,Yes,Yes,No,0
2499,2014-02-01,,Two year,No,Bank transfer (automatic),24.3,1778.7,Fiber optic,No,No,No,No,No,No,Female,1,Yes,No,Yes,0
2500,2014-03-01,,Two year,Yes,Electronic check,24.5,1816.2,Fiber optic,No,No,No,No,No,No,Male,0,Yes,No,Yes,0
2501,2014-10-01,,Two year,Yes,Credit card (automatic),110.5,7069.25,Fiber optic,No,Yes,Yes,Yes,Yes,Yes,Female,0,No,No,Yes,0
2502,2014-02-01,,Two year,Yes,Bank transfer (automatic),25.25,1841.2,Fiber optic,No,No,No,No,No,No,Female,0,Yes,No,Yes,0
2503,2019-12-01,2020-01-01,Month-to-month,Yes,Mailed check,74.25,74.25,Fiber optic,No,No,No,No,No,No,Male,0,No,No,Yes,1
2504,2017-09-01,,One year,No,Bank transfer (automatic),90.1,2656.7,Fiber optic,Yes,No,Yes,No,No,Yes,Male,1,Yes,No,No,0
2505,2018-03-01,,One year,Yes,Bank transfer (automatic),68.75,1689.45,DSL,Yes,No,Yes,Yes,No,Yes,Female,0,Yes,No,No,0
2506,2015-10-01,,Two year,No,Mailed check,19.2,1054.75,Fiber optic,No,No,No,No,No,No,Male,0,Yes,Yes,No,0
2507,2017-11-01,2019-12-01,Month-to-month,Yes,Electronic check,89.7,2187.55,Fiber optic,No,Yes,No,No,No,Yes,Female,1,No,No,Yes,1
2508,2014-10-01,,Two year,Yes,Bank transfer (automatic),115.1,7334.05,Fiber optic,Yes,Yes,Yes,Yes,Yes,Yes,Female,0,No,No,Yes,0
2509,2018-06-01,2019-10-01,Month-to-month,Yes,Electronic check,96.4,1581.2,Fiber optic,No,No,No,No,Yes,Yes,Female,1,No,No,Yes,1
2510,2019-09-01,2019-10-01,Month-to-month,Yes,Bank transfer (automatic),69.5,69.5,Fiber optic,No,No,No,No,No,No,Male,1,No,No,No,1
2511,2018-02-01,,Month-to-month,Yes,Bank transfer (automatic),99.65,2404.85,Fiber optic,No,Yes,No,No,Yes,Yes,Male,0,No,No,Yes,0
2512,2019-12-01,,Month-to-month,Yes,Electronic check,91.45,171.45,Fiber optic,No,No,Yes,No,Yes,No,Male,0,Yes,No,Yes,0
2513,2017-04-01,,Two year,No,Mailed check,84.75,2839.45,DSL,Yes,Yes,Yes,Yes,Yes,Yes,Female,0,Yes,Yes,No,0
2514,2016-12-01,2019-12-01,Month-to-month,Yes,Credit card (automatic),85.25,3132.75,Fiber optic,No,No,No,No,No,Yes,Male,1,Yes,No,Yes,1
2515,2015-09-01,,One year,Yes,Mailed check,78.75,3942.45,DSL,No,No,Yes,Yes,Yes,Yes,Male,0,Yes,Yes,Yes,0
2516,2016-03-01,,Two year,No,Credit card (automatic),20.25,873.4,Fiber optic,No,No,No,No,No,No,Female,0,Yes,Yes,No,0
2517,2014-02-01,,Two year,No,Credit card (automatic),19.9,1529.65,Fiber optic,No,No,No,No,No,No,Male,0,No,Yes,No,0
2518,2014-02-01,,Two year,Yes,Credit card (automatic),97.75,6991.6,Fiber optic,Yes,Yes,No,Yes,No,Yes,Male,0,Yes,Yes,Yes,0
2519,2019-11-01,2019-12-01,Month-to-month,No,Mailed check,19.4,19.4,Fiber optic,No,No,No,No,No,No,Male,0,No,No,No,1
2520,2019-01-01,2019-10-01,Month-to-month,Yes,Electronic check,83.3,803.3,Fiber optic,No,No,No,No,No,Yes,Female,0,No,No,Yes,1
2521,2019-03-01,2019-11-01,Month-to-month,Yes,Bank transfer (automatic),80.1,679.3,Fiber optic,No,No,No,No,Yes,No,Female,0,No,No,No,1
2522,2016-03-01,2019-12-01,One year,No,Credit card (automatic),62.7,2791.5,DSL,Yes,No,Yes,No,No,Yes,Male,1,No,No,No,1
2523,2019-07-01,,Month-to-month,Yes,Electronic check,100.4,715.0,Fiber optic,No,No,Yes,Yes,Yes,Yes,Female,0,No,No,No,0
2524,2014-03-01,,Two year,Yes,Credit card (automatic),24.45,1681.6,Fiber optic,No,No,No,No,No,No,Female,0,Yes,No,Yes,0
2525,2016-09-01,,One year,Yes,Bank transfer (automatic),101.1,4016.2,Fiber optic,No,No,Yes,Yes,Yes,Yes,Female,1,No,No,No,0
2526,2014-07-01,,Two year,No,Credit card (automatic),50.9,3281.65,DSL,Yes,No,No,No,Yes,Yes,Male,0,Yes,Yes,No,0
2527,2014-05-01,,One year,Yes,Credit card (automatic),107.2,7317.1,Fiber optic,Yes,Yes,Yes,Yes,No,Yes,Male,0,Yes,No,Yes,0
2528,2014-04-01,,Two year,Yes,Bank transfer (automatic),92.2,6474.45,DSL,Yes,Yes,Yes,Yes,Yes,Yes,Female,1,Yes,No,Yes,0
2529,2017-09-01,2019-10-01,One year,No,Bank transfer (automatic),25.3,676.35,Fiber optic,No,No,No,No,No,No,Male,0,No,No,Yes,1
2530,2014-02-01,,Two year,No,Bank transfer (automatic),113.4,8164.1,Fiber optic,Yes,Yes,Yes,Yes,Yes,Yes,Male,0,No,No,Yes,0
2531,2017-04-01,,Two year,Yes,Electronic check,40.55,1325.85,DSL,No,No,No,Yes,Yes,No,Male,0,Yes,Yes,No,0
2532,2014-09-01,,Two year,No,Credit card (automatic),26.0,1654.85,Fiber optic,No,No,No,No,No,No,Female,0,Yes,Yes,Yes,0
2533,2014-04-01,,Two year,Yes,Credit card (automatic),111.95,7795.95,Fiber optic,Yes,Yes,Yes,Yes,Yes,Yes,Female,0,No,No,Yes,0
2534,2014-02-01,,Two year,Yes,Credit card (automatic),53.8,3952.45,DSL,Yes,No,Yes,No,Yes,Yes,Female,0,Yes,Yes,No,0
2535,2017-03-01,,One year,Yes,Mailed check,72.1,2495.15,DSL,No,No,No,Yes,Yes,Yes,Male,0,No,Yes,No,0
2536,2018-09-01,2019-10-01,Month-to-month,No,Mailed check,98.15,1230.25,Fiber optic,Yes,No,No,No,Yes,Yes,Male,0,No,No,Yes,1
2537,2019-02-01,,One year,No,Electronic check,78.85,876.75,DSL,Yes,No,Yes,No,Yes,Yes,Female,0,Yes,No,Yes,0
2538,2014-12-01,,One year,Yes,Bank transfer (automatic),70.75,4263.45,DSL,Yes,No,Yes,Yes,Yes,No,Female,0,Yes,Yes,No,0
2539,2018-01-01,,Month-to-month,Yes,Credit card (automatic),76.15,1992.95,DSL,Yes,No,No,Yes,Yes,Yes,Female,0,No,No,No,0
2540,2015-10-01,,Two year,No,Mailed check,39.1,1982.1,DSL,Yes,Yes,No,Yes,No,No,Female,0,No,No,No,0
2541,2019-06-01,,Month-to-month,Yes,Credit card (automatic),69.95,562.7,Fiber optic,No,No,No,No,No,No,Male,1,No,No,No,0
2542,2019-12-01,,Month-to-month,No,Mailed check,20.05,33.7,Fiber optic,No,No,No,No,No,No,Male,0,No,No,No,0
2543,2015-06-01,,Two year,No,Mailed check,20.05,1090.1,Fiber optic,No,No,No,No,No,No,Female,0,Yes,Yes,No,0
2544,2019-02-01,,Month-to-month,No,Bank transfer (automatic),19.45,227.45,Fiber optic,No,No,No,No,No,No,Female,0,No,No,No,0
2545,2016-03-01,,One year,No,Electronic check,26.9,1250.85,Fiber optic,No,No,No,No,No,No,Female,0,Yes,No,Yes,0
2546,2019-12-01,,Month-to-month,No,Electronic check,19.2,37.2,Fiber optic,No,No,No,No,No,No,Male,1,No,No,No,0
2547,2018-08-01,,Month-to-month,Yes,Mailed check,50.0,892.7,DSL,No,No,Yes,No,No,No,Female,0,No,No,No,0
2548,2019-06-01,,Month-to-month,Yes,Electronic check,60.0,487.75,DSL,Yes,No,No,No,Yes,No,Female,0,No,No,No,0
2549,2016-05-01,,Month-to-month,Yes,Mailed check,84.55,3713.95,Fiber optic,Yes,No,Yes,No,No,No,Male,0,Yes,No,Yes,0
2550,2019-11-01,,Month-to-month,No,Mailed check,45.45,141.7,DSL,No,No,No,No,No,No,Male,0,No,No,No,0
2551,2016-12-01,,One year,No,Mailed check,20.05,678.2,Fiber optic,No,No,No,No,No,No,Female,0,No,No,No,0
2552,2014-02-01,,Two year,Yes,Electronic check,115.55,8425.3,Fiber optic,Yes,Yes,Yes,Yes,Yes,Yes,Male,0,Yes,No,Yes,0
2553,2016-02-01,2019-12-01,Month-to-month,Yes,Electronic check,93.7,4154.8,Fiber optic,Yes,Yes,No,No,No,Yes,Male,0,No,No,Yes,1
2554,2014-03-01,,Two year,Yes,Credit card (automatic),99.0,7061.65,Fiber optic,Yes,Yes,Yes,No,Yes,No,Female,0,Yes,Yes,Yes,0
2555,2014-08-01,,Two year,No,Bank transfer (automatic),50.55,3364.55,DSL,No,No,No,Yes,Yes,Yes,Male,0,Yes,Yes,No,0
2556,2017-10-01,2019-11-01,Month-to-month,No,Mailed check,105.95,2655.25,Fiber optic,No,Yes,Yes,No,Yes,Yes,Male,1,No,No,Yes,1
2557,2018-05-01,2019-11-01,One year,Yes,Credit card (automatic),82.0,1425.45,DSL,No,No,Yes,Yes,Yes,Yes,Male,0,No,No,Yes,1
2558,2019-01-01,,Two year,Yes,Bank transfer (automatic),25.0,332.5,Fiber optic,No,No,No,No,No,No,Female,0,Yes,Yes,Yes,0
2559,2014-09-01,,Two year,No,Bank transfer (automatic),91.55,5963.95,DSL,Yes,Yes,Yes,Yes,Yes,Yes,Female,0,Yes,Yes,Yes,0
2560,2014-12-01,2019-12-01,Month-to-month,Yes,Electronic check,95.75,5742.9,Fiber optic,No,Yes,Yes,No,Yes,No,Male,0,Yes,No,Yes,1
2561,2018-11-01,,Two year,No,Mailed check,19.35,278.85,Fiber optic,No,No,No,No,No,No,Male,0,Yes,Yes,No,0
2562,2014-02-01,,Two year,No,Credit card (automatic),24.85,1871.85,Fiber optic,No,No,No,No,No,No,Female,0,Yes,No,Yes,0
2563,2017-07-01,2020-01-01,Month-to-month,Yes,Credit card (automatic),94.05,2866.45,Fiber optic,No,No,No,No,Yes,Yes,Male,0,Yes,No,Yes,1
2564,2016-08-01,,Two year,Yes,Electronic check,100.4,4303.65,Fiber optic,No,No,Yes,Yes,Yes,Yes,Female,0,Yes,Yes,No,0
2565,2014-03-01,,Two year,No,Bank transfer (automatic),25.0,1753.0,Fiber optic,No,No,No,No,No,No,Female,0,Yes,No,Yes,0
2566,2019-12-01,2020-01-01,Month-to-month,Yes,Mailed check,54.75,54.75,DSL,No,No,No,No,No,Yes,Female,0,No,No,No,1
2567,2016-09-01,2019-12-01,Month-to-month,Yes,Bank transfer (automatic),95.65,3759.05,Fiber optic,No,No,No,No,Yes,Yes,Male,1,No,No,Yes,1
2568,2017-03-01,,Month-to-month,No,Bank transfer (automatic),19.25,617.65,Fiber optic,No,No,No,No,No,No,Female,0,No,No,No,0
2569,2015-09-01,,Month-to-month,Yes,Bank transfer (automatic),108.25,5935.1,Fiber optic,No,Yes,Yes,Yes,Yes,Yes,Female,0,Yes,Yes,No,0
2570,2019-10-01,2019-11-01,Month-to-month,Yes,Electronic check,94.6,94.6,Fiber optic,No,No,No,No,Yes,Yes,Female,0,No,No,Yes,1
2571,2017-04-01,2019-11-01,Month-to-month,Yes,Electronic check,98.9,2911.3,Fiber optic,No,No,Yes,Yes,Yes,Yes,Female,1,Yes,Yes,No,1
2572,2016-02-01,,Two year,No,Credit card (automatic),20.15,982.95,Fiber optic,No,No,No,No,No,No,Male,0,No,No,No,0
2573,2017-08-01,,Month-to-month,Yes,Electronic check,101.3,2974.5,Fiber optic,No,No,No,Yes,Yes,Yes,Female,1,No,Yes,Yes,0
2574,2019-04-01,,Month-to-month,No,Credit card (automatic),20.0,198.7,Fiber optic,No,No,No,No,No,No,Male,0,No,No,No,0
2575,2019-02-01,,Month-to-month,Yes,Electronic check,105.3,1275.65,Fiber optic,No,Yes,Yes,No,Yes,Yes,Female,0,No,Yes,Yes,0
2576,2015-05-01,,Two year,No,Bank transfer (automatic),69.85,4003.0,DSL,Yes,No,Yes,Yes,Yes,No,Female,1,No,No,No,0
2577,2015-04-01,,Month-to-month,Yes,Credit card (automatic),65.25,3791.6,DSL,Yes,Yes,No,No,Yes,No,Female,0,Yes,No,No,0
2578,2017-01-01,,Two year,No,Mailed check,19.8,813.3,Fiber optic,No,No,No,No,No,No,Female,0,No,No,No,0
2579,2016-06-01,,Month-to-month,No,Mailed check,19.6,780.25,Fiber optic,No,No,No,No,No,No,Female,0,Yes,Yes,No,0
2580,2017-11-01,,One year,No,Credit card (automatic),20.05,552.9,Fiber optic,No,No,No,No,No,No,Male,0,No,Yes,No,0
2581,2019-06-01,,Month-to-month,No,Electronic check,49.4,408.25,DSL,No,No,No,Yes,No,No,Female,0,No,No,No,0
2582,2019-07-01,2019-10-01,Month-to-month,Yes,Electronic check,76.05,231.8,Fiber optic,No,No,No,No,No,No,Male,1,No,No,Yes,1
2583,2018-01-01,,Month-to-month,No,Bank transfer (automatic),88.4,2191.15,Fiber optic,No,Yes,Yes,No,No,Yes,Female,1,Yes,No,No,0
2584,2015-05-01,,Month-to-month,Yes,Electronic check,100.6,5611.7,Fiber optic,No,Yes,No,No,Yes,Yes,Female,0,Yes,Yes,Yes,0
2585,2019-02-01,,Month-to-month,No,Mailed check,19.45,246.25,Fiber optic,No,No,No,No,No,No,Female,0,No,No,No,0
2586,2014-12-01,,Two year,No,Bank transfer (automatic),20.3,1296.15,Fiber optic,No,No,No,No,No,No,Female,0,Yes,Yes,No,0
2587,2014-09-01,,Two year,Yes,Bank transfer (automatic),107.65,7082.85,Fiber optic,No,Yes,Yes,Yes,Yes,Yes,Female,0,Yes,No,Yes,0
2588,2014-03-01,,Two year,Yes,Bank transfer (automatic),80.45,5662.25,DSL,No,No,Yes,Yes,Yes,Yes,Female,0,Yes,No,Yes,0
2589,2018-05-01,,One year,Yes,Credit card (automatic),58.85,1215.45,DSL,No,Yes,No,No,Yes,No,Female,0,Yes,Yes,No,0
2590,2014-03-01,,One year,Yes,Electronic check,109.6,7854.15,Fiber optic,Yes,Yes,Yes,No,Yes,Yes,Male,0,Yes,No,Yes,0
2591,2019-07-01,,Month-to-month,Yes,Electronic check,75.15,525.0,Fiber optic,No,No,Yes,No,No,No,Female,0,No,No,No,0
2592,2014-02-01,,Two year,Yes,Credit card (automatic),73.0,5265.2,DSL,Yes,Yes,Yes,Yes,No,Yes,Female,0,No,No,No,0
2593,2020-01-01,,Month-to-month,No,Electronic check,70.1,70.1,Fiber optic,No,No,No,No,No,No,Female,0,No,No,No,0
2594,2014-02-01,,Two year,Yes,Bank transfer (automatic),98.65,7129.45,Fiber optic,No,Yes,Yes,Yes,No,Yes,Female,0,Yes,Yes,Yes,0
2595,2014-10-01,,One year,Yes,Electronic check,111.45,7266.95,Fiber optic,No,Yes,Yes,Yes,Yes,Yes,Female,0,Yes,Yes,Yes,0
2596,2014-02-01,,Two year,Yes,Electronic check,114.9,8496.7,Fiber optic,Yes,Yes,Yes,Yes,Yes,Yes,Female,0,No,No,Yes,0
2597,2017-09-01,,Month-to-month,No,Bank transfer (automatic),100.55,2878.75,Fiber optic,No,No,Yes,No,Yes,Yes,Female,0,No,No,Yes,0
2598,2019-01-01,,Two year,Yes,Mailed check,20.4,261.3,Fiber optic,No,No,No,No,No,No,Female,0,No,No,No,0
2599,2017-07-01,,Month-to-month,No,Electronic check,104.35,3205.6,Fiber optic,Yes,Yes,No,No,Yes,Yes,Female,0,No,No,Yes,0
2600,2019-12-01,2020-01-01,Month-to-month,Yes,Electronic check,69.75,69.75,Fiber optic,No,No,No,No,No,No,Male,1,No,No,No,1
2601,2019-06-01,2020-01-01,Month-to-month,Yes,Electronic check,34.5,279.25,DSL,Yes,No,No,Yes,No,No,Male,0,Yes,Yes,No,1
2602,2014-09-01,2019-10-01,Month-to-month,Yes,Electronic check,105.55,6281.45,Fiber optic,No,Yes,Yes,No,Yes,Yes,Male,0,Yes,No,Yes,1
2603,2016-08-01,2019-11-01,Month-to-month,No,Credit card (automatic),30.1,1131.3,DSL,No,No,Yes,No,No,No,Female,0,No,Yes,No,1
2604,2019-02-01,2019-12-01,Month-to-month,Yes,Electronic check,70.3,738.2,Fiber optic,No,No,No,No,No,No,Male,0,Yes,No,No,1
2605,2018-12-01,,Month-to-month,No,Credit card (automatic),80.45,1137.05,DSL,No,Yes,No,Yes,Yes,Yes,Female,0,Yes,Yes,Yes,0
2606,2019-10-01,2019-11-01,Month-to-month,Yes,Mailed check,80.2,80.2,Fiber optic,No,Yes,No,No,No,No,Female,0,No,No,Yes,1
2607,2014-03-01,2019-10-01,One year,Yes,Credit card (automatic),94.35,6341.45,Fiber optic,Yes,No,No,Yes,No,Yes,Female,0,Yes,Yes,Yes,1
2608,2014-02-01,,Two year,Yes,Bank transfer (automatic),91.35,6697.2,DSL,Yes,Yes,Yes,Yes,Yes,Yes,Female,0,No,No,Yes,0
2609,2019-07-01,2020-01-01,Month-to-month,Yes,Bank transfer (automatic),44.6,260.8,DSL,No,No,No,No,No,No,Male,0,Yes,Yes,No,1
2610,2019-11-01,2019-12-01,Month-to-month,Yes,Mailed check,19.6,19.6,Fiber optic,No,No,No,No,No,No,Female,0,No,No,No,1
2611,2018-01-01,,One year,No,Electronic check,19.9,505.45,Fiber optic,No,No,No,No,No,No,Male,0,Yes,Yes,No,0
2612,2017-01-01,2019-10-01,Month-to-month,Yes,Electronic check,110.45,3655.45,Fiber optic,No,Yes,Yes,Yes,Yes,Yes,Female,1,No,No,Yes,1
2613,2018-08-01,,Month-to-month,Yes,Electronic check,68.35,1299.8,DSL,Yes,No,Yes,Yes,Yes,No,Male,0,No,No,No,0
2614,2014-03-01,,Two year,Yes,Credit card (automatic),79.1,5564.85,DSL,No,Yes,Yes,Yes,Yes,Yes,Male,0,Yes,No,No,0
2615,2017-10-01,,One year,Yes,Electronic check,51.0,1381.8,DSL,No,No,No,No,No,No,Male,1,Yes,Yes,Yes,0
2616,2019-12-01,,Month-to-month,No,Credit card (automatic),80.55,188.1,Fiber optic,Yes,No,No,No,No,No,Female,0,No,Yes,Yes,0
2617,2018-09-01,,Month-to-month,Yes,Mailed check,66.7,1077.05,DSL,No,Yes,Yes,Yes,No,No,Male,0,Yes,Yes,Yes,0
2618,2015-06-01,,Month-to-month,Yes,Electronic check,86.4,4922.4,Fiber optic,Yes,Yes,No,No,No,No,Male,0,No,No,Yes,0
2619,2015-02-01,,One year,No,Electronic check,50.05,2911.5,DSL,Yes,Yes,Yes,No,No,Yes,Female,0,Yes,No,No,0
2620,2017-05-01,,Two year,No,Credit card (automatic),25.7,826.1,Fiber optic,No,No,No,No,No,No,Female,0,No,No,Yes,0
2621,2020-01-01,,Month-to-month,Yes,Mailed check,83.4,83.4,Fiber optic,Yes,Yes,No,Yes,No,No,Female,0,No,No,No,0
2622,2019-09-01,2019-11-01,Month-to-month,No,Credit card (automatic),70.7,140.7,Fiber optic,No,No,No,No,No,No,Male,0,No,No,No,1
2623,2014-11-01,,Two year,Yes,Credit card (automatic),84.65,5377.8,Fiber optic,Yes,No,No,Yes,No,No,Male,0,Yes,No,Yes,0
2624,2019-04-01,2019-11-01,Month-to-month,Yes,Electronic check,99.25,665.45,Fiber optic,No,No,Yes,No,Yes,Yes,Male,1,Yes,No,Yes,1
2625,2015-07-01,,Two year,Yes,Mailed check,64.75,3617.1,DSL,No,Yes,Yes,No,No,Yes,Female,0,No,No,No,0
2626,2014-09-01,,One year,Yes,Bank transfer (automatic),100.15,6643.5,Fiber optic,Yes,Yes,No,Yes,Yes,No,Female,0,Yes,No,Yes,0
2627,2019-10-01,2019-11-01,Month-to-month,Yes,Electronic check,84.8,84.8,Fiber optic,No,No,No,Yes,Yes,No,Male,0,Yes,No,No,1
2628,2014-11-01,,Two year,No,Mailed check,25.25,1559.3,Fiber optic,No,No,No,No,No,No,Male,0,No,No,Yes,0
2629,2014-04-01,,Two year,Yes,Credit card (automatic),113.0,7987.6,Fiber optic,Yes,Yes,Yes,Yes,Yes,Yes,Female,1,Yes,No,Yes,0
2630,2017-02-01,,Two year,No,Credit card (automatic),40.65,1547.35,DSL,Yes,No,Yes,Yes,No,No,Female,0,Yes,Yes,No,0
2631,2015-09-01,2020-01-01,One year,Yes,Bank transfer (automatic),105.0,5426.85,Fiber optic,No,Yes,Yes,Yes,Yes,Yes,Male,0,No,No,No,1
2632,2017-12-01,2019-10-01,Month-to-month,Yes,Electronic check,54.45,1127.35,DSL,Yes,No,No,No,No,No,Male,0,No,No,Yes,1
2633,2018-04-01,,Month-to-month,Yes,Bank transfer (automatic),94.95,2142.8,Fiber optic,No,Yes,Yes,Yes,No,Yes,Male,0,No,No,No,0
2634,2019-09-01,,Month-to-month,No,Credit card (automatic),59.9,287.85,DSL,Yes,Yes,No,Yes,No,No,Female,1,No,No,No,0
2635,2016-02-01,2020-01-01,Month-to-month,Yes,Electronic check,85.3,4045.65,Fiber optic,No,No,Yes,No,No,Yes,Female,0,Yes,No,No,1
2636,2017-01-01,2019-10-01,Month-to-month,Yes,Electronic check,83.35,2757.85,Fiber optic,No,No,No,No,No,Yes,Female,0,No,No,Yes,1
2637,2018-05-01,2019-11-01,Month-to-month,Yes,Credit card (automatic),33.5,600.0,DSL,No,Yes,Yes,No,No,No,Male,0,No,No,No,1
2638,2020-01-01,,Month-to-month,No,Credit card (automatic),19.8,19.8,Fiber optic,No,No,No,No,No,No,Female,0,No,No,No,0
2639,2015-06-01,,Two year,Yes,Credit card (automatic),81.8,4534.45,DSL,No,Yes,Yes,Yes,Yes,Yes,Male,0,No,No,No,0
2640,2019-12-01,,Month-to-month,Yes,Mailed check,20.0,40.9,Fiber optic,No,No,No,No,No,No,Female,0,No,No,No,0
2641,2017-03-01,,Month-to-month,Yes,Electronic check,59.6,2094.9,DSL,Yes,No,Yes,No,No,No,Male,0,No,No,Yes,0
2642,2014-10-01,,Two year,No,Credit card (automatic),25.0,1584.8,Fiber optic,No,No,No,No,No,No,Female,0,Yes,No,Yes,0
2643,2018-11-01,,Month-to-month,Yes,Credit card (automatic),84.35,1302.65,Fiber optic,Yes,No,Yes,No,No,No,Female,0,No,No,Yes,0
2644,2017-11-01,2019-11-01,Month-to-month,Yes,Electronic check,90.35,2238.5,Fiber optic,No,No,No,No,Yes,Yes,Male,0,No,No,No,1
2645,2020-01-01,,Month-to-month,No,Mailed check,55.55,55.55,DSL,No,No,No,No,No,Yes,Male,0,No,No,No,0
2646,2014-04-01,,Two year,No,Credit card (automatic),75.35,5437.75,DSL,Yes,No,No,Yes,Yes,Yes,Female,0,Yes,Yes,No,0
2647,2019-12-01,2020-01-01,Month-to-month,Yes,Electronic check,90.75,90.75,Fiber optic,No,No,No,No,Yes,Yes,Male,0,Yes,No,No,1
2648,2019-06-01,2019-10-01,Month-to-month,No,Mailed check,89.6,365.65,Fiber optic,No,Yes,No,No,Yes,No,Female,0,No,Yes,Yes,1
2649,2016-11-01,,One year,No,Electronic check,59.3,2209.15,DSL,No,No,No,Yes,No,Yes,Female,0,No,No,No,0
2650,2017-09-01,,Month-to-month,Yes,Electronic check,66.1,1912.15,DSL,Yes,No,No,No,No,Yes,Female,0,No,No,Yes,0
2651,2018-12-01,,Two year,No,Mailed check,18.8,255.55,Fiber optic,No,No,No,No,No,No,Female,0,Yes,Yes,No,0
2652,2015-01-01,,Two year,No,Credit card (automatic),86.45,5175.3,DSL,Yes,No,Yes,Yes,Yes,Yes,Female,0,No,No,Yes,0
2653,2019-01-01,,Month-to-month,Yes,Credit card (automatic),52.1,670.65,DSL,Yes,No,No,No,No,No,Male,0,No,Yes,No,0
2654,2014-08-01,,Two year,Yes,Mailed check,47.4,3177.25,DSL,Yes,Yes,Yes,Yes,No,No,Female,0,No,No,No,0
2655,2019-08-01,2019-10-01,Month-to-month,Yes,Electronic check,49.25,90.35,DSL,No,No,Yes,No,Yes,Yes,Male,0,No,No,No,1
2656,2015-03-01,,One year,Yes,Credit card (automatic),109.15,6557.75,Fiber optic,Yes,Yes,Yes,No,Yes,Yes,Female,0,Yes,No,Yes,0
2657,2014-12-01,,One year,Yes,Credit card (automatic),94.95,5791.85,Fiber optic,Yes,Yes,No,No,Yes,No,Male,0,Yes,Yes,Yes,0
2658,2017-05-01,,One year,Yes,Electronic check,93.55,3055.5,Fiber optic,Yes,Yes,No,Yes,No,Yes,Male,1,Yes,No,No,0
2659,2014-08-01,,Two year,Yes,Credit card (automatic),79.5,5196.1,DSL,No,Yes,Yes,Yes,Yes,Yes,Male,0,No,Yes,No,0
2660,2014-02-01,,Two year,No,Credit card (automatic),115.05,8405.0,Fiber optic,Yes,Yes,Yes,Yes,Yes,Yes,Female,0,No,No,Yes,0
2661,2019-09-01,2019-10-01,Month-to-month,No,Mailed check,19.75,19.75,Fiber optic,No,No,No,No,No,No,Male,0,No,Yes,No,1
2662,2018-04-01,2019-11-01,Month-to-month,Yes,Electronic check,95.15,1789.25,Fiber optic,Yes,Yes,No,No,No,Yes,Female,0,No,No,Yes,1
2663,2015-11-01,,One year,Yes,Mailed check,95.15,5000.05,Fiber optic,Yes,No,No,Yes,Yes,No,Female,0,Yes,Yes,Yes,0
2664,2014-11-01,,Month-to-month,No,Electronic check,105.4,6713.2,Fiber optic,No,Yes,No,Yes,Yes,Yes,Male,0,No,No,Yes,0
2665,2017-11-01,,One year,No,Bank transfer (automatic),20.1,562.6,Fiber optic,No,No,No,No,No,No,Male,0,No,No,No,0
2666,2018-02-01,2019-12-01,Month-to-month,Yes,Bank transfer (automatic),101.35,2317.1,Fiber optic,Yes,No,No,No,Yes,Yes,Male,0,No,No,Yes,1
2667,2019-10-01,,Month-to-month,No,Mailed check,20.05,91.45,Fiber optic,No,No,No,No,No,No,Female,1,No,No,No,0
2668,2016-08-01,,Two year,No,Mailed check,20.7,828.85,Fiber optic,No,No,No,No,No,No,Male,0,Yes,Yes,No,0
2669,2017-09-01,,One year,No,Mailed check,20.35,617.35,Fiber optic,No,No,No,No,No,No,Female,0,No,No,No,0
2670,2019-06-01,2019-10-01,Month-to-month,Yes,Credit card (automatic),70.05,266.9,Fiber optic,No,No,No,No,No,No,Female,0,No,No,No,1
2671,2017-08-01,,One year,No,Mailed check,19.7,625.05,Fiber optic,No,No,No,No,No,No,Male,0,No,No,No,0
2672,2019-06-01,2019-10-01,Month-to-month,Yes,Electronic check,74.65,301.4,Fiber optic,No,No,No,No,No,No,Male,0,Yes,No,Yes,1
2673,2014-03-01,,Two year,No,Bank transfer (automatic),85.45,6029.9,DSL,Yes,Yes,Yes,Yes,Yes,Yes,Male,0,Yes,Yes,No,0
2674,2016-04-01,,Two year,No,Credit card (automatic),40.4,1842.7,DSL,Yes,No,Yes,Yes,No,No,Male,0,Yes,No,No,0
2675,2019-09-01,2020-01-01,Month-to-month,No,Mailed check,50.4,206.6,DSL,No,No,No,No,No,No,Male,0,No,No,Yes,1
2676,2019-05-01,2019-12-01,Month-to-month,Yes,Mailed check,79.65,604.7,Fiber optic,Yes,No,No,No,No,No,Female,0,No,No,Yes,1
2677,2014-05-01,,One year,Yes,Bank transfer (automatic),105.2,7386.05,Fiber optic,No,Yes,No,Yes,Yes,Yes,Male,0,No,No,Yes,0
2678,2014-02-01,,Two year,No,Bank transfer (automatic),100.65,7334.05,Fiber optic,Yes,Yes,Yes,No,Yes,No,Female,0,Yes,No,Yes,0
2679,2018-05-01,2019-12-01,Month-to-month,Yes,Electronic check,79.85,1471.75,Fiber optic,No,No,Yes,No,No,No,Male,1,No,No,Yes,1
2680,2017-10-01,,Month-to-month,No,Electronic check,91.0,2626.15,Fiber optic,No,No,Yes,Yes,No,Yes,Male,0,No,No,No,0
2681,2019-05-01,2019-10-01,Month-to-month,Yes,Electronic check,78.75,412.1,Fiber optic,No,Yes,No,No,No,No,Male,0,Yes,No,Yes,1
2682,2014-02-01,,Two year,Yes,Credit card (automatic),116.75,8277.05,Fiber optic,Yes,Yes,Yes,Yes,Yes,Yes,Female,1,Yes,No,Yes,0
2683,2019-04-01,2019-12-01,Month-to-month,Yes,Credit card (automatic),80.45,583.45,Fiber optic,No,No,No,No,Yes,No,Male,1,Yes,Yes,No,1
2684,2019-07-01,,One year,Yes,Electronic check,59.1,369.25,DSL,Yes,No,No,No,No,Yes,Female,0,No,No,No,0
2685,2018-04-01,,Month-to-month,Yes,Electronic check,49.8,1049.05,DSL,Yes,No,No,No,No,No,Female,0,No,No,No,0
2686,2014-02-01,,Two year,No,Bank transfer (automatic),19.3,1414.8,Fiber optic,No,No,No,No,No,No,Male,0,No,No,No,0
2687,2019-06-01,,Month-to-month,No,Credit card (automatic),19.65,169.75,Fiber optic,No,No,No,No,No,No,Male,0,Yes,Yes,No,0
2688,2015-10-01,,One year,Yes,Credit card (automatic),81.4,4354.45,DSL,Yes,Yes,Yes,Yes,No,Yes,Male,0,Yes,No,Yes,0
2689,2014-06-01,,Two year,No,Mailed check,38.9,2719.2,DSL,Yes,No,Yes,Yes,No,No,Female,0,No,No,No,0
2690,2014-03-01,,Two year,No,Bank transfer (automatic),87.95,6365.35,DSL,Yes,Yes,Yes,Yes,Yes,Yes,Female,0,Yes,No,Yes,0
2691,2019-12-01,,Month-to-month,No,Mailed check,19.85,51.6,Fiber optic,No,No,No,No,No,No,Male,0,No,No,No,0
2692,2017-04-01,,Month-to-month,Yes,Electronic check,96.35,3190.25,Fiber optic,No,Yes,No,Yes,Yes,No,Female,1,No,No,Yes,0
2693,2017-03-01,,Month-to-month,No,Electronic check,24.15,812.5,DSL,No,No,No,No,No,No,Female,0,No,No,No,0
2694,2015-01-01,,One year,No,Credit card (automatic),19.1,1143.8,Fiber optic,No,No,No,No,No,No,Female,0,Yes,Yes,No,0
2695,2020-01-01,,Month-to-month,No,Electronic check,44.0,44.0,DSL,No,No,No,No,No,No,Male,0,No,No,No,0
2696,2019-09-01,2019-10-01,Month-to-month,Yes,Mailed check,50.1,50.1,DSL,No,No,No,No,No,No,Female,0,No,No,Yes,1
2697,2015-09-01,,One year,No,Credit card (automatic),60.6,3297.0,DSL,No,No,Yes,No,No,Yes,Female,0,Yes,Yes,No,0
2698,2014-02-01,,Two year,No,Bank transfer (automatic),25.65,1887.0,Fiber optic,No,No,No,No,No,No,Female,0,Yes,No,Yes,0
2699,2019-11-01,2020-01-01,Month-to-month,No,Electronic check,76.4,151.8,Fiber optic,No,No,Yes,No,No,No,Male,0,Yes,No,No,1
2700,2019-07-01,2019-10-01,Month-to-month,Yes,Electronic check,98.7,293.65,Fiber optic,No,No,Yes,Yes,Yes,Yes,Male,0,No,No,No,1
2701,2018-11-01,2019-12-01,Month-to-month,Yes,Electronic check,100.8,1308.1,Fiber optic,Yes,No,No,No,Yes,Yes,Female,1,No,No,Yes,1
2702,2016-09-01,,Month-to-month,Yes,Electronic check,53.95,2215.4,DSL,No,Yes,Yes,No,Yes,Yes,Male,1,Yes,No,No,0
2703,2018-02-01,,One year,No,Credit card (automatic),20.4,482.8,Fiber optic,No,No,No,No,No,No,Female,0,Yes,No,No,0
2704,2017-06-01,2019-10-01,One year,Yes,Bank transfer (automatic),90.1,2598.95,Fiber optic,No,No,No,No,Yes,Yes,Female,0,Yes,Yes,No,1
2705,2019-06-01,,Month-to-month,No,Mailed check,29.35,216.45,DSL,Yes,No,No,No,No,No,Male,0,No,No,No,0
2706,2015-08-01,,Two year,Yes,Bank transfer (automatic),95.1,5064.85,Fiber optic,No,No,Yes,Yes,No,Yes,Female,0,No,No,Yes,0
2707,2016-09-01,,Month-to-month,Yes,Bank transfer (automatic),25.25,996.45,Fiber optic,No,No,No,No,No,No,Male,0,No,No,Yes,0
2708,2018-07-01,,Month-to-month,No,Mailed check,44.9,839.65,DSL,No,No,No,No,No,No,Female,0,Yes,No,No,0
2709,2014-02-01,,Two year,No,Bank transfer (automatic),92.65,6733.0,DSL,Yes,Yes,Yes,Yes,Yes,Yes,Female,0,Yes,Yes,Yes,0
2710,2014-12-01,,Two year,Yes,Bank transfer (automatic),43.7,2618.3,DSL,Yes,Yes,Yes,Yes,No,No,Male,0,No,No,No,0
2711,2015-06-01,,Two year,Yes,Credit card (automatic),72.6,4084.35,DSL,Yes,No,No,Yes,Yes,Yes,Female,1,Yes,Yes,No,0
2712,2018-10-01,2020-01-01,Month-to-month,No,Electronic check,51.55,765.5,DSL,No,No,No,No,No,No,Male,0,No,No,Yes,1
2713,2018-12-01,2019-10-01,Month-to-month,Yes,Electronic check,79.25,793.55,Fiber optic,No,No,No,No,No,Yes,Male,1,No,No,No,1
2714,2017-06-01,,Two year,No,Mailed check,18.95,613.95,Fiber optic,No,No,No,No,No,No,Male,0,Yes,Yes,No,0
2715,2018-05-01,,Month-to-month,No,Credit card (automatic),20.5,402.85,Fiber optic,No,No,No,No,No,No,Male,0,No,No,No,0
2716,2014-12-01,,One year,No,Bank transfer (automatic),19.95,1244.8,Fiber optic,No,No,No,No,No,No,Male,0,Yes,Yes,No,0
2717,2019-12-01,,Month-to-month,No,Electronic check,24.5,46.4,DSL,No,No,No,No,No,No,Female,0,No,No,No,0
2718,2017-11-01,,Two year,No,Mailed check,20.6,581.85,Fiber optic,No,No,No,No,No,No,Male,0,No,Yes,No,0
2719,2019-06-01,2019-11-01,Month-to-month,Yes,Bank transfer (automatic),94.85,462.8,Fiber optic,No,No,No,No,Yes,Yes,Male,0,No,No,Yes,1
2720,2018-01-01,,One year,No,Electronic check,61.05,1540.2,DSL,Yes,Yes,Yes,No,Yes,Yes,Female,0,No,No,No,0
2721,2019-09-01,2019-11-01,Month-to-month,Yes,Electronic check,85.7,169.8,Fiber optic,No,No,No,No,No,Yes,Female,0,No,No,Yes,1
2722,2016-01-01,,One year,Yes,Bank transfer (automatic),106.65,5168.1,Fiber optic,No,Yes,No,Yes,Yes,Yes,Male,0,No,No,Yes,0
2723,2014-11-01,,Month-to-month,No,Credit card (automatic),108.25,6780.1,Fiber optic,Yes,Yes,Yes,No,Yes,Yes,Female,0,No,No,Yes,0
2724,2019-10-01,,Month-to-month,No,Credit card (automatic),20.4,94.5,Fiber optic,No,No,No,No,No,No,Female,0,No,Yes,No,0
2725,2020-01-01,,Month-to-month,Yes,Mailed check,55.3,55.3,DSL,No,No,No,No,Yes,No,Female,0,Yes,No,No,0
2726,2019-03-01,,Month-to-month,No,Mailed check,20.25,208.0,Fiber optic,No,No,No,No,No,No,Male,0,No,No,No,0
2727,2015-10-01,,Month-to-month,Yes,Bank transfer (automatic),72.95,3829.75,Fiber optic,No,No,No,No,No,No,Male,1,No,No,Yes,0
2728,2015-02-01,,Month-to-month,No,Electronic check,89.45,5294.6,Fiber optic,No,Yes,No,No,No,Yes,Female,1,Yes,No,Yes,0
2729,2014-10-01,,One year,Yes,Credit card (automatic),104.65,6889.8,Fiber optic,No,No,Yes,Yes,Yes,Yes,Male,0,No,No,Yes,0
2730,2016-07-01,,Two year,No,Bank transfer (automatic),75.2,3254.35,DSL,Yes,No,Yes,No,Yes,Yes,Female,0,Yes,Yes,No,0
2731,2015-01-01,,One year,No,Bank transfer (automatic),101.15,6383.9,Fiber optic,No,No,No,Yes,Yes,Yes,Female,0,Yes,No,Yes,0
2732,2019-09-01,2019-10-01,Month-to-month,No,Mailed check,44.4,44.4,DSL,No,No,No,No,No,No,Female,0,No,No,No,1
2733,2019-05-01,2019-10-01,Month-to-month,Yes,Electronic check,89.5,477.7,Fiber optic,No,No,No,No,Yes,Yes,Male,1,No,No,No,1
2734,2014-08-01,,Two year,No,Bank transfer (automatic),68.75,4447.55,DSL,Yes,Yes,Yes,Yes,No,No,Male,0,No,No,Yes,0
2735,2014-07-01,,Two year,Yes,Electronic check,111.05,7321.05,Fiber optic,Yes,Yes,Yes,Yes,Yes,Yes,Male,0,Yes,No,No,0
2736,2016-08-01,,Two year,Yes,Credit card (automatic),99.0,4135.0,Fiber optic,No,No,Yes,Yes,Yes,Yes,Female,0,Yes,No,No,0
2737,2019-10-01,2019-11-01,Month-to-month,Yes,Electronic check,86.05,86.05,Fiber optic,No,No,No,No,Yes,No,Male,1,Yes,No,Yes,1
2738,2017-07-01,,Two year,No,Mailed check,21.0,697.7,Fiber optic,No,No,No,No,No,No,Female,0,Yes,Yes,No,0
2739,2019-07-01,,Month-to-month,Yes,Mailed check,19.4,168.65,Fiber optic,No,No,No,No,No,No,Male,0,No,No,No,0
2740,2019-08-01,2019-12-01,Month-to-month,Yes,Electronic check,44.55,174.3,DSL,No,No,No,No,Yes,Yes,Male,0,No,No,No,1
2741,2017-04-01,,One year,No,Bank transfer (automatic),77.2,2753.8,DSL,No,No,Yes,No,Yes,Yes,Male,0,Yes,Yes,Yes,0
2742,2019-11-01,,One year,Yes,Mailed check,19.45,69.25,Fiber optic,No,No,No,No,No,No,Male,0,No,No,No,0
2743,2018-07-01,,Month-to-month,Yes,Mailed check,24.85,434.8,DSL,No,No,No,No,No,No,Female,0,Yes,Yes,No,0
2744,2017-06-01,2020-01-01,Month-to-month,No,Bank transfer (automatic),35.4,1077.5,DSL,Yes,No,No,Yes,No,No,Male,0,Yes,Yes,No,1
2745,2019-09-01,2019-10-01,Month-to-month,No,Mailed check,95.65,95.65,Fiber optic,No,No,No,No,Yes,Yes,Female,0,No,No,Yes,1
2746,2019-11-01,,Month-to-month,No,Mailed check,41.35,107.25,DSL,Yes,No,Yes,Yes,No,No,Male,0,No,No,No,0
2747,2016-04-01,,Month-to-month,No,Electronic check,19.6,851.2,Fiber optic,No,No,No,No,No,No,Male,0,Yes,No,No,0
2748,2019-11-01,2019-12-01,Month-to-month,No,Mailed check,20.95,20.95,Fiber optic,No,No,No,No,No,No,Female,0,No,No,No,1
2749,2014-05-01,,One year,No,Bank transfer (automatic),84.45,5848.6,Fiber optic,Yes,No,Yes,No,No,No,Female,0,Yes,Yes,Yes,0
2750,2019-09-01,,Month-to-month,No,Mailed check,20.25,109.8,Fiber optic,No,No,No,No,No,No,Male,0,No,No,No,0
2751,2020-01-01,,Month-to-month,No,Bank transfer (automatic),19.65,19.65,Fiber optic,No,No,No,No,No,No,Male,0,No,No,No,0
2752,2017-12-01,,One year,Yes,Credit card (automatic),20.65,595.5,Fiber optic,No,No,No,No,No,No,Male,0,No,No,No,0
2753,2019-01-01,2019-11-01,Month-to-month,Yes,Electronic check,34.7,329.8,DSL,No,No,No,No,No,Yes,Female,1,No,No,No,1
2754,2018-01-01,,Two year,No,Bank transfer (automatic),99.3,2513.5,Fiber optic,No,No,Yes,Yes,Yes,Yes,Male,0,No,No,No,0
2755,2014-10-01,,Month-to-month,No,Electronic check,81.05,5135.35,Fiber optic,Yes,Yes,No,No,No,No,Male,0,Yes,Yes,No,0
2756,2017-08-01,,Month-to-month,No,Electronic check,67.6,2000.2,DSL,Yes,Yes,Yes,Yes,No,No,Male,0,Yes,Yes,Yes,0
2757,2019-01-01,,Month-to-month,Yes,Electronic check,70.15,931.75,Fiber optic,No,No,No,No,No,No,Male,0,No,No,No,0
2758,2014-10-01,,One year,Yes,Electronic check,115.0,7396.15,Fiber optic,Yes,Yes,Yes,Yes,Yes,Yes,Female,0,Yes,No,Yes,0
2759,2016-04-01,,Month-to-month,Yes,Bank transfer (automatic),84.8,3958.85,Fiber optic,No,No,Yes,Yes,No,No,Female,0,No,Yes,Yes,0
2760,2019-02-01,,One year,No,Mailed check,19.7,260.9,Fiber optic,No,No,No,No,No,No,Female,0,No,No,No,0
2761,2018-09-01,2019-12-01,Month-to-month,No,Bank transfer (automatic),19.75,297.3,Fiber optic,No,No,No,No,No,No,Female,0,No,No,No,1
2762,2018-06-01,2019-11-01,Month-to-month,Yes,Electronic check,92.55,1515.1,Fiber optic,No,No,No,No,Yes,Yes,Male,0,Yes,Yes,Yes,1
2763,2019-01-01,,Month-to-month,Yes,Mailed check,63.15,816.8,DSL,Yes,No,Yes,No,No,Yes,Female,0,Yes,Yes,No,0
2764,2014-07-01,,Two year,No,Credit card (automatic),74.0,4868.4,DSL,Yes,Yes,No,Yes,Yes,No,Female,0,Yes,Yes,Yes,0
2765,2018-02-01,,Month-to-month,No,Electronic check,29.1,688.0,DSL,No,No,Yes,No,No,No,Male,0,Yes,No,No,0
2766,2019-08-01,,Month-to-month,No,Mailed check,50.05,288.35,DSL,No,No,No,Yes,No,No,Male,0,No,No,No,0
2767,2015-05-01,2019-10-01,One year,Yes,Electronic check,60.05,3229.65,DSL,Yes,No,No,Yes,No,No,Male,1,Yes,No,Yes,1
2768,2018-07-01,2019-11-01,Month-to-month,Yes,Credit card (automatic),74.3,1178.25,Fiber optic,No,Yes,No,No,No,No,Male,1,Yes,No,No,1
2769,2019-04-01,,Month-to-month,No,Electronic check,20.0,185.4,Fiber optic,No,No,No,No,No,No,Male,0,No,No,No,0
2770,2019-01-01,,One year,Yes,Mailed check,74.65,966.25,Fiber optic,No,Yes,No,No,No,No,Female,0,No,No,No,0
2771,2019-04-01,2020-01-01,Month-to-month,Yes,Electronic check,85.35,758.6,Fiber optic,No,No,No,No,Yes,No,Male,0,No,No,Yes,1
2772,2017-12-01,2020-01-01,One year,No,Mailed check,74.3,1863.8,DSL,Yes,Yes,Yes,Yes,Yes,No,Female,0,No,No,No,1
2773,2019-07-01,,Month-to-month,Yes,Electronic check,44.4,265.8,DSL,No,Yes,No,Yes,No,Yes,Male,1,No,No,No,0
2774,2016-12-01,,Two year,Yes,Bank transfer (automatic),85.4,3297.0,DSL,Yes,No,Yes,Yes,Yes,Yes,Male,0,Yes,Yes,Yes,0
2775,2016-07-01,,Month-to-month,Yes,Electronic check,94.1,4107.3,Fiber optic,Yes,Yes,No,No,No,Yes,Female,0,Yes,No,Yes,0
2776,2019-09-01,2020-01-01,Month-to-month,Yes,Bank transfer (automatic),98.1,396.3,Fiber optic,No,No,Yes,Yes,Yes,Yes,Female,0,No,Yes,No,1
2777,2018-01-01,,Two year,No,Electronic check,108.9,2809.05,Fiber optic,No,Yes,Yes,Yes,Yes,Yes,Female,0,No,No,Yes,0
2778,2017-11-01,,One year,No,Mailed check,56.2,1567.55,DSL,Yes,Yes,No,No,No,No,Male,0,No,Yes,No,0
2779,2014-02-01,,Two year,No,Mailed check,26.1,1851.45,Fiber optic,No,No,No,No,No,No,Male,0,Yes,Yes,Yes,0
2780,2014-03-01,,One year,Yes,Credit card (automatic),85.45,6028.95,Fiber optic,Yes,Yes,No,No,No,No,Male,0,No,Yes,Yes,0
2781,2018-02-01,,Month-to-month,Yes,Credit card (automatic),88.95,2072.75,Fiber optic,No,No,Yes,No,Yes,No,Female,0,No,No,Yes,0
2782,2015-11-01,2020-01-01,Two year,Yes,Electronic check,109.65,5551.15,Fiber optic,Yes,Yes,No,Yes,Yes,Yes,Female,0,No,No,Yes,1
2783,2015-05-01,,Two year,Yes,Bank transfer (automatic),74.35,4317.35,DSL,Yes,No,Yes,No,Yes,Yes,Male,0,No,No,No,0
2784,2018-11-01,,Month-to-month,No,Electronic check,48.85,736.8,DSL,No,Yes,No,No,No,No,Female,0,No,No,No,0
2785,2019-10-01,,Month-to-month,Yes,Electronic check,80.1,336.15,Fiber optic,Yes,No,No,No,No,No,Male,0,No,No,Yes,0
2786,2017-10-01,,Month-to-month,No,Electronic check,56.05,1522.65,DSL,Yes,Yes,No,No,No,No,Female,0,No,No,No,0
2787,2019-02-01,2019-11-01,Month-to-month,Yes,Electronic check,74.55,622.9,Fiber optic,No,No,No,No,No,No,Female,1,No,No,Yes,1
2788,2015-07-01,,Month-to-month,Yes,Bank transfer (automatic),89.8,4959.6,Fiber optic,Yes,No,No,No,Yes,No,Female,0,Yes,No,Yes,0
2789,2019-09-01,2019-12-01,Month-to-month,Yes,Electronic check,100.95,329.95,Fiber optic,No,No,Yes,No,Yes,Yes,Male,0,No,No,Yes,1
2790,2018-12-01,2019-10-01,Month-to-month,Yes,Electronic check,94.9,1048.85,Fiber optic,No,No,Yes,No,Yes,Yes,Male,0,No,No,No,1
2838,2019-12-01,,Month-to-month,Yes,Mailed check,62.15,113.1,DSL,Yes,No,No,No,No,Yes,Female,0,Yes,No,No,0
2791,2015-07-01,,One year,No,Bank transfer (automatic),19.1,1001.5,Fiber optic,No,No,No,No,No,No,Male,0,No,Yes,No,0
2792,2018-06-01,,Month-to-month,No,Mailed check,20.35,442.6,Fiber optic,No,No,No,No,No,No,Female,0,Yes,Yes,No,0
2793,2014-12-01,,One year,Yes,Credit card (automatic),106.05,6703.5,Fiber optic,No,Yes,No,Yes,Yes,Yes,Female,0,Yes,Yes,Yes,0
2794,2017-03-01,2019-11-01,Month-to-month,Yes,Electronic check,104.9,3351.55,Fiber optic,No,No,Yes,Yes,Yes,Yes,Male,1,Yes,No,Yes,1
2795,2016-07-01,,Two year,Yes,Bank transfer (automatic),19.65,779.25,Fiber optic,No,No,No,No,No,No,Female,0,No,No,No,0
2796,2019-02-01,2019-11-01,One year,No,Bank transfer (automatic),24.1,259.8,DSL,No,No,No,No,No,No,Male,0,Yes,No,No,1
2797,2015-02-01,,Two year,No,Bank transfer (automatic),59.85,3483.45,DSL,Yes,Yes,No,Yes,No,No,Female,0,Yes,No,No,0
2798,2015-04-01,,Two year,Yes,Electronic check,86.1,4890.5,DSL,Yes,Yes,Yes,No,Yes,Yes,Male,0,Yes,No,Yes,0
2799,2019-07-01,,One year,No,Mailed check,19.45,136.75,Fiber optic,No,No,No,No,No,No,Male,0,No,Yes,No,0
2800,2019-12-01,,Month-to-month,No,Electronic check,97.1,184.15,Fiber optic,Yes,No,No,No,Yes,Yes,Male,0,Yes,Yes,No,0
2801,2017-01-01,,Month-to-month,No,Electronic check,36.65,1315.0,DSL,No,Yes,Yes,No,No,No,Male,1,No,No,No,0
2802,2014-09-01,,One year,Yes,Bank transfer (automatic),103.9,6767.1,Fiber optic,No,No,Yes,Yes,Yes,Yes,Female,1,Yes,Yes,Yes,0
2803,2016-11-01,,Two year,No,Mailed check,19.75,757.95,Fiber optic,No,No,No,No,No,No,Female,0,Yes,Yes,No,0
2804,2014-07-01,2020-01-01,One year,Yes,Electronic check,104.05,6890.0,Fiber optic,No,Yes,No,Yes,Yes,Yes,Male,0,Yes,No,Yes,1
2805,2014-06-01,,Two year,No,Mailed check,24.55,1657.4,Fiber optic,No,No,No,No,No,No,Male,0,No,No,Yes,0
2806,2014-12-01,,Two year,No,Bank transfer (automatic),48.7,3008.55,DSL,Yes,Yes,No,Yes,Yes,No,Female,0,Yes,Yes,No,0
2807,2019-08-01,2019-11-01,Month-to-month,Yes,Mailed check,88.35,262.05,Fiber optic,No,No,Yes,Yes,Yes,No,Male,0,No,No,No,1
2808,2014-02-01,,Two year,Yes,Electronic check,109.55,8165.1,Fiber optic,Yes,Yes,Yes,No,Yes,Yes,Female,0,Yes,No,Yes,0
2809,2016-09-01,,Two year,No,Credit card (automatic),20.65,875.55,Fiber optic,No,No,No,No,No,No,Female,0,Yes,No,No,0
2810,2017-05-01,2019-10-01,Month-to-month,No,Credit card (automatic),94.65,2649.15,Fiber optic,Yes,No,No,No,Yes,Yes,Male,0,Yes,Yes,No,1
2811,2019-10-01,,Month-to-month,No,Electronic check,55.2,220.65,DSL,Yes,Yes,No,No,No,No,Female,0,No,No,No,0
2812,2015-09-01,,One year,No,Bank transfer (automatic),24.05,1301.9,Fiber optic,No,No,No,No,No,No,Male,0,No,No,Yes,0
2813,2019-11-01,2019-12-01,Month-to-month,Yes,Electronic check,74.4,74.4,Fiber optic,No,No,No,No,No,No,Male,1,Yes,No,Yes,1
2814,2016-05-01,2019-10-01,Month-to-month,No,Credit card (automatic),79.9,3326.2,DSL,Yes,Yes,Yes,Yes,No,Yes,Female,0,Yes,Yes,Yes,1
2815,2016-11-01,,Two year,Yes,Bank transfer (automatic),20.45,790.0,Fiber optic,No,No,No,No,No,No,Male,0,Yes,No,No,0
2816,2014-11-01,,Two year,No,Mailed check,19.25,1237.65,Fiber optic,No,No,No,No,No,No,Male,0,Yes,No,No,0
2817,2018-11-01,,Month-to-month,Yes,Electronic check,26.35,378.6,Fiber optic,No,No,No,No,No,No,Male,0,No,No,Yes,0
2818,2019-01-01,,One year,No,Electronic check,43.8,592.65,DSL,No,No,No,No,No,No,Female,0,Yes,No,No,0
2819,2020-01-01,,Month-to-month,Yes,Mailed check,50.15,50.15,DSL,No,Yes,No,No,No,No,Male,0,No,No,No,0
2820,2020-01-01,,Two year,No,Mailed check,20.45,20.45,Fiber optic,No,No,No,No,No,No,Male,0,No,No,No,0
2821,2019-02-01,2019-10-01,Month-to-month,Yes,Electronic check,69.7,560.85,Fiber optic,No,No,No,No,No,No,Male,1,No,No,No,1
2822,2015-02-01,,Two year,No,Electronic check,61.4,3638.25,DSL,Yes,Yes,Yes,No,No,No,Male,0,No,No,No,0
2823,2018-10-01,2019-10-01,Month-to-month,Yes,Electronic check,98.1,1060.2,Fiber optic,No,Yes,Yes,No,Yes,No,Female,1,Yes,No,Yes,1
2824,2016-10-01,,One year,No,Credit card (automatic),70.75,2921.75,DSL,No,Yes,No,Yes,Yes,No,Male,0,Yes,No,Yes,0
2825,2014-08-01,,Two year,Yes,Bank transfer (automatic),61.15,4017.45,DSL,Yes,Yes,Yes,No,No,No,Female,0,No,No,No,0
2826,2016-08-01,,One year,No,Mailed check,20.25,854.9,Fiber optic,No,No,No,No,No,No,Male,0,Yes,Yes,No,0
2827,2014-08-01,,One year,Yes,Credit card (automatic),63.85,4174.35,DSL,Yes,Yes,No,Yes,No,No,Female,1,No,No,Yes,0
2828,2016-01-01,,Month-to-month,No,Electronic check,98.7,4920.55,Fiber optic,No,Yes,No,No,Yes,Yes,Male,0,No,No,Yes,0
2829,2019-12-01,2020-01-01,Month-to-month,No,Mailed check,20.5,20.5,Fiber optic,No,No,No,No,No,No,Female,0,No,No,No,1
2830,2016-09-01,,Two year,No,Mailed check,20.0,810.3,Fiber optic,No,No,No,No,No,No,Female,0,No,No,No,0
2831,2016-09-01,,Two year,No,Bank transfer (automatic),19.3,772.4,Fiber optic,No,No,No,No,No,No,Female,0,Yes,Yes,No,0
2832,2018-03-01,,Month-to-month,No,Mailed check,84.4,1936.85,Fiber optic,Yes,Yes,No,Yes,No,No,Female,0,Yes,Yes,No,0
2833,2019-11-01,,Month-to-month,No,Electronic check,25.1,79.8,DSL,No,No,No,No,No,No,Male,0,No,No,No,0
2834,2019-10-01,,Month-to-month,No,Mailed check,48.25,202.25,DSL,Yes,No,Yes,Yes,No,Yes,Female,0,No,No,No,0
2835,2015-10-01,,Two year,No,Mailed check,19.85,1070.5,Fiber optic,No,No,No,No,No,No,Female,0,Yes,Yes,No,0
2836,2019-09-01,2020-01-01,Month-to-month,Yes,Electronic check,99.6,347.65,Fiber optic,Yes,No,No,No,Yes,Yes,Female,1,Yes,No,Yes,1
2837,2019-03-01,,Month-to-month,Yes,Electronic check,94.2,999.9,Fiber optic,No,Yes,Yes,Yes,No,Yes,Female,0,No,No,No,0
2839,2017-12-01,,Month-to-month,No,Bank transfer (automatic),79.3,2015.8,Fiber optic,No,Yes,No,No,No,No,Female,0,Yes,No,Yes,0
2840,2018-02-01,,One year,Yes,Credit card (automatic),56.25,1454.25,DSL,Yes,No,Yes,No,No,No,Male,0,Yes,Yes,No,0
2841,2019-02-01,,Month-to-month,No,Mailed check,20.3,246.7,Fiber optic,No,No,No,No,No,No,Female,0,No,No,No,0
2842,2015-02-01,,Month-to-month,Yes,Electronic check,99.0,6017.9,Fiber optic,No,No,No,Yes,Yes,Yes,Male,1,Yes,No,Yes,0
2843,2014-10-01,,Two year,Yes,Mailed check,90.6,5817.45,DSL,Yes,Yes,Yes,Yes,Yes,Yes,Female,0,Yes,Yes,Yes,0
2844,2014-08-01,,Two year,Yes,Bank transfer (automatic),85.9,5595.3,DSL,Yes,Yes,Yes,Yes,Yes,Yes,Male,0,Yes,No,No,0
2845,2015-02-01,,One year,Yes,Bank transfer (automatic),79.2,4765.0,Fiber optic,No,No,Yes,No,No,No,Female,0,No,No,Yes,0
2846,2018-09-01,,One year,Yes,Bank transfer (automatic),70.35,1201.65,DSL,Yes,No,Yes,No,Yes,No,Male,0,Yes,Yes,Yes,0
2847,2016-08-01,,Two year,No,Mailed check,19.35,867.3,Fiber optic,No,No,No,No,No,No,Male,0,Yes,Yes,No,0
2848,2020-01-01,,Month-to-month,Yes,Electronic check,50.15,50.15,DSL,No,No,No,No,No,No,Male,0,No,No,Yes,0
2849,2016-03-01,,Two year,No,Bank transfer (automatic),63.8,3007.25,DSL,No,Yes,No,Yes,No,Yes,Female,0,Yes,Yes,No,0
2850,2019-04-01,,Month-to-month,Yes,Mailed check,20.55,252.75,Fiber optic,No,No,No,No,No,No,Female,0,Yes,No,No,0
2851,2014-04-01,,Two year,Yes,Credit card (automatic),88.55,6306.5,DSL,Yes,Yes,Yes,Yes,Yes,Yes,Male,1,Yes,No,Yes,0
2852,2014-07-01,,Month-to-month,Yes,Credit card (automatic),101.4,6841.05,Fiber optic,No,No,Yes,No,Yes,Yes,Male,1,No,No,Yes,0
2853,2019-11-01,2019-12-01,Month-to-month,Yes,Electronic check,81.95,81.95,Fiber optic,No,No,No,No,No,Yes,Female,0,No,No,No,1
2854,2019-06-01,2020-01-01,Month-to-month,Yes,Electronic check,69.35,451.1,Fiber optic,No,No,No,No,No,No,Male,0,Yes,No,No,1
2855,2020-01-01,,Month-to-month,No,Mailed check,44.6,44.6,DSL,No,No,No,No,No,No,Male,0,No,No,No,0
2856,2019-10-01,,Month-to-month,Yes,Bank transfer (automatic),63.75,226.2,DSL,No,Yes,No,Yes,Yes,No,Male,0,No,No,No,0
2857,2014-08-01,,Two year,No,Bank transfer (automatic),109.25,7082.5,Fiber optic,Yes,Yes,Yes,No,Yes,Yes,Female,0,Yes,Yes,Yes,0
2858,2019-02-01,,Month-to-month,Yes,Electronic check,84.6,1017.35,Fiber optic,No,Yes,No,No,No,Yes,Female,0,No,No,No,0
2859,2018-02-01,,One year,No,Credit card (automatic),20.45,527.35,Fiber optic,No,No,No,No,No,No,Female,0,No,No,No,0
2860,2017-12-01,,Month-to-month,Yes,Electronic check,85.75,2146.5,Fiber optic,No,Yes,No,No,Yes,No,Male,0,No,No,No,0
2861,2019-04-01,2019-10-01,Month-to-month,Yes,Electronic check,91.1,455.3,Fiber optic,No,No,No,No,Yes,Yes,Female,0,No,No,No,1
2862,2015-05-01,,Two year,No,Electronic check,107.95,5969.85,Fiber optic,No,No,Yes,Yes,Yes,Yes,Male,0,Yes,No,Yes,0
2863,2018-09-01,2019-11-01,Month-to-month,Yes,Electronic check,86.1,1235.55,Fiber optic,No,No,No,No,Yes,No,Male,0,Yes,No,Yes,1
2864,2016-08-01,,Two year,No,Electronic check,22.95,1014.25,Fiber optic,No,No,No,No,No,No,Female,0,Yes,Yes,Yes,0
2865,2017-09-01,2019-10-01,Month-to-month,Yes,Bank transfer (automatic),94.7,2362.1,Fiber optic,No,No,No,No,Yes,Yes,Male,0,No,No,Yes,1
2866,2014-10-01,,Two year,No,Credit card (automatic),19.45,1225.65,Fiber optic,No,No,No,No,No,No,Female,0,Yes,No,No,0
2867,2018-02-01,2019-12-01,Month-to-month,Yes,Electronic check,85.1,1873.7,Fiber optic,No,No,No,No,No,Yes,Male,0,Yes,No,Yes,1
2868,2018-07-01,,One year,Yes,Credit card (automatic),19.7,386.5,Fiber optic,No,No,No,No,No,No,Male,0,No,No,No,0
2869,2014-09-01,2019-10-01,Month-to-month,Yes,Electronic check,99.15,6010.05,Fiber optic,No,Yes,No,No,Yes,Yes,Female,0,Yes,Yes,Yes,1
2870,2018-04-01,,Month-to-month,Yes,Bank transfer (automatic),87.0,1850.65,Fiber optic,No,No,Yes,No,Yes,No,Male,0,Yes,No,No,0
2871,2014-03-01,2020-01-01,Month-to-month,Yes,Electronic check,102.95,7101.5,Fiber optic,No,Yes,Yes,No,Yes,Yes,Male,1,Yes,No,Yes,1
2872,2019-02-01,,Month-to-month,Yes,Bank transfer (automatic),79.95,1043.4,Fiber optic,No,No,No,No,No,Yes,Male,0,No,No,No,0
2873,2017-07-01,,One year,Yes,Electronic check,64.0,1910.75,DSL,Yes,No,No,Yes,No,Yes,Female,0,Yes,No,No,0
2874,2019-03-01,,Month-to-month,Yes,Electronic check,64.9,716.1,DSL,No,No,No,No,Yes,Yes,Female,0,No,No,No,0
2875,2014-06-01,,Two year,No,Mailed check,25.75,1686.15,Fiber optic,No,No,No,No,No,No,Male,0,Yes,Yes,Yes,0
2876,2014-02-01,,Two year,Yes,Bank transfer (automatic),90.15,6716.45,DSL,Yes,Yes,Yes,Yes,Yes,Yes,Female,1,Yes,Yes,Yes,0
2877,2014-07-01,,Two year,Yes,Credit card (automatic),116.1,7839.85,Fiber optic,Yes,Yes,Yes,Yes,Yes,Yes,Male,1,No,No,Yes,0
2878,2015-02-01,,Month-to-month,Yes,Bank transfer (automatic),104.95,6236.75,Fiber optic,Yes,No,Yes,Yes,Yes,Yes,Female,0,No,No,No,0
2879,2019-09-01,2019-10-01,Month-to-month,Yes,Mailed check,45.05,45.05,DSL,No,No,No,No,No,No,Male,0,No,No,No,1
2880,2019-12-01,2020-01-01,Month-to-month,Yes,Electronic check,71.0,71.0,Fiber optic,No,No,No,No,No,No,Female,1,No,Yes,No,1
2881,2015-04-01,,One year,No,Mailed check,50.0,2919.85,DSL,Yes,Yes,Yes,No,Yes,No,Male,0,Yes,Yes,No,0
2882,2015-12-01,2019-11-01,Month-to-month,No,Bank transfer (automatic),70.55,3309.25,Fiber optic,No,No,No,No,No,No,Female,1,Yes,Yes,No,1
2883,2019-10-01,2019-11-01,Month-to-month,Yes,Electronic check,79.7,79.7,Fiber optic,No,No,No,No,No,Yes,Female,0,No,No,No,1
2884,2018-02-01,2019-12-01,Month-to-month,No,Electronic check,59.0,1254.7,DSL,Yes,Yes,No,No,No,No,Male,0,No,No,Yes,1
2885,2015-11-01,2019-11-01,One year,Yes,Credit card (automatic),60.35,2896.4,DSL,Yes,No,Yes,Yes,No,No,Female,0,No,No,No,1
2886,2017-01-01,,One year,Yes,Bank transfer (automatic),19.85,717.5,Fiber optic,No,No,No,No,No,No,Female,0,Yes,No,No,0
2887,2019-01-01,,One year,Yes,Electronic check,19.95,253.8,Fiber optic,No,No,No,No,No,No,Male,0,No,No,No,0
2888,2016-07-01,,Two year,No,Bank transfer (automatic),26.45,1110.05,Fiber optic,No,No,No,No,No,No,Male,0,No,No,Yes,0
2889,2019-08-01,,Two year,Yes,Mailed check,63.4,348.8,DSL,Yes,Yes,Yes,Yes,Yes,Yes,Female,0,No,No,No,0
2890,2014-03-01,,Two year,No,Bank transfer (automatic),53.95,3888.65,DSL,Yes,Yes,Yes,Yes,Yes,No,Male,0,No,No,No,0
2891,2019-12-01,2020-01-01,Month-to-month,Yes,Electronic check,69.25,69.25,Fiber optic,No,No,No,No,No,No,Female,1,Yes,Yes,No,1
2892,2014-02-01,,Two year,Yes,Electronic check,95.1,6843.15,Fiber optic,Yes,Yes,No,No,Yes,No,Female,0,Yes,Yes,Yes,0
2893,2019-08-01,,Month-to-month,Yes,Electronic check,74.1,450.9,Fiber optic,Yes,No,No,No,No,No,Female,1,No,No,No,0
2894,2019-02-01,,Month-to-month,No,Mailed check,35.5,432.25,DSL,No,Yes,No,Yes,No,No,Male,0,Yes,Yes,No,0
2895,2017-12-01,2020-01-01,Month-to-month,No,Mailed check,70.95,1767.35,Fiber optic,No,No,No,No,No,No,Male,0,No,No,No,1
2896,2018-05-01,,One year,No,Electronic check,79.2,1742.45,Fiber optic,No,No,Yes,Yes,No,No,Female,0,Yes,No,No,0
2897,2019-08-01,,Month-to-month,Yes,Mailed check,48.8,297.35,DSL,No,No,No,Yes,No,No,Female,0,Yes,Yes,No,0
2898,2018-02-01,2019-10-01,Month-to-month,Yes,Mailed check,89.0,1820.45,Fiber optic,No,No,No,No,Yes,Yes,Male,0,Yes,No,No,1
2899,2018-06-01,2019-12-01,Month-to-month,Yes,Electronic check,99.4,1742.95,Fiber optic,Yes,No,No,No,Yes,Yes,Male,0,Yes,No,Yes,1
2900,2016-07-01,,One year,No,Electronic check,55.45,2444.25,DSL,No,Yes,No,Yes,No,No,Female,0,No,No,No,0
2901,2017-03-01,,Two year,Yes,Credit card (automatic),25.4,949.8,Fiber optic,No,No,No,No,No,No,Female,0,Yes,Yes,Yes,0
2902,2019-12-01,2020-01-01,Month-to-month,No,Bank transfer (automatic),73.5,73.5,Fiber optic,No,No,Yes,No,No,No,Female,0,No,No,No,1
2903,2017-06-01,,Month-to-month,Yes,Electronic check,93.5,2970.8,Fiber optic,No,Yes,Yes,No,No,Yes,Male,1,Yes,No,Yes,0
2904,2015-10-01,,Two year,No,Credit card (automatic),63.9,3334.95,DSL,Yes,Yes,Yes,Yes,Yes,Yes,Male,0,No,No,No,0
2905,2017-06-01,,One year,Yes,Bank transfer (automatic),64.85,2010.95,DSL,No,No,No,No,Yes,Yes,Male,0,No,No,No,0
2906,2014-02-01,,Two year,Yes,Bank transfer (automatic),63.8,4684.3,DSL,Yes,Yes,Yes,Yes,Yes,Yes,Female,0,Yes,Yes,No,0
2907,2015-11-01,,Month-to-month,Yes,Credit card (automatic),44.45,2181.55,DSL,Yes,No,No,Yes,No,Yes,Male,0,No,No,No,0
2908,2014-06-01,,Two year,Yes,Bank transfer (automatic),19.95,1303.25,Fiber optic,No,No,No,No,No,No,Male,0,Yes,Yes,No,0
2909,2019-06-01,,Month-to-month,Yes,Mailed check,43.35,371.4,DSL,No,Yes,Yes,No,No,Yes,Male,1,Yes,No,No,0
2910,2016-01-01,,Two year,No,Credit card (automatic),49.65,2409.9,DSL,No,Yes,No,No,Yes,Yes,Male,0,Yes,No,No,0
2911,2014-02-01,,Two year,No,Mailed check,85.1,6155.4,DSL,Yes,Yes,Yes,Yes,Yes,Yes,Female,0,Yes,No,No,0
2912,2019-03-01,2019-12-01,Month-to-month,Yes,Electronic check,95.5,829.1,Fiber optic,No,No,No,No,Yes,Yes,Male,0,No,No,Yes,1
2913,2017-07-01,2019-11-01,Month-to-month,Yes,Mailed check,92.35,2602.9,Fiber optic,Yes,No,No,No,Yes,Yes,Female,0,Yes,No,No,1
2914,2015-08-01,,Month-to-month,No,Mailed check,89.8,4667.0,Fiber optic,Yes,No,Yes,No,Yes,No,Male,0,No,No,No,0
2915,2018-12-01,2019-11-01,Month-to-month,Yes,Electronic check,74.55,824.75,Fiber optic,No,Yes,No,No,No,No,Male,0,No,No,No,1
2916,2015-12-01,,One year,No,Mailed check,103.05,5153.5,Fiber optic,No,No,Yes,Yes,Yes,Yes,Female,0,Yes,Yes,No,0
2917,2014-05-01,,Two year,Yes,Electronic check,116.0,8182.85,Fiber optic,Yes,Yes,Yes,Yes,Yes,Yes,Female,0,Yes,No,Yes,0
2918,2020-01-01,,Month-to-month,Yes,Electronic check,69.9,69.9,Fiber optic,No,No,No,No,No,No,Male,0,No,No,No,0
2919,2014-06-01,,Two year,No,Bank transfer (automatic),95.1,6683.4,Fiber optic,Yes,Yes,No,Yes,No,Yes,Male,0,Yes,Yes,No,0
2920,2016-10-01,,One year,No,Mailed check,40.25,1564.05,DSL,Yes,Yes,No,Yes,No,No,Male,0,No,Yes,No,0
2921,2017-07-01,,Two year,No,Mailed check,25.75,755.6,Fiber optic,No,No,No,No,No,No,Male,0,Yes,Yes,Yes,0
2922,2017-05-01,,Month-to-month,Yes,Bank transfer (automatic),105.35,3465.05,Fiber optic,No,Yes,Yes,No,Yes,Yes,Female,1,No,Yes,Yes,0
2923,2015-07-01,,Two year,Yes,Electronic check,113.6,6292.7,Fiber optic,No,Yes,Yes,Yes,Yes,Yes,Male,1,Yes,No,Yes,0
2924,2014-06-01,,Two year,Yes,Bank transfer (automatic),24.0,1664.3,Fiber optic,No,No,No,No,No,No,Male,0,Yes,Yes,Yes,0
2925,2019-02-01,,Month-to-month,No,Bank transfer (automatic),19.4,198.1,Fiber optic,No,No,No,No,No,No,Female,0,Yes,Yes,No,0
2926,2014-03-01,,Two year,Yes,Bank transfer (automatic),86.1,6045.9,DSL,Yes,Yes,Yes,Yes,Yes,Yes,Male,0,Yes,No,No,0
2927,2016-10-01,,Month-to-month,Yes,Mailed check,102.65,4108.15,Fiber optic,No,Yes,Yes,No,Yes,Yes,Male,0,No,No,Yes,0
2928,2014-10-01,,One year,Yes,Electronic check,92.85,5980.75,Fiber optic,No,Yes,Yes,No,No,Yes,Female,0,Yes,Yes,Yes,0
2929,2015-09-01,,One year,No,Bank transfer (automatic),97.75,5043.2,Fiber optic,No,Yes,No,Yes,No,Yes,Male,0,Yes,No,Yes,0
2930,2018-12-01,2019-12-01,Month-to-month,Yes,Mailed check,83.8,1029.75,Fiber optic,No,Yes,Yes,Yes,No,No,Male,1,No,No,No,1
2931,2015-06-01,2019-11-01,Month-to-month,Yes,Electronic check,54.45,2854.55,DSL,No,Yes,Yes,No,Yes,Yes,Male,1,No,No,No,1
2932,2014-02-01,,Two year,Yes,Credit card (automatic),97.95,7114.25,Fiber optic,Yes,Yes,Yes,No,Yes,No,Male,0,Yes,No,Yes,0
2933,2016-04-01,,Two year,No,Electronic check,19.95,907.05,Fiber optic,No,No,No,No,No,No,Male,0,No,No,No,0
2934,2016-10-01,,Two year,Yes,Mailed check,24.6,973.95,Fiber optic,No,No,No,No,No,No,Male,0,No,No,Yes,0
2935,2019-02-01,,Month-to-month,Yes,Bank transfer (automatic),50.95,605.75,DSL,Yes,Yes,No,Yes,Yes,No,Male,0,No,No,No,0
2936,2019-05-01,,Month-to-month,No,Electronic check,75.6,661.55,Fiber optic,Yes,No,No,No,No,No,Male,0,No,No,No,0
2937,2015-11-01,,Month-to-month,Yes,Electronic check,80.75,4116.9,Fiber optic,No,No,No,Yes,No,No,Female,0,Yes,Yes,Yes,0
2938,2016-01-01,,Month-to-month,Yes,Credit card (automatic),90.4,4494.65,Fiber optic,No,Yes,Yes,No,Yes,No,Male,0,Yes,Yes,No,0
2939,2016-05-01,2019-10-01,Month-to-month,Yes,Electronic check,99.8,4259.3,Fiber optic,No,No,Yes,No,Yes,Yes,Male,1,Yes,No,Yes,1
2940,2015-06-01,,One year,Yes,Credit card (automatic),60.25,3282.75,DSL,Yes,No,Yes,Yes,No,No,Female,0,No,No,No,0
2941,2019-10-01,,Month-to-month,Yes,Electronic check,20.2,55.7,Fiber optic,No,No,No,No,No,No,Male,0,No,No,No,0
2942,2018-06-01,,One year,Yes,Mailed check,64.15,1274.45,DSL,Yes,No,No,Yes,No,Yes,Male,0,Yes,No,No,0
2943,2017-12-01,,Month-to-month,Yes,Credit card (automatic),20.25,493.95,Fiber optic,No,No,No,No,No,No,Female,0,Yes,Yes,No,0
2944,2018-04-01,2019-12-01,Month-to-month,Yes,Bank transfer (automatic),105.85,2239.65,Fiber optic,No,Yes,Yes,No,Yes,Yes,Female,0,Yes,Yes,Yes,1
2945,2019-06-01,2020-01-01,Month-to-month,No,Mailed check,75.45,480.75,Fiber optic,No,No,No,No,No,No,Female,0,No,No,Yes,1
2946,2019-03-01,2019-10-01,Month-to-month,Yes,Electronic check,93.85,635.6,Fiber optic,No,No,No,No,Yes,Yes,Male,0,No,No,Yes,1
2947,2015-11-01,,Month-to-month,Yes,Electronic check,99.0,5038.15,Fiber optic,No,Yes,Yes,No,Yes,Yes,Male,0,No,No,No,0
2948,2019-10-01,,Month-to-month,Yes,Mailed check,80.3,324.2,Fiber optic,No,Yes,No,No,No,No,Female,0,No,No,Yes,0
2949,2020-01-01,,Month-to-month,No,Credit card (automatic),19.55,19.55,Fiber optic,No,No,No,No,No,No,Female,0,No,No,No,0
2950,2017-11-01,,Month-to-month,No,Electronic check,100.75,2793.55,Fiber optic,Yes,Yes,No,Yes,Yes,No,Male,0,Yes,Yes,Yes,0
2951,2018-02-01,2019-12-01,Month-to-month,Yes,Electronic check,100.75,2095.0,Fiber optic,Yes,No,No,No,Yes,Yes,Male,0,No,No,Yes,1
2952,2019-02-01,,Month-to-month,Yes,Mailed check,53.75,648.65,DSL,No,Yes,No,Yes,No,No,Male,0,No,No,No,0
2953,2019-10-01,2020-01-01,Month-to-month,Yes,Mailed check,31.0,95.05,DSL,No,No,No,Yes,No,No,Female,0,Yes,Yes,No,1
2954,2017-04-01,,One year,Yes,Credit card (automatic),25.6,917.15,Fiber optic,No,No,No,No,No,No,Female,0,Yes,Yes,Yes,0
2955,2018-02-01,,One year,Yes,Electronic check,58.35,1346.9,DSL,Yes,No,No,Yes,No,No,Male,0,Yes,No,Yes,0
2956,2015-08-01,2019-11-01,Month-to-month,No,Credit card (automatic),80.0,4242.35,Fiber optic,No,No,Yes,No,No,No,Male,0,No,No,Yes,1
2957,2018-12-01,,Month-to-month,Yes,Electronic check,46.35,672.7,DSL,No,No,No,No,Yes,Yes,Female,1,No,No,No,0
2958,2015-03-01,,Two year,No,Electronic check,113.75,6561.25,Fiber optic,Yes,Yes,Yes,Yes,Yes,Yes,Male,0,Yes,No,Yes,0
2959,2019-11-01,,Month-to-month,No,Electronic check,90.4,268.45,Fiber optic,No,Yes,Yes,No,No,Yes,Male,0,No,No,No,0
2960,2014-09-01,,Two year,No,Electronic check,109.3,7337.55,Fiber optic,Yes,No,Yes,Yes,Yes,Yes,Female,0,Yes,Yes,Yes,0
2961,2019-07-01,2019-12-01,Month-to-month,Yes,Mailed check,70.25,331.9,Fiber optic,No,No,No,No,No,No,Male,1,No,No,No,1
2962,2015-03-01,,Two year,No,Credit card (automatic),90.3,5194.05,DSL,Yes,Yes,Yes,Yes,Yes,Yes,Female,0,Yes,Yes,Yes,0
2963,2014-02-01,,Two year,Yes,Credit card (automatic),65.25,4478.85,DSL,Yes,Yes,Yes,Yes,Yes,Yes,Male,0,Yes,Yes,No,0
2964,2014-09-01,2019-11-01,Month-to-month,Yes,Electronic check,100.15,6283.3,Fiber optic,No,Yes,Yes,No,Yes,Yes,Female,0,Yes,Yes,No,1
2965,2017-08-01,2019-12-01,Month-to-month,Yes,Credit card (automatic),94.5,2659.4,Fiber optic,Yes,Yes,No,No,No,Yes,Male,0,No,No,Yes,1
2966,2019-11-01,,Month-to-month,No,Mailed check,60.65,196.9,DSL,No,No,No,Yes,No,Yes,Male,0,No,No,No,0
2967,2018-07-01,,Month-to-month,Yes,Credit card (automatic),24.1,439.2,Fiber optic,No,No,No,No,No,No,Male,0,No,Yes,Yes,0
2968,2020-01-01,,Month-to-month,Yes,Mailed check,19.5,19.5,Fiber optic,No,No,No,No,No,No,Male,0,No,No,No,0
2969,2018-02-01,,Month-to-month,Yes,Electronic check,85.95,2107.15,Fiber optic,No,Yes,Yes,Yes,No,No,Male,0,No,No,No,0
2970,2015-05-01,,One year,Yes,Electronic check,53.5,3035.8,DSL,No,No,Yes,Yes,No,No,Male,1,No,No,No,0
2971,2014-02-01,,Two year,No,Credit card (automatic),25.45,1866.45,Fiber optic,No,No,No,No,No,No,Female,0,No,No,Yes,0
2972,2014-07-01,,Two year,No,Bank transfer (automatic),20.5,1430.95,Fiber optic,No,No,No,No,No,No,Male,0,No,No,No,0
2973,2015-10-01,,One year,Yes,Credit card (automatic),20.85,1071.6,Fiber optic,No,No,No,No,No,No,Male,0,Yes,Yes,No,0
2974,2014-03-01,,Two year,No,Credit card (automatic),89.9,6457.15,DSL,Yes,Yes,Yes,Yes,Yes,Yes,Male,0,Yes,Yes,Yes,0
2975,2017-12-01,,One year,No,Mailed check,26.0,684.05,Fiber optic,No,No,No,No,No,No,Female,0,Yes,No,Yes,0
2976,2017-03-01,,Two year,Yes,Mailed check,113.2,3914.05,Fiber optic,Yes,Yes,Yes,Yes,Yes,Yes,Female,0,No,No,Yes,0
2977,2015-07-01,,Two year,Yes,Credit card (automatic),69.05,3842.6,Fiber optic,No,No,No,No,No,No,Female,0,Yes,Yes,No,0
2978,2017-05-01,,Two year,No,Mailed check,20.1,670.35,Fiber optic,No,No,No,No,No,No,Female,0,Yes,Yes,No,0
2979,2014-02-01,,Two year,Yes,Electronic check,109.65,7880.25,Fiber optic,Yes,Yes,Yes,No,Yes,Yes,Male,0,Yes,No,Yes,0
2980,2020-01-01,,Month-to-month,Yes,Mailed check,19.2,19.2,Fiber optic,No,No,No,No,No,No,Male,0,No,Yes,No,0
2981,2019-03-01,2020-01-01,Month-to-month,Yes,Mailed check,33.9,298.45,DSL,No,No,No,No,No,Yes,Male,0,No,No,No,1
2982,2017-01-01,,Month-to-month,No,Electronic check,90.0,3371.75,Fiber optic,No,No,Yes,Yes,Yes,No,Female,1,Yes,No,No,0
2983,2019-02-01,,Month-to-month,No,Mailed check,34.0,442.45,DSL,No,Yes,No,Yes,No,No,Male,0,No,No,No,0
2984,2020-01-01,,One year,No,Mailed check,20.4,20.4,Fiber optic,No,No,No,No,No,No,Male,0,Yes,Yes,No,0
2985,2014-12-01,,Two year,Yes,Credit card (automatic),38.6,2345.55,DSL,Yes,Yes,No,Yes,No,No,Male,0,Yes,No,No,0
2986,2020-01-01,,Month-to-month,No,Bank transfer (automatic),25.25,25.25,DSL,No,No,No,No,No,No,Female,0,No,No,No,0
2987,2018-08-01,,Month-to-month,Yes,Mailed check,60.6,1156.35,DSL,Yes,No,Yes,No,No,No,Female,0,No,No,Yes,0
2988,2014-03-01,2019-12-01,Month-to-month,Yes,Electronic check,89.95,6143.15,Fiber optic,No,Yes,No,No,Yes,No,Male,1,Yes,No,Yes,1
2989,2019-12-01,,Month-to-month,Yes,Electronic check,74.75,144.8,Fiber optic,No,Yes,No,No,No,No,Male,0,No,No,No,0
2990,2018-07-01,,Month-to-month,No,Mailed check,20.6,414.95,Fiber optic,No,No,No,No,No,No,Male,0,Yes,Yes,No,0
2991,2019-01-01,2020-01-01,Month-to-month,Yes,Electronic check,84.45,1059.55,Fiber optic,No,No,No,No,Yes,No,Male,0,No,No,Yes,1
2992,2019-05-01,,Month-to-month,No,Mailed check,20.4,181.8,Fiber optic,No,No,No,No,No,No,Male,0,No,No,No,0
2993,2017-11-01,,One year,No,Electronic check,81.7,2212.55,DSL,Yes,No,Yes,Yes,Yes,Yes,Male,0,No,No,No,0
2994,2017-07-01,2019-10-01,Month-to-month,Yes,Electronic check,79.5,2180.55,Fiber optic,No,No,No,Yes,No,No,Male,0,No,Yes,Yes,1
2995,2019-10-01,2019-11-01,Month-to-month,No,Mailed check,89.15,89.15,Fiber optic,No,No,No,No,Yes,Yes,Male,0,Yes,Yes,No,1
2996,2018-02-01,,Month-to-month,Yes,Mailed check,20.3,459.95,Fiber optic,No,No,No,No,No,No,Female,1,No,No,No,0
2997,2018-11-01,2020-01-01,Month-to-month,Yes,Electronic check,74.95,1036.75,Fiber optic,No,No,No,No,No,No,Male,1,No,No,Yes,1
2998,2017-03-01,2019-11-01,Month-to-month,Yes,Electronic check,74.4,2276.95,Fiber optic,No,Yes,No,No,No,No,Female,1,No,No,No,1
2999,2019-03-01,,One year,No,Mailed check,20.0,211.95,Fiber optic,No,No,No,No,No,No,Female,0,No,No,No,0
3000,2020-01-01,,Month-to-month,Yes,Mailed check,25.0,25.0,Fiber optic,No,No,No,No,No,No,Male,0,No,No,Yes,0
3014,2014-02-01,,Two year,No,Credit card (automatic),89.7,6339.3,DSL,Yes,Yes,Yes,Yes,Yes,Yes,Male,0,Yes,Yes,Yes,0
3015,2019-05-01,,Month-to-month,No,Mailed check,20.4,184.1,Fiber optic,No,No,No,No,No,No,Male,0,No,Yes,No,0
3016,2014-07-01,,Two year,No,Mailed check,26.3,1688.9,Fiber optic,No,No,No,No,No,No,Male,0,Yes,Yes,Yes,0
3017,2018-09-01,2020-01-01,Month-to-month,Yes,Electronic check,84.95,1378.25,Fiber optic,No,No,No,No,Yes,No,Female,0,Yes,No,Yes,1
3018,2019-06-01,,Month-to-month,Yes,Mailed check,20.7,137.6,Fiber optic,No,No,No,No,No,No,Female,0,No,No,No,0
3019,2019-07-01,2019-12-01,Month-to-month,Yes,Mailed check,43.25,219.0,DSL,Yes,Yes,Yes,Yes,No,No,Male,0,No,No,No,1
3020,2017-12-01,2019-11-01,One year,Yes,Credit card (automatic),48.35,1067.15,DSL,No,No,No,No,No,No,Male,0,Yes,Yes,Yes,1
3021,2019-12-01,2020-01-01,Month-to-month,Yes,Electronic check,79.55,79.55,Fiber optic,No,No,No,No,Yes,No,Male,0,No,No,No,1
3022,2015-09-01,2019-11-01,Month-to-month,Yes,Electronic check,71.05,3444.85,Fiber optic,No,No,No,No,No,No,Female,1,Yes,No,No,1
3023,2018-09-01,,Two year,No,Credit card (automatic),19.45,369.05,Fiber optic,No,No,No,No,No,No,Male,0,No,No,No,0
3024,2014-06-01,,Two year,Yes,Bank transfer (automatic),110.8,7553.6,Fiber optic,Yes,Yes,Yes,No,Yes,Yes,Female,0,Yes,No,Yes,0
3025,2019-12-01,2020-01-01,Month-to-month,No,Electronic check,84.5,84.5,Fiber optic,No,No,No,No,Yes,No,Male,0,No,No,Yes,1
3026,2018-01-01,,Month-to-month,Yes,Electronic check,69.3,1813.1,Fiber optic,No,No,No,No,No,No,Female,1,Yes,No,No,0
3027,2014-07-01,,One year,Yes,Bank transfer (automatic),49.35,3321.35,DSL,Yes,No,Yes,Yes,Yes,No,Male,0,No,No,No,0
3028,2017-06-01,,One year,No,Credit card (automatic),20.35,707.5,Fiber optic,No,No,No,No,No,No,Male,0,No,No,No,0
3029,2014-07-01,,One year,Yes,Electronic check,105.6,7112.15,Fiber optic,Yes,Yes,No,No,Yes,Yes,Female,1,Yes,No,Yes,0
3030,2014-02-01,,Two year,Yes,Credit card (automatic),64.45,4641.1,DSL,Yes,Yes,Yes,Yes,Yes,Yes,Male,1,Yes,No,No,0
3031,2013-11-01,2019-10-01,Two year,Yes,Credit card (automatic),108.6,7690.9,Fiber optic,No,Yes,Yes,Yes,Yes,Yes,Male,0,Yes,No,Yes,1
3032,2020-01-01,,Month-to-month,Yes,Electronic check,49.9,49.9,DSL,No,Yes,No,No,No,No,Male,0,No,Yes,No,0
3033,2016-02-01,2019-12-01,Month-to-month,No,Bank transfer (automatic),30.3,1380.1,DSL,No,Yes,No,No,No,No,Male,0,No,No,No,1
3034,2019-11-01,2020-01-01,Month-to-month,Yes,Electronic check,30.4,78.65,DSL,No,No,Yes,No,No,No,Female,1,No,No,No,1
3035,2019-12-01,2020-01-01,Month-to-month,Yes,Mailed check,45.4,45.4,DSL,No,No,No,No,No,No,Female,0,No,No,No,1
3036,2016-02-01,,One year,Yes,Electronic check,65.65,3094.65,DSL,No,Yes,Yes,No,No,Yes,Female,0,Yes,No,No,0
3037,2015-01-01,,One year,Yes,Bank transfer (automatic),103.3,6518.35,Fiber optic,No,No,Yes,Yes,Yes,Yes,Female,0,Yes,No,Yes,0
3038,2017-03-01,2019-11-01,Month-to-month,No,Bank transfer (automatic),84.15,2585.95,Fiber optic,No,Yes,No,No,No,Yes,Female,0,Yes,No,No,1
3039,2019-12-01,,Month-to-month,No,Electronic check,44.45,82.7,DSL,No,No,No,No,No,No,Female,0,No,No,No,0
3040,2019-09-01,2019-12-01,Month-to-month,No,Electronic check,19.75,58.85,Fiber optic,No,No,No,No,No,No,Female,0,No,No,No,1
3041,2019-07-01,2019-12-01,Month-to-month,Yes,Credit card (automatic),85.4,425.9,Fiber optic,No,No,No,Yes,No,Yes,Female,0,No,No,No,1
3042,2014-03-01,,Two year,No,Bank transfer (automatic),89.9,6342.7,DSL,Yes,Yes,Yes,Yes,Yes,Yes,Female,0,Yes,Yes,Yes,0
3043,2017-01-01,,Month-to-month,Yes,Mailed check,55.05,2030.75,DSL,Yes,No,No,No,No,No,Male,0,Yes,No,Yes,0
3044,2014-09-01,,Two year,Yes,Bank transfer (automatic),104.1,6700.05,Fiber optic,No,No,Yes,Yes,Yes,Yes,Male,0,Yes,Yes,Yes,0
3045,2014-07-01,,One year,Yes,Bank transfer (automatic),106.6,7244.7,Fiber optic,No,Yes,No,Yes,Yes,Yes,Female,0,No,Yes,Yes,0
3046,2015-12-01,2020-01-01,Month-to-month,No,Credit card (automatic),75.2,3678.3,Fiber optic,No,No,No,No,No,No,Male,0,No,Yes,Yes,1
3047,2015-12-01,,Two year,Yes,Credit card (automatic),70.5,3486.65,DSL,Yes,No,No,Yes,Yes,No,Male,0,Yes,Yes,Yes,0
3048,2018-01-01,,One year,No,Electronic check,19.6,411.15,Fiber optic,No,No,No,No,No,No,Male,0,Yes,Yes,No,0
3049,2018-08-01,2020-01-01,One year,Yes,Mailed check,55.85,937.5,DSL,No,No,Yes,No,No,No,Female,0,No,Yes,Yes,1
3050,2014-10-01,,Two year,Yes,Mailed check,24.05,1559.15,Fiber optic,No,No,No,No,No,No,Female,0,Yes,Yes,Yes,0
3051,2018-01-01,,One year,Yes,Credit card (automatic),38.1,970.4,DSL,No,No,Yes,No,Yes,No,Male,0,Yes,No,No,0
3052,2018-02-01,2020-01-01,Month-to-month,Yes,Electronic check,106.4,2483.5,Fiber optic,No,Yes,Yes,No,Yes,Yes,Male,1,No,No,Yes,1
3053,2018-02-01,,Month-to-month,No,Mailed check,34.25,828.2,DSL,No,No,Yes,Yes,No,No,Male,1,Yes,No,No,0
3054,2017-01-01,,Month-to-month,Yes,Electronic check,100.05,3810.55,Fiber optic,No,No,Yes,No,Yes,Yes,Female,0,No,No,Yes,0
3055,2018-05-01,,Month-to-month,Yes,Electronic check,68.65,1493.2,Fiber optic,No,No,No,No,No,No,Female,0,No,No,No,0
3056,2020-01-01,,Month-to-month,Yes,Mailed check,45.8,45.8,DSL,No,No,No,No,No,No,Male,0,No,No,No,0
3057,2019-04-01,,Month-to-month,Yes,Mailed check,75.75,777.3,Fiber optic,No,No,No,No,No,No,Female,0,No,No,Yes,0
3058,2019-04-01,2019-10-01,Month-to-month,Yes,Electronic check,84.4,556.35,Fiber optic,No,Yes,No,No,No,Yes,Male,0,No,No,No,1
3059,2015-11-01,,One year,Yes,Credit card (automatic),96.4,4911.05,Fiber optic,Yes,Yes,No,No,No,Yes,Male,0,Yes,No,Yes,0
3060,2019-04-01,,Month-to-month,Yes,Mailed check,20.55,187.35,Fiber optic,No,No,No,No,No,No,Female,0,No,No,No,0
3061,2019-08-01,,Month-to-month,No,Credit card (automatic),50.95,307.6,DSL,Yes,Yes,No,Yes,No,Yes,Female,0,No,No,No,0
3062,2016-03-01,,Two year,Yes,Mailed check,90.5,4318.35,DSL,Yes,Yes,Yes,Yes,Yes,Yes,Male,0,Yes,Yes,Yes,0
3063,2015-01-01,,One year,Yes,Electronic check,79.4,4820.55,DSL,Yes,Yes,Yes,Yes,No,Yes,Female,0,Yes,Yes,Yes,0
3064,2015-10-01,,Two year,Yes,Bank transfer (automatic),58.75,3038.55,DSL,Yes,Yes,Yes,No,Yes,Yes,Female,0,No,No,No,0
3065,2017-03-01,,Month-to-month,Yes,Credit card (automatic),59.45,2136.9,DSL,Yes,Yes,No,No,No,No,Female,0,Yes,Yes,Yes,0
3066,2014-03-01,,One year,Yes,Bank transfer (automatic),105.7,7472.15,Fiber optic,No,Yes,Yes,No,Yes,Yes,Male,0,Yes,No,Yes,0
3067,2019-04-01,2019-10-01,Month-to-month,No,Electronic check,56.25,389.1,DSL,Yes,Yes,No,No,No,No,Female,0,No,No,No,1
3068,2016-05-01,,Two year,No,Credit card (automatic),53.3,2296.25,DSL,Yes,No,Yes,No,No,No,Male,0,Yes,No,No,0
3069,2019-08-01,2019-10-01,Month-to-month,Yes,Electronic check,85.55,187.45,Fiber optic,No,No,No,No,Yes,No,Female,1,No,No,Yes,1
3070,2019-06-01,2019-10-01,Month-to-month,Yes,Bank transfer (automatic),68.65,261.25,DSL,No,Yes,No,No,Yes,Yes,Female,0,No,No,No,1
3071,2019-12-01,,Month-to-month,No,Mailed check,24.3,38.45,DSL,No,No,No,No,No,No,Male,0,No,No,No,0
3072,2019-07-01,2019-11-01,Month-to-month,No,Electronic check,77.85,299.2,Fiber optic,No,No,No,No,Yes,No,Male,0,No,No,No,1
3073,2015-11-01,,One year,No,Credit card (automatic),59.9,3043.6,DSL,Yes,No,No,Yes,No,No,Male,0,No,No,Yes,0
3074,2015-02-01,,One year,No,Credit card (automatic),23.95,1506.4,Fiber optic,No,No,No,No,No,No,Male,0,Yes,Yes,Yes,0
3075,2019-05-01,,One year,Yes,Mailed check,20.15,163.7,Fiber optic,No,No,No,No,No,No,Male,0,No,No,No,0
3076,2019-07-01,2019-10-01,Month-to-month,Yes,Bank transfer (automatic),105.35,323.25,Fiber optic,No,Yes,Yes,No,Yes,Yes,Male,0,No,No,Yes,1
3077,2018-09-01,,Month-to-month,Yes,Bank transfer (automatic),95.65,1640.0,Fiber optic,No,No,Yes,Yes,No,Yes,Male,0,No,No,Yes,0
3078,2019-03-01,2019-11-01,Month-to-month,Yes,Electronic check,87.05,762.1,Fiber optic,No,No,No,No,Yes,No,Female,0,No,No,Yes,1
3079,2016-04-01,,Two year,No,Mailed check,81.0,3846.35,DSL,Yes,No,Yes,Yes,Yes,Yes,Male,0,Yes,Yes,No,0
3080,2014-06-01,,Two year,Yes,Credit card (automatic),82.45,5646.6,DSL,Yes,Yes,Yes,Yes,Yes,Yes,Female,0,No,No,No,0
3081,2019-09-01,2019-10-01,Month-to-month,Yes,Mailed check,53.5,53.5,DSL,No,No,No,No,Yes,No,Male,0,No,No,No,1
3082,2019-10-01,,One year,No,Bank transfer (automatic),20.5,79.05,Fiber optic,No,No,No,No,No,No,Female,0,Yes,No,No,0
3083,2019-10-01,2019-11-01,Month-to-month,Yes,Mailed check,25.1,25.1,DSL,No,No,No,No,No,No,Female,0,No,No,No,1
3084,2017-10-01,,One year,Yes,Credit card (automatic),54.4,1516.6,DSL,No,Yes,No,Yes,No,No,Male,0,No,Yes,No,0
3085,2016-11-01,,One year,Yes,Credit card (automatic),58.6,2224.5,DSL,No,Yes,No,No,Yes,No,Female,0,No,No,No,0
3086,2019-03-01,,Month-to-month,No,Electronic check,84.8,888.75,Fiber optic,No,No,Yes,No,No,Yes,Male,0,No,No,No,0
3087,2014-03-01,,Two year,Yes,Credit card (automatic),61.4,4310.35,DSL,No,Yes,Yes,Yes,Yes,Yes,Female,0,Yes,No,No,0
3088,2019-12-01,,Month-to-month,No,Mailed check,20.4,42.9,Fiber optic,No,No,No,No,No,No,Male,0,No,Yes,No,0
3089,2017-04-01,2019-10-01,Month-to-month,Yes,Mailed check,79.65,2365.15,Fiber optic,No,Yes,Yes,No,No,No,Male,1,Yes,No,No,1
3090,2018-09-01,,One year,No,Mailed check,20.15,353.65,Fiber optic,No,No,No,No,No,No,Female,0,No,No,No,0
3091,2015-07-01,,Month-to-month,Yes,Credit card (automatic),94.45,5073.1,Fiber optic,No,Yes,Yes,No,Yes,No,Female,0,Yes,No,Yes,0
3092,2015-04-01,,Month-to-month,Yes,Bank transfer (automatic),79.8,4526.85,Fiber optic,Yes,No,No,No,No,No,Female,0,No,No,Yes,0
3093,2019-08-01,2020-01-01,Month-to-month,No,Electronic check,54.2,308.25,DSL,Yes,No,No,Yes,No,No,Female,0,No,No,No,1
3094,2019-11-01,2019-12-01,Month-to-month,Yes,Electronic check,19.45,19.45,Fiber optic,No,No,No,No,No,No,Female,1,No,No,No,1
3095,2019-05-01,,Month-to-month,Yes,Electronic check,74.05,678.45,Fiber optic,No,No,No,No,No,No,Male,1,No,No,Yes,0
3096,2017-12-01,,Month-to-month,No,Bank transfer (automatic),49.15,1237.3,DSL,No,No,No,Yes,No,No,Male,0,No,No,No,0
3097,2015-12-01,,Two year,No,Credit card (automatic),19.4,1023.95,Fiber optic,No,No,No,No,No,No,Female,0,No,No,No,0
3098,2014-02-01,,Two year,Yes,Bank transfer (automatic),113.65,8182.75,Fiber optic,Yes,Yes,Yes,Yes,Yes,Yes,Female,0,Yes,No,Yes,0
3099,2016-07-01,,One year,Yes,Credit card (automatic),106.0,4532.3,Fiber optic,Yes,Yes,No,Yes,Yes,Yes,Female,0,No,Yes,No,0
3100,2015-06-01,,Two year,Yes,Bank transfer (automatic),25.95,1444.05,Fiber optic,No,No,No,No,No,No,Male,0,No,No,Yes,0
3101,2020-01-01,,Month-to-month,No,Mailed check,19.1,19.1,Fiber optic,No,No,No,No,No,No,Female,0,No,No,No,0
3102,2014-01-01,2020-01-01,Two year,Yes,Electronic check,103.4,7372.65,Fiber optic,No,Yes,Yes,No,Yes,Yes,Male,0,Yes,Yes,Yes,1
3103,2014-02-01,,Two year,Yes,Bank transfer (automatic),100.55,7325.1,Fiber optic,Yes,Yes,No,Yes,No,Yes,Male,0,Yes,No,Yes,0
3104,2017-02-01,,Month-to-month,Yes,Electronic check,95.4,3474.2,Fiber optic,No,No,No,No,Yes,Yes,Male,0,Yes,No,Yes,0
3105,2019-09-01,,Month-to-month,No,Bank transfer (automatic),75.15,392.65,DSL,No,No,Yes,Yes,Yes,Yes,Male,0,No,No,No,0
3106,2018-12-01,2020-01-01,Month-to-month,Yes,Electronic check,84.45,1058.6,Fiber optic,No,Yes,Yes,No,No,No,Female,0,No,No,Yes,1
3107,2016-06-01,,One year,No,Credit card (automatic),89.15,3990.75,Fiber optic,No,Yes,Yes,No,No,Yes,Female,1,No,No,No,0
3108,2014-04-01,,One year,Yes,Electronic check,107.9,7475.85,Fiber optic,No,Yes,Yes,Yes,Yes,Yes,Female,1,Yes,Yes,Yes,0
3109,2016-06-01,,One year,No,Credit card (automatic),19.5,835.5,Fiber optic,No,No,No,No,No,No,Male,0,No,No,No,0
3110,2017-03-01,2019-11-01,Month-to-month,Yes,Credit card (automatic),85.95,2628.6,Fiber optic,No,No,No,No,Yes,No,Female,1,Yes,No,Yes,1
3111,2014-05-01,,Two year,Yes,Credit card (automatic),24.95,1718.35,Fiber optic,No,No,No,No,No,No,Female,0,Yes,No,Yes,0
3112,2018-09-01,2020-01-01,Month-to-month,No,Electronic check,59.4,1023.9,DSL,No,No,No,Yes,Yes,No,Female,1,No,No,No,1
3113,2014-06-01,,One year,No,Bank transfer (automatic),19.5,1193.55,Fiber optic,No,No,No,No,No,No,Male,1,Yes,Yes,No,0
3114,2018-10-01,,Month-to-month,Yes,Credit card (automatic),69.95,1205.5,Fiber optic,No,No,No,No,No,No,Male,0,No,No,No,0
3115,2014-06-01,,Two year,No,Bank transfer (automatic),82.85,5776.45,DSL,Yes,Yes,No,Yes,Yes,Yes,Male,0,Yes,Yes,No,0
3116,2019-10-01,,Month-to-month,No,Mailed check,19.0,78.9,Fiber optic,No,No,No,No,No,No,Male,0,No,No,No,0
3117,2017-12-01,,Month-to-month,No,Credit card (automatic),38.85,1025.15,DSL,Yes,Yes,No,Yes,No,No,Female,0,Yes,Yes,No,0
3118,2017-05-01,2019-10-01,Month-to-month,Yes,Electronic check,30.6,856.35,DSL,No,Yes,No,No,No,No,Female,0,No,No,No,1
3119,2019-09-01,,Month-to-month,No,Credit card (automatic),20.35,122.0,Fiber optic,No,No,No,No,No,No,Male,0,No,Yes,No,0
3120,2014-04-01,,One year,Yes,Bank transfer (automatic),95.0,6602.9,Fiber optic,No,Yes,Yes,No,Yes,No,Male,0,Yes,No,Yes,0
3121,2018-02-01,,One year,No,Bank transfer (automatic),74.4,1712.9,DSL,Yes,No,No,Yes,Yes,Yes,Male,0,Yes,No,No,0
3122,2014-02-01,,Two year,No,Bank transfer (automatic),78.45,5682.25,DSL,Yes,Yes,Yes,Yes,No,Yes,Female,1,Yes,No,Yes,0
3123,2020-01-01,,Month-to-month,Yes,Mailed check,74.3,74.3,Fiber optic,No,No,No,Yes,No,No,Male,0,No,No,No,0
3124,2014-04-01,,One year,Yes,Bank transfer (automatic),51.05,3635.15,DSL,No,Yes,Yes,Yes,No,Yes,Male,0,Yes,No,No,0
3125,2017-02-01,,Month-to-month,No,Bank transfer (automatic),19.2,702.9,Fiber optic,No,No,No,No,No,No,Female,0,Yes,Yes,No,0
3126,2016-09-01,2019-11-01,Month-to-month,Yes,Electronic check,99.55,3734.25,Fiber optic,No,No,No,Yes,Yes,Yes,Female,1,No,No,Yes,1
3127,2018-06-01,2019-11-01,Month-to-month,Yes,Electronic check,70.0,1144.5,Fiber optic,No,No,No,No,No,No,Female,0,No,No,No,1
3128,2016-09-01,,One year,Yes,Bank transfer (automatic),109.1,4454.25,Fiber optic,No,Yes,Yes,Yes,Yes,Yes,Female,0,Yes,Yes,Yes,0
3129,2019-09-01,2019-10-01,Month-to-month,Yes,Electronic check,45.3,45.3,DSL,No,No,No,No,No,No,Female,0,No,No,No,1
3130,2019-08-01,2019-10-01,Month-to-month,No,Bank transfer (automatic),29.85,75.6,DSL,No,No,No,Yes,No,No,Male,0,No,No,No,1
3131,2018-12-01,,Month-to-month,No,Electronic check,76.45,1117.55,Fiber optic,No,No,Yes,No,No,No,Male,0,No,No,No,0
3132,2019-11-01,2020-01-01,Month-to-month,Yes,Credit card (automatic),95.1,180.25,Fiber optic,No,Yes,Yes,Yes,No,Yes,Male,1,No,No,No,1
3133,2019-10-01,2019-11-01,Month-to-month,No,Mailed check,19.8,19.8,Fiber optic,No,No,No,No,No,No,Male,0,No,No,No,1
3134,2019-01-01,,Month-to-month,Yes,Electronic check,72.8,930.05,DSL,No,Yes,Yes,Yes,Yes,No,Male,0,Yes,Yes,Yes,0
3135,2019-08-01,,Month-to-month,No,Mailed check,18.95,110.15,Fiber optic,No,No,No,No,No,No,Male,0,No,No,No,0
3136,2019-08-01,2019-12-01,Month-to-month,Yes,Bank transfer (automatic),76.65,333.6,Fiber optic,No,Yes,No,No,No,No,Female,0,No,No,No,1
3137,2019-06-01,2019-11-01,Month-to-month,Yes,Mailed check,99.15,465.05,Fiber optic,No,Yes,No,Yes,Yes,Yes,Female,0,Yes,Yes,No,1
3138,2018-11-01,,Month-to-month,No,Electronic check,101.75,1669.4,Fiber optic,Yes,No,Yes,No,Yes,Yes,Female,0,Yes,No,No,0
3139,2016-03-01,,Month-to-month,No,Credit card (automatic),75.45,3545.1,Fiber optic,Yes,No,No,No,No,No,Female,0,No,No,No,0
3140,2019-06-01,,Month-to-month,No,Mailed check,64.1,504.05,DSL,No,No,Yes,Yes,No,Yes,Female,0,No,No,No,0
3141,2018-09-01,,Month-to-month,Yes,Mailed check,25.65,440.2,DSL,No,No,No,No,No,No,Male,0,No,No,No,0
3142,2018-11-01,,Month-to-month,No,Mailed check,75.1,1151.55,Fiber optic,Yes,No,No,No,No,No,Male,0,Yes,Yes,No,0
3143,2017-12-01,,One year,Yes,Bank transfer (automatic),95.85,2475.35,Fiber optic,Yes,No,Yes,Yes,No,Yes,Female,0,No,No,No,0
3144,2018-03-01,,Month-to-month,No,Electronic check,54.4,1249.25,DSL,Yes,No,No,No,No,No,Female,0,No,No,Yes,0
3145,2019-10-01,,Month-to-month,No,Electronic check,72.75,317.75,Fiber optic,No,Yes,No,No,No,No,Female,1,No,No,No,0
3146,2017-09-01,,One year,No,Mailed check,19.85,535.05,Fiber optic,No,No,No,No,No,No,Male,0,No,Yes,No,0
3147,2018-01-01,,Month-to-month,No,Mailed check,19.05,461.3,Fiber optic,No,No,No,No,No,No,Female,0,No,No,No,0
3148,2019-03-01,2019-12-01,Month-to-month,No,Mailed check,44.95,431.0,DSL,No,No,No,No,No,No,Male,0,No,No,No,1
3149,2018-05-01,2019-11-01,Month-to-month,Yes,Mailed check,49.55,878.35,DSL,No,No,Yes,No,No,No,Male,0,Yes,No,No,1
3150,2019-11-01,,Month-to-month,Yes,Electronic check,94.85,335.75,Fiber optic,No,No,No,No,Yes,Yes,Male,1,No,No,Yes,0
3151,2014-05-01,,Two year,No,Bank transfer (automatic),46.25,3121.4,DSL,Yes,Yes,Yes,Yes,No,No,Female,0,Yes,Yes,No,0
3152,2018-12-01,,One year,No,Mailed check,19.35,324.8,Fiber optic,No,No,No,No,No,No,Male,0,No,No,No,0
3153,2018-07-01,,Month-to-month,No,Mailed check,69.6,1394.55,DSL,No,No,No,No,Yes,Yes,Male,0,No,No,Yes,0
3154,2016-11-01,,Month-to-month,No,Electronic check,90.7,3413.25,Fiber optic,No,Yes,No,No,No,Yes,Male,1,No,No,Yes,0
3155,2017-07-01,,Month-to-month,Yes,Electronic check,101.4,3143.65,Fiber optic,No,Yes,Yes,No,Yes,Yes,Male,0,No,No,No,0
3156,2018-02-01,,One year,No,Mailed check,20.25,439.75,Fiber optic,No,No,No,No,No,No,Male,0,Yes,Yes,No,0
3157,2018-12-01,,Month-to-month,No,Bank transfer (automatic),48.8,664.4,DSL,No,No,No,Yes,No,No,Male,0,Yes,No,No,0
3158,2014-10-01,,Two year,Yes,Mailed check,74.35,4759.55,DSL,Yes,Yes,Yes,Yes,No,Yes,Female,0,Yes,No,No,0
3159,2015-12-01,,One year,Yes,Mailed check,19.35,1033.0,Fiber optic,No,No,No,No,No,No,Female,0,No,No,No,0
3160,2015-10-01,,One year,Yes,Electronic check,68.75,3482.85,DSL,No,Yes,Yes,Yes,Yes,No,Male,0,Yes,Yes,No,0
3161,2017-10-01,,One year,No,Electronic check,100.2,2688.45,Fiber optic,No,Yes,No,No,Yes,Yes,Male,0,No,No,Yes,0
3162,2018-05-01,,Two year,Yes,Credit card (automatic),20.85,435.25,Fiber optic,No,No,No,No,No,No,Female,0,No,No,No,0
3163,2017-12-01,2020-01-01,Month-to-month,Yes,Electronic check,95.9,2448.75,Fiber optic,No,Yes,No,No,Yes,Yes,Male,0,No,Yes,No,1
3164,2018-09-01,,One year,No,Mailed check,19.35,307.0,Fiber optic,No,No,No,No,No,No,Female,0,Yes,No,No,0
3165,2015-04-01,,One year,Yes,Credit card (automatic),45.0,2689.35,DSL,No,No,No,No,Yes,Yes,Male,0,Yes,No,No,0
3166,2018-06-01,2019-11-01,Month-to-month,No,Bank transfer (automatic),81.5,1329.2,Fiber optic,No,No,No,No,No,Yes,Male,1,Yes,No,No,1
3167,2015-11-01,,Two year,No,Mailed check,25.5,1281.25,Fiber optic,No,No,No,No,No,No,Female,0,Yes,No,Yes,0
3168,2014-02-01,,Two year,No,Mailed check,48.9,3527.0,DSL,Yes,No,Yes,Yes,Yes,No,Male,0,Yes,Yes,No,0
3169,2015-08-01,2019-12-01,Month-to-month,No,Electronic check,84.1,4348.65,Fiber optic,Yes,No,No,No,Yes,No,Male,0,Yes,No,No,1
3170,2017-11-01,,Two year,Yes,Mailed check,19.6,561.15,Fiber optic,No,No,No,No,No,No,Female,0,No,No,No,0
3171,2019-11-01,,Month-to-month,No,Mailed check,20.0,63.6,Fiber optic,No,No,No,No,No,No,Female,0,No,No,No,0
3172,2014-10-01,,Two year,Yes,Mailed check,81.3,5129.3,DSL,Yes,Yes,Yes,Yes,No,Yes,Female,0,Yes,No,Yes,0
3173,2016-05-01,,Two year,Yes,Credit card (automatic),95.2,4285.8,Fiber optic,No,No,No,Yes,Yes,Yes,Female,0,Yes,No,No,0
3174,2019-09-01,2019-12-01,Month-to-month,Yes,Mailed check,36.45,93.7,DSL,No,No,No,No,Yes,No,Male,1,Yes,No,No,1
3175,2014-03-01,,Two year,Yes,Credit card (automatic),83.3,5894.5,DSL,No,Yes,Yes,Yes,Yes,Yes,Female,0,Yes,No,Yes,0
3176,2019-10-01,2019-11-01,Month-to-month,No,Mailed check,25.05,25.05,DSL,No,No,No,No,No,No,Female,1,No,No,No,1
3177,2015-04-01,,Two year,No,Credit card (automatic),20.3,1160.75,Fiber optic,No,No,No,No,No,No,Female,0,Yes,Yes,No,0
3178,2017-04-01,,Month-to-month,Yes,Electronic check,89.85,3091.75,Fiber optic,No,Yes,Yes,No,Yes,No,Male,0,Yes,Yes,No,0
3179,2019-05-01,2020-01-01,Month-to-month,Yes,Electronic check,49.85,365.55,DSL,Yes,No,No,No,No,No,Female,0,No,No,No,1
3180,2018-11-01,,Month-to-month,No,Mailed check,19.8,272.95,Fiber optic,No,No,No,No,No,No,Female,0,Yes,Yes,No,0
3181,2014-08-01,,Two year,No,Bank transfer (automatic),54.65,3632.0,DSL,No,No,Yes,Yes,Yes,Yes,Male,0,Yes,Yes,No,0
3182,2019-02-01,,Month-to-month,Yes,Credit card (automatic),29.35,381.2,DSL,No,Yes,No,No,No,No,Male,1,No,No,No,0
3183,2015-04-01,,Two year,Yes,Bank transfer (automatic),19.15,1035.5,Fiber optic,No,No,No,No,No,No,Male,0,No,No,No,0
3184,2019-11-01,,Two year,No,Mailed check,19.1,52.0,Fiber optic,No,No,No,No,No,No,Female,0,Yes,Yes,No,0
3185,2016-05-01,2019-12-01,Month-to-month,No,Credit card (automatic),55.55,2342.2,DSL,No,Yes,Yes,No,Yes,Yes,Female,1,Yes,No,No,1
3186,2019-05-01,,Month-to-month,No,Electronic check,80.55,653.9,Fiber optic,No,Yes,Yes,No,No,No,Female,0,No,No,No,0
3187,2019-11-01,,One year,No,Mailed check,20.25,71.2,Fiber optic,No,No,No,No,No,No,Female,0,No,No,No,0
3188,2017-12-01,2019-10-01,One year,Yes,Bank transfer (automatic),69.5,1498.2,DSL,No,Yes,No,No,Yes,Yes,Female,0,Yes,Yes,No,1
3189,2016-10-01,,One year,Yes,Bank transfer (automatic),106.0,4178.65,Fiber optic,No,Yes,Yes,No,Yes,Yes,Male,0,Yes,No,Yes,0
3190,2014-06-01,,Two year,No,Bank transfer (automatic),25.5,1821.8,Fiber optic,No,No,No,No,No,No,Female,0,No,No,Yes,0
3191,2015-06-01,2019-12-01,Month-to-month,Yes,Electronic check,104.3,5278.15,Fiber optic,No,Yes,Yes,No,Yes,Yes,Male,0,Yes,No,Yes,1
3192,2015-12-01,,Two year,Yes,Mailed check,79.6,4024.2,DSL,No,Yes,No,Yes,Yes,Yes,Female,0,No,No,Yes,0
3193,2020-01-01,,Month-to-month,Yes,Electronic check,55.25,55.25,DSL,No,No,No,No,No,Yes,Male,0,No,No,No,0
3194,2014-02-01,,Two year,No,Bank transfer (automatic),88.05,6520.8,DSL,Yes,Yes,Yes,Yes,Yes,Yes,Female,0,Yes,No,Yes,0
3195,2016-10-01,,One year,Yes,Bank transfer (automatic),20.4,854.9,Fiber optic,No,No,No,No,No,No,Male,0,No,Yes,No,0
3196,2014-02-01,,Two year,Yes,Bank transfer (automatic),117.6,8308.9,Fiber optic,Yes,Yes,Yes,Yes,Yes,Yes,Female,0,Yes,Yes,Yes,0
3197,2019-08-01,,Month-to-month,No,Mailed check,20.0,109.2,Fiber optic,No,No,No,No,No,No,Female,0,No,No,No,0
3198,2019-09-01,,Month-to-month,Yes,Credit card (automatic),19.65,92.05,Fiber optic,No,No,No,No,No,No,Female,0,No,No,No,0
3199,2016-02-01,,One year,Yes,Credit card (automatic),70.55,3420.5,DSL,No,Yes,Yes,No,No,Yes,Male,0,Yes,No,Yes,0
3200,2019-10-01,2019-11-01,Month-to-month,Yes,Electronic check,93.85,93.85,Fiber optic,No,No,No,No,Yes,Yes,Female,0,No,No,Yes,1
3201,2014-10-01,,One year,No,Mailed check,65.8,4068.0,DSL,Yes,No,No,Yes,Yes,No,Female,0,Yes,Yes,No,0
3202,2018-09-01,,One year,No,Credit card (automatic),20.05,337.9,Fiber optic,No,No,No,No,No,No,Female,0,No,No,No,0
3203,2016-10-01,,Month-to-month,Yes,Electronic check,80.0,3168.75,Fiber optic,No,Yes,Yes,No,No,No,Male,0,Yes,No,No,0
3204,2016-09-01,,One year,No,Credit card (automatic),35.4,1412.4,DSL,Yes,No,Yes,No,No,No,Female,0,Yes,Yes,No,0
3205,2015-11-01,,One year,Yes,Bank transfer (automatic),79.6,3974.7,Fiber optic,No,Yes,No,No,No,No,Male,1,No,No,Yes,0
3206,2016-09-01,,Month-to-month,Yes,Electronic check,80.25,3439.0,Fiber optic,No,Yes,No,No,No,No,Male,0,Yes,No,Yes,0
3207,2019-09-01,2019-10-01,Month-to-month,No,Mailed check,50.45,50.45,DSL,No,No,Yes,No,No,No,Female,0,Yes,Yes,No,1
3208,2019-12-01,,Month-to-month,Yes,Mailed check,20.45,42.45,Fiber optic,No,No,No,No,No,No,Female,0,No,No,No,0
3209,2014-06-01,,One year,No,Credit card (automatic),79.6,5461.45,Fiber optic,No,Yes,Yes,No,No,No,Male,0,No,No,No,0
3210,2018-02-01,,Two year,No,Mailed check,24.7,571.75,Fiber optic,No,No,No,No,No,No,Female,0,Yes,Yes,Yes,0
3211,2014-04-01,,Two year,No,Credit card (automatic),77.3,5498.2,DSL,Yes,No,Yes,Yes,No,Yes,Male,0,Yes,No,Yes,0
3212,2019-11-01,,Month-to-month,Yes,Electronic check,29.75,96.85,DSL,No,No,No,Yes,No,No,Male,0,No,No,No,0
3213,2019-12-01,,Month-to-month,No,Bank transfer (automatic),44.9,111.05,DSL,No,No,No,No,No,No,Male,0,No,No,No,0
3214,2019-11-01,,Month-to-month,No,Credit card (automatic),29.8,94.4,DSL,No,Yes,No,No,No,No,Male,0,Yes,No,No,0
3215,2019-04-01,2019-11-01,Month-to-month,Yes,Electronic check,74.65,521.1,DSL,No,No,No,Yes,Yes,Yes,Female,0,No,No,Yes,1
3216,2019-01-01,,Month-to-month,Yes,Electronic check,71.95,923.85,DSL,Yes,No,No,No,Yes,Yes,Female,0,No,No,No,0
3217,2019-07-01,,Month-to-month,No,Mailed check,20.75,141.1,Fiber optic,No,No,No,No,No,No,Male,0,No,No,No,0
3218,2019-02-01,,Month-to-month,Yes,Mailed check,56.3,628.65,DSL,No,No,No,No,Yes,No,Male,0,Yes,Yes,No,0
3219,2015-09-01,,One year,Yes,Electronic check,105.25,5576.3,Fiber optic,No,Yes,Yes,No,Yes,Yes,Male,0,Yes,Yes,Yes,0
3220,2018-11-01,2019-11-01,Month-to-month,Yes,Electronic check,94.2,1046.1,Fiber optic,No,No,No,No,Yes,Yes,Female,0,No,No,Yes,1
3221,2014-11-01,,Two year,No,Mailed check,19.55,1245.6,Fiber optic,No,No,No,No,No,No,Male,0,Yes,Yes,No,0
3222,2018-11-01,,Month-to-month,No,Mailed check,84.45,1287.85,DSL,Yes,Yes,Yes,Yes,Yes,Yes,Female,0,No,No,No,0
3223,2017-02-01,,One year,No,Mailed check,53.65,1939.35,DSL,Yes,Yes,No,No,No,No,Male,0,Yes,Yes,No,0
3224,2019-10-01,,Month-to-month,Yes,Electronic check,29.9,118.25,DSL,No,No,Yes,No,No,No,Male,1,Yes,No,No,0
3225,2018-02-01,,Two year,No,Mailed check,19.7,452.55,Fiber optic,No,No,No,No,No,No,Female,0,Yes,Yes,No,0
3226,2015-01-01,,One year,No,Credit card (automatic),43.7,2696.55,DSL,Yes,Yes,Yes,Yes,No,No,Female,0,No,No,No,0
3227,2018-10-01,,Month-to-month,No,Electronic check,55.3,875.35,DSL,No,Yes,No,No,No,No,Male,0,No,No,Yes,0
3228,2014-09-01,,Two year,Yes,Credit card (automatic),19.85,1267.05,Fiber optic,No,No,No,No,No,No,Male,0,Yes,Yes,No,0
3229,2017-12-01,,Two year,No,Credit card (automatic),19.65,494.9,Fiber optic,No,No,No,No,No,No,Female,0,Yes,Yes,No,0
3230,2018-10-01,,Month-to-month,Yes,Mailed check,49.45,799.0,DSL,No,No,No,Yes,No,No,Male,0,No,No,No,0
3231,2015-05-01,2019-11-01,One year,No,Bank transfer (automatic),106.55,5763.3,Fiber optic,Yes,Yes,No,No,Yes,Yes,Female,0,Yes,No,Yes,1
3232,2019-11-01,2019-12-01,Month-to-month,No,Mailed check,20.1,20.1,Fiber optic,No,No,No,No,No,No,Male,0,No,No,No,1
3233,2019-09-01,,Two year,No,Mailed check,20.45,106.9,Fiber optic,No,No,No,No,No,No,Male,0,No,Yes,No,0
3234,2018-07-01,,Month-to-month,Yes,Electronic check,39.7,710.05,DSL,No,Yes,No,No,No,Yes,Female,0,No,No,No,0
3235,2019-04-01,,Month-to-month,Yes,Credit card (automatic),54.5,568.2,DSL,Yes,No,No,No,No,No,Male,0,No,No,Yes,0
3236,2017-11-01,2019-10-01,Month-to-month,No,Electronic check,83.8,1900.25,Fiber optic,No,Yes,Yes,Yes,No,No,Female,0,Yes,Yes,No,1
3237,2019-09-01,2019-12-01,Month-to-month,No,Mailed check,55.15,159.15,DSL,No,No,No,No,Yes,No,Male,0,No,No,No,1
3238,2014-02-01,,Two year,Yes,Bank transfer (automatic),111.6,8012.75,Fiber optic,No,Yes,Yes,Yes,Yes,Yes,Female,0,No,No,Yes,0
3239,2018-12-01,2019-10-01,Month-to-month,Yes,Electronic check,86.65,856.65,Fiber optic,No,No,No,No,No,Yes,Male,1,Yes,No,Yes,1
3240,2019-04-01,,Month-to-month,Yes,Mailed check,55.55,551.3,DSL,No,Yes,Yes,No,No,No,Female,0,Yes,Yes,No,0
3241,2019-03-01,,One year,Yes,Mailed check,20.55,184.95,Fiber optic,No,No,No,No,No,No,Male,0,Yes,No,No,0
3242,2016-11-01,2019-12-01,Month-to-month,Yes,Bank transfer (automatic),106.75,4056.75,Fiber optic,Yes,Yes,No,No,Yes,Yes,Female,1,No,No,Yes,1
3243,2018-09-01,,One year,Yes,Mailed check,62.1,1096.65,DSL,Yes,No,No,Yes,No,No,Male,0,Yes,Yes,Yes,0
3244,2017-02-01,,Month-to-month,Yes,Credit card (automatic),104.5,3684.95,Fiber optic,Yes,No,Yes,No,Yes,Yes,Female,0,Yes,Yes,Yes,0
3245,2018-09-01,,Month-to-month,Yes,Electronic check,101.8,1752.45,Fiber optic,No,Yes,Yes,No,Yes,Yes,Male,1,No,No,No,0
3246,2014-08-01,,One year,Yes,Credit card (automatic),110.6,7210.85,Fiber optic,Yes,Yes,No,Yes,Yes,Yes,Female,1,Yes,Yes,Yes,0
3247,2015-01-01,,One year,No,Bank transfer (automatic),84.9,5264.5,DSL,Yes,Yes,Yes,Yes,Yes,Yes,Male,0,Yes,Yes,No,0
3248,2018-04-01,,Month-to-month,Yes,Mailed check,93.2,2157.3,Fiber optic,No,Yes,No,No,Yes,Yes,Male,0,No,No,No,0
3249,2020-01-01,,Month-to-month,Yes,Electronic check,24.4,24.4,DSL,No,No,No,No,No,No,Male,0,No,No,No,0
3250,2019-08-01,,Month-to-month,No,Credit card (automatic),70.55,433.95,Fiber optic,No,No,No,No,No,No,Female,0,No,No,No,0
3251,2017-04-01,2019-11-01,Month-to-month,Yes,Electronic check,78.45,2435.15,Fiber optic,No,Yes,No,Yes,No,No,Male,0,No,No,No,1
3252,2014-06-01,,Two year,Yes,Credit card (automatic),85.0,5607.75,DSL,Yes,Yes,Yes,Yes,Yes,Yes,Female,0,Yes,Yes,No,0
3253,2017-01-01,2019-11-01,Month-to-month,No,Electronic check,87.45,2874.15,Fiber optic,No,No,Yes,No,Yes,No,Female,0,Yes,Yes,Yes,1
3254,2015-10-01,,Month-to-month,No,Bank transfer (automatic),85.8,4433.3,Fiber optic,No,Yes,Yes,Yes,No,No,Female,0,Yes,Yes,No,0
3255,2019-04-01,,Month-to-month,Yes,Electronic check,91.1,964.35,Fiber optic,No,No,Yes,Yes,Yes,No,Female,0,No,Yes,No,0
3256,2017-08-01,2020-01-01,Month-to-month,Yes,Electronic check,70.75,1974.8,Fiber optic,No,No,No,No,No,No,Male,0,Yes,Yes,No,1
3257,2014-02-01,,Two year,No,Bank transfer (automatic),20.1,1460.85,Fiber optic,No,No,No,No,No,No,Female,0,Yes,Yes,No,0
3258,2016-03-01,,One year,No,Mailed check,20.05,951.55,Fiber optic,No,No,No,No,No,No,Male,0,Yes,Yes,No,0
3259,2018-02-01,,One year,No,Mailed check,74.8,1821.2,DSL,Yes,No,No,No,Yes,Yes,Male,0,Yes,Yes,Yes,0
3260,2014-09-01,,One year,No,Credit card (automatic),24.8,1600.95,Fiber optic,No,No,No,No,No,No,Male,0,No,No,Yes,0
3261,2019-10-01,,Month-to-month,Yes,Mailed check,100.85,399.25,Fiber optic,No,No,No,Yes,Yes,Yes,Female,0,No,No,Yes,0
3262,2019-01-01,2020-01-01,Month-to-month,Yes,Electronic check,101.35,1218.55,Fiber optic,No,Yes,No,No,Yes,Yes,Male,1,Yes,No,Yes,1
3263,2019-10-01,2019-11-01,Month-to-month,Yes,Electronic check,81.7,81.7,Fiber optic,Yes,No,No,No,No,No,Male,0,No,No,Yes,1
3264,2017-02-01,2019-11-01,Month-to-month,No,Electronic check,68.25,2171.15,Fiber optic,No,No,No,No,No,No,Male,0,No,No,No,1
3265,2017-04-01,,Month-to-month,Yes,Electronic check,105.1,3634.8,Fiber optic,No,Yes,Yes,Yes,Yes,Yes,Female,0,No,No,No,0
3266,2018-12-01,,Two year,No,Mailed check,20.4,292.4,Fiber optic,No,No,No,No,No,No,Female,0,Yes,No,No,0
3267,2019-07-01,2019-11-01,Month-to-month,Yes,Electronic check,79.15,317.25,Fiber optic,No,No,No,No,No,Yes,Female,0,No,No,No,1
3268,2019-01-01,,One year,No,Mailed check,20.0,218.55,Fiber optic,No,No,No,No,No,No,Male,0,Yes,Yes,No,0
3269,2014-09-01,,Two year,Yes,Bank transfer (automatic),79.4,5071.9,DSL,No,Yes,No,Yes,Yes,Yes,Female,0,Yes,Yes,Yes,0
3270,2018-03-01,,One year,No,Credit card (automatic),57.2,1423.35,DSL,Yes,No,No,Yes,No,No,Male,0,Yes,Yes,No,0
3271,2015-07-01,,Two year,No,Electronic check,58.6,3068.6,DSL,Yes,Yes,Yes,No,No,No,Male,0,Yes,No,No,0
3272,2016-01-01,,Two year,Yes,Electronic check,94.8,4690.65,Fiber optic,No,Yes,No,No,Yes,Yes,Male,0,Yes,No,No,0
3273,2015-02-01,,One year,No,Bank transfer (automatic),102.5,6157.6,Fiber optic,No,Yes,Yes,No,Yes,Yes,Male,0,Yes,No,Yes,0
3274,2014-05-01,,One year,Yes,Credit card (automatic),20.35,1442.65,Fiber optic,No,No,No,No,No,No,Female,0,Yes,Yes,No,0
3275,2016-10-01,,Month-to-month,Yes,Electronic check,84.9,3369.05,Fiber optic,No,No,No,No,Yes,No,Male,0,No,No,Yes,0
3276,2014-07-01,,Two year,Yes,Credit card (automatic),69.2,4671.65,DSL,Yes,Yes,No,Yes,No,Yes,Male,0,Yes,No,No,0
3277,2017-01-01,2019-12-01,Month-to-month,Yes,Electronic check,95.45,3474.05,Fiber optic,No,No,No,No,Yes,Yes,Male,1,No,No,Yes,1
3278,2018-03-01,2019-10-01,One year,Yes,Electronic check,100.95,1875.55,Fiber optic,No,No,No,Yes,Yes,Yes,Male,0,Yes,Yes,Yes,1
3279,2019-01-01,,Two year,No,Mailed check,20.85,272.35,Fiber optic,No,No,No,No,No,No,Female,0,Yes,Yes,No,0
3280,2016-09-01,,Month-to-month,Yes,Bank transfer (automatic),88.5,3645.05,Fiber optic,No,Yes,No,No,Yes,No,Female,0,No,Yes,Yes,0
3281,2019-10-01,,Month-to-month,No,Mailed check,35.0,135.75,DSL,Yes,No,Yes,No,No,No,Female,0,No,No,No,0
3282,2018-02-01,,Month-to-month,No,Electronic check,55.15,1319.85,DSL,Yes,No,No,Yes,No,No,Female,0,Yes,Yes,No,0
3283,2019-09-01,,Month-to-month,Yes,Credit card (automatic),50.95,229.4,DSL,No,Yes,No,No,Yes,Yes,Female,0,No,No,No,0
3284,2019-09-01,,Month-to-month,Yes,Electronic check,64.0,370.25,DSL,No,Yes,No,No,No,Yes,Female,0,No,No,Yes,0
3285,2019-12-01,2020-01-01,Month-to-month,Yes,Mailed check,69.1,69.1,Fiber optic,No,No,No,No,No,No,Female,0,Yes,Yes,No,1
3286,2014-02-01,,Two year,No,Bank transfer (automatic),80.2,5714.2,DSL,Yes,Yes,Yes,Yes,Yes,No,Female,0,Yes,Yes,Yes,0
3287,2018-02-01,,Month-to-month,Yes,Credit card (automatic),49.3,1233.25,DSL,No,No,Yes,No,No,No,Female,0,No,No,No,0
3288,2016-08-01,,Two year,No,Credit card (automatic),84.35,3571.6,DSL,Yes,No,Yes,Yes,Yes,Yes,Female,0,Yes,No,Yes,0
3289,2019-10-01,,Month-to-month,No,Mailed check,20.05,83.3,Fiber optic,No,No,No,No,No,No,Female,0,No,No,No,0
3290,2014-06-01,,One year,Yes,Credit card (automatic),117.2,8035.95,Fiber optic,Yes,Yes,Yes,Yes,Yes,Yes,Male,0,No,No,Yes,0
3291,2017-05-01,,One year,No,Mailed check,20.1,579.4,Fiber optic,No,No,No,No,No,No,Female,0,Yes,Yes,No,0
3292,2017-05-01,2019-12-01,One year,Yes,Electronic check,103.45,3066.45,Fiber optic,No,Yes,Yes,No,Yes,Yes,Male,0,No,No,Yes,1
3293,2019-09-01,2020-01-01,Month-to-month,No,Bank transfer (automatic),77.95,305.55,Fiber optic,No,Yes,No,No,No,No,Female,0,No,No,Yes,1
3294,2014-05-01,,Two year,Yes,Electronic check,109.95,7634.25,Fiber optic,No,Yes,Yes,Yes,Yes,Yes,Male,1,Yes,No,Yes,0
3295,2016-12-01,,Month-to-month,No,Electronic check,94.75,3653.0,Fiber optic,No,No,No,No,Yes,Yes,Male,1,No,No,Yes,0
3296,2019-11-01,,Month-to-month,Yes,Electronic check,80.0,241.3,Fiber optic,No,Yes,No,Yes,No,No,Female,0,Yes,Yes,No,0
3297,2016-02-01,,Two year,No,Electronic check,79.65,3870.3,DSL,No,Yes,No,Yes,Yes,Yes,Female,0,Yes,Yes,Yes,0
3298,2018-11-01,,Two year,No,Mailed check,25.2,387.9,Fiber optic,No,No,No,No,No,No,Female,0,Yes,No,Yes,0
3299,2018-01-01,,One year,No,Credit card (automatic),19.9,527.5,Fiber optic,No,No,No,No,No,No,Female,0,No,No,No,0
3300,2019-09-01,2019-10-01,Month-to-month,No,Electronic check,78.45,78.45,Fiber optic,No,No,No,No,Yes,No,Female,1,No,No,No,1
3301,2016-02-01,,Month-to-month,Yes,Electronic check,44.8,2104.55,DSL,Yes,Yes,No,No,Yes,No,Female,0,No,No,No,0
3302,2020-01-01,,Month-to-month,No,Electronic check,19.2,19.2,Fiber optic,No,No,No,No,No,No,Male,0,No,No,No,0
3303,2017-01-01,,One year,No,Electronic check,80.05,3019.1,Fiber optic,No,Yes,Yes,No,No,No,Female,0,No,No,No,0
3304,2014-08-01,,One year,Yes,Bank transfer (automatic),107.35,7051.95,Fiber optic,No,Yes,Yes,Yes,Yes,Yes,Male,1,Yes,No,Yes,0
3305,2017-12-01,,One year,No,Bank transfer (automatic),47.85,1190.5,DSL,Yes,Yes,Yes,No,Yes,No,Female,0,Yes,No,No,0
3306,2014-11-01,,One year,No,Credit card (automatic),70.8,4448.8,DSL,Yes,Yes,No,Yes,Yes,No,Male,0,Yes,No,No,0
3307,2019-01-01,2019-11-01,Month-to-month,No,Mailed check,29.5,255.25,DSL,No,No,Yes,No,No,No,Male,0,No,No,No,1
3308,2019-10-01,2019-12-01,Month-to-month,Yes,Electronic check,70.75,146.9,DSL,Yes,No,No,No,Yes,Yes,Female,0,No,No,No,1
3309,2018-08-01,,Month-to-month,Yes,Credit card (automatic),59.1,1011.05,DSL,Yes,No,No,No,No,Yes,Male,1,Yes,No,No,0
3310,2014-10-01,,Two year,No,Mailed check,25.55,1714.95,Fiber optic,No,No,No,No,No,No,Female,0,Yes,No,Yes,0
3311,2019-01-01,2019-10-01,Month-to-month,Yes,Electronic check,84.45,762.5,Fiber optic,No,No,No,No,No,Yes,Female,1,No,No,Yes,1
3312,2017-10-01,,Month-to-month,No,Mailed check,20.25,535.35,Fiber optic,No,No,No,No,No,No,Female,0,No,Yes,No,0
3313,2020-01-01,,Month-to-month,No,Electronic check,75.55,75.55,Fiber optic,No,No,Yes,No,No,No,Female,0,No,No,No,0
3314,2019-07-01,2019-11-01,Month-to-month,Yes,Electronic check,85.65,338.9,Fiber optic,No,No,No,No,No,Yes,Male,0,No,No,Yes,1
3315,2016-11-01,2020-01-01,One year,Yes,Credit card (automatic),70.15,2497.35,DSL,No,Yes,Yes,Yes,Yes,No,Male,1,No,No,No,1
3316,2014-08-01,,One year,No,Electronic check,95.3,6273.4,Fiber optic,No,Yes,Yes,No,No,Yes,Male,0,Yes,No,Yes,0
3317,2020-01-01,,Month-to-month,Yes,Electronic check,70.25,70.25,Fiber optic,No,No,No,No,No,No,Female,0,No,No,No,0
3318,2018-08-01,,Month-to-month,Yes,Mailed check,50.3,908.75,DSL,No,No,No,Yes,No,No,Female,0,Yes,No,No,0
3319,2015-08-01,2019-11-01,Month-to-month,Yes,Electronic check,97.8,4913.3,Fiber optic,No,No,Yes,No,Yes,Yes,Male,1,No,No,Yes,1
3320,2020-02-01,,Two year,No,Mailed check,19.85,2291.023009417808,Fiber optic,No,No,No,No,No,No,Male,0,Yes,Yes,No,0
3321,2019-11-01,2019-12-01,Month-to-month,No,Mailed check,46.3,46.3,DSL,No,No,No,No,No,No,Male,0,No,No,No,1
3322,2019-02-01,,Two year,No,Bank transfer (automatic),19.35,212.3,Fiber optic,No,No,No,No,No,No,Male,0,No,Yes,No,0
3323,2016-06-01,2019-11-01,Month-to-month,Yes,Electronic check,106.3,4443.45,Fiber optic,No,Yes,Yes,No,Yes,Yes,Female,0,No,No,Yes,1
3324,2019-02-01,,Month-to-month,No,Electronic check,25.0,316.2,Fiber optic,No,No,No,No,No,No,Male,0,No,No,Yes,0
3325,2015-07-01,,Two year,No,Mailed check,20.3,1079.05,Fiber optic,No,No,No,No,No,No,Female,0,Yes,Yes,No,0
3326,2019-07-01,,Month-to-month,Yes,Electronic check,75.35,564.65,Fiber optic,No,No,No,No,No,No,Female,0,No,No,Yes,0
3327,2018-12-01,2019-12-01,Month-to-month,Yes,Electronic check,89.4,1095.65,Fiber optic,No,No,Yes,Yes,No,Yes,Female,0,No,No,No,1
3328,2014-06-01,,Two year,No,Credit card (automatic),88.0,6161.9,DSL,Yes,Yes,Yes,Yes,Yes,Yes,Female,0,Yes,Yes,Yes,0
3329,2019-06-01,2019-11-01,Month-to-month,Yes,Credit card (automatic),83.15,446.05,Fiber optic,No,No,No,No,Yes,No,Female,1,No,No,Yes,1
3330,2016-01-01,,Month-to-month,No,Mailed check,43.8,2106.05,DSL,No,No,No,No,No,No,Female,1,No,No,No,0
3331,2016-10-01,,One year,No,Credit card (automatic),62.05,2511.55,DSL,Yes,Yes,Yes,No,Yes,Yes,Male,0,No,No,No,0
3332,2018-10-01,,One year,No,Bank transfer (automatic),20.1,318.6,Fiber optic,No,No,No,No,No,No,Female,0,No,No,No,0
3333,2019-02-01,2019-12-01,Month-to-month,Yes,Mailed check,74.15,811.8,Fiber optic,No,No,No,No,No,No,Male,0,No,No,Yes,1
3334,2014-02-01,,One year,Yes,Electronic check,101.35,7323.15,Fiber optic,No,Yes,Yes,No,Yes,Yes,Female,0,Yes,No,Yes,0
3335,2019-12-01,,Month-to-month,Yes,Electronic check,84.05,186.05,Fiber optic,No,No,No,No,No,Yes,Female,1,No,No,Yes,0
3336,2018-03-01,,Two year,No,Mailed check,20.9,454.0,Fiber optic,No,No,No,No,No,No,Male,0,Yes,Yes,No,0
3337,2014-03-01,,One year,Yes,Electronic check,105.9,7521.95,Fiber optic,No,Yes,Yes,No,Yes,Yes,Female,1,No,No,Yes,0
3338,2018-11-01,2019-10-01,Month-to-month,Yes,Electronic check,99.5,1056.95,Fiber optic,No,No,Yes,No,Yes,Yes,Female,0,Yes,No,Yes,1
3339,2019-10-01,2019-11-01,Month-to-month,Yes,Mailed check,44.15,44.15,DSL,No,No,No,No,No,No,Male,0,No,No,No,1
3340,2018-09-01,2020-01-01,Month-to-month,Yes,Mailed check,53.9,834.15,DSL,No,Yes,No,Yes,No,No,Female,0,No,No,No,1
3341,2019-10-01,2019-11-01,Month-to-month,Yes,Mailed check,85.45,85.45,Fiber optic,No,No,No,No,No,Yes,Female,0,No,No,Yes,1
3342,2019-02-01,,Month-to-month,Yes,Credit card (automatic),85.05,999.8,Fiber optic,No,Yes,No,No,No,Yes,Male,0,Yes,No,No,0
3343,2015-08-01,,One year,No,Bank transfer (automatic),44.1,2369.7,DSL,Yes,No,No,Yes,No,Yes,Female,0,No,No,No,0
3344,2014-06-01,,Two year,No,Credit card (automatic),90.2,6297.65,Fiber optic,No,Yes,Yes,Yes,No,No,Female,0,Yes,No,Yes,0
3345,2019-06-01,2019-10-01,Month-to-month,No,Mailed check,50.85,239.55,DSL,No,No,No,No,No,No,Female,0,Yes,Yes,Yes,1
3346,2019-12-01,2020-01-01,Month-to-month,No,Electronic check,59.2,59.2,DSL,No,No,Yes,No,No,Yes,Female,0,No,Yes,No,1
3347,2017-11-01,,Month-to-month,No,Mailed check,53.45,1461.45,DSL,Yes,No,No,Yes,No,No,Male,0,No,No,No,0
3348,2018-05-01,,Month-to-month,Yes,Mailed check,19.95,416.4,Fiber optic,No,No,No,No,No,No,Male,0,No,No,No,0
3349,2018-11-01,2019-12-01,Month-to-month,Yes,Electronic check,83.2,1060.6,Fiber optic,No,No,Yes,No,Yes,No,Male,0,No,No,No,1
3350,2014-10-01,,Month-to-month,No,Credit card (automatic),74.65,4869.35,DSL,No,Yes,Yes,Yes,No,Yes,Female,1,No,No,Yes,0
3351,2019-12-01,2020-01-01,Month-to-month,Yes,Electronic check,54.9,54.9,DSL,Yes,Yes,No,No,No,No,Female,0,No,No,No,1
3352,2015-05-01,,Two year,Yes,Bank transfer (automatic),57.5,3265.95,DSL,No,Yes,Yes,Yes,Yes,Yes,Male,0,Yes,No,No,0
3353,2018-04-01,2020-01-01,Month-to-month,Yes,Electronic check,103.9,2254.2,Fiber optic,Yes,No,Yes,No,Yes,Yes,Female,0,Yes,No,Yes,1
3354,2018-07-01,,Two year,No,Mailed check,19.65,358.15,Fiber optic,No,No,No,No,No,No,Male,0,No,No,No,0
3355,2017-07-01,,One year,Yes,Electronic check,93.8,2939.8,Fiber optic,No,No,Yes,No,Yes,Yes,Male,0,Yes,No,No,0
3356,2015-10-01,,Two year,Yes,Mailed check,89.25,4652.4,DSL,Yes,Yes,Yes,Yes,Yes,Yes,Male,0,No,No,Yes,0
3357,2016-04-01,,One year,Yes,Electronic check,94.15,4408.45,Fiber optic,No,Yes,Yes,No,No,Yes,Female,0,No,No,Yes,0
3358,2019-03-01,,Month-to-month,Yes,Electronic check,55.6,580.8,DSL,Yes,No,No,No,No,No,Female,1,No,No,Yes,0
3359,2015-09-01,,Month-to-month,Yes,Bank transfer (automatic),48.7,2495.2,DSL,Yes,Yes,Yes,No,No,Yes,Female,0,Yes,Yes,No,0
3360,2019-01-01,2019-12-01,Month-to-month,Yes,Mailed check,19.25,180.3,Fiber optic,No,No,No,No,No,No,Female,0,Yes,Yes,No,1
3361,2015-05-01,,Month-to-month,Yes,Bank transfer (automatic),104.9,5913.95,Fiber optic,No,Yes,No,Yes,Yes,Yes,Male,1,No,No,Yes,0
3362,2019-09-01,2019-11-01,Month-to-month,Yes,Mailed check,75.45,158.4,Fiber optic,No,No,No,No,No,No,Female,1,No,No,Yes,1
3363,2019-09-01,2019-11-01,Month-to-month,No,Mailed check,54.85,104.2,DSL,Yes,Yes,No,No,No,No,Female,1,No,No,No,1
3364,2014-03-01,,Two year,No,Bank transfer (automatic),19.9,1389.35,Fiber optic,No,No,No,No,No,No,Female,0,Yes,Yes,No,0
3365,2020-01-01,,Month-to-month,Yes,Mailed check,19.4,19.4,Fiber optic,No,No,No,No,No,No,Female,0,Yes,Yes,No,0
3366,2014-06-01,,Two year,No,Credit card (automatic),25.05,1629.2,Fiber optic,No,No,No,No,No,No,Male,0,Yes,No,Yes,0
3367,2014-02-01,,Two year,No,Mailed check,84.45,6033.1,DSL,Yes,Yes,Yes,Yes,Yes,Yes,Male,0,Yes,No,No,0
3368,2019-12-01,,Month-to-month,No,Mailed check,19.3,44.4,Fiber optic,No,No,No,No,No,No,Female,0,No,No,No,0
3369,2019-10-01,2019-11-01,Month-to-month,Yes,Electronic check,95.1,95.1,Fiber optic,No,No,No,No,Yes,Yes,Male,1,Yes,No,Yes,1
3370,2016-09-01,,One year,Yes,Bank transfer (automatic),79.85,3320.75,DSL,Yes,No,Yes,Yes,Yes,Yes,Female,0,No,No,No,0
3371,2014-02-01,,Two year,No,Credit card (automatic),25.55,1867.7,Fiber optic,No,No,No,No,No,No,Male,0,Yes,Yes,Yes,0
3372,2019-05-01,2019-11-01,Month-to-month,Yes,Electronic check,75.5,438.0,Fiber optic,No,No,No,No,No,No,Male,0,Yes,No,Yes,1
3373,2019-09-01,2020-01-01,Month-to-month,Yes,Electronic check,73.75,325.45,Fiber optic,No,No,Yes,No,No,No,Female,0,Yes,Yes,No,1
3374,2018-12-01,2019-12-01,Month-to-month,Yes,Electronic check,96.05,1148.1,Fiber optic,No,No,No,No,Yes,Yes,Male,0,No,No,Yes,1
3375,2015-04-01,,One year,Yes,Electronic check,68.4,3972.25,DSL,Yes,No,No,Yes,No,Yes,Female,0,Yes,No,Yes,0
3376,2019-07-01,,Month-to-month,No,Mailed check,20.65,155.9,Fiber optic,No,No,No,No,No,No,Female,0,No,No,No,0
3377,2014-09-01,,Month-to-month,Yes,Mailed check,55.15,3673.15,DSL,Yes,No,Yes,No,No,No,Female,0,Yes,No,No,0
3378,2020-01-01,,Month-to-month,Yes,Mailed check,70.6,70.6,Fiber optic,No,No,No,No,No,No,Male,0,No,No,No,0
3379,2015-06-01,,One year,No,Credit card (automatic),19.95,1126.75,Fiber optic,No,No,No,No,No,No,Male,0,Yes,No,No,0
3380,2019-10-01,,Month-to-month,No,Mailed check,19.0,73.45,Fiber optic,No,No,No,No,No,No,Male,0,No,No,No,0
3381,2015-04-01,,One year,Yes,Mailed check,44.1,2413.05,DSL,No,No,No,No,No,No,Female,0,Yes,Yes,No,0
3382,2014-12-01,,Two year,Yes,Bank transfer (automatic),107.6,6912.7,Fiber optic,No,No,Yes,Yes,Yes,Yes,Male,0,Yes,No,Yes,0
3383,2017-12-01,,One year,No,Electronic check,61.55,1581.95,DSL,Yes,Yes,No,No,No,No,Male,0,No,No,Yes,0
3384,2014-12-01,,Month-to-month,No,Bank transfer (automatic),90.7,5586.45,Fiber optic,Yes,Yes,Yes,No,No,No,Male,0,No,No,Yes,0
3385,2015-04-01,,One year,No,Credit card (automatic),99.25,5846.65,Fiber optic,Yes,Yes,No,No,Yes,Yes,Female,0,Yes,Yes,No,0
3386,2014-06-01,,Two year,Yes,Electronic check,91.7,6424.7,DSL,Yes,Yes,Yes,Yes,Yes,Yes,Female,0,Yes,No,Yes,0
3387,2015-01-01,,One year,Yes,Credit card (automatic),100.7,6018.65,Fiber optic,Yes,Yes,Yes,No,No,Yes,Female,0,Yes,Yes,Yes,0
3388,2016-08-01,,Two year,Yes,Credit card (automatic),78.45,3373.4,DSL,No,No,Yes,Yes,Yes,Yes,Female,0,No,No,Yes,0
3389,2018-08-01,,Month-to-month,No,Bank transfer (automatic),84.3,1537.9,Fiber optic,No,No,No,No,Yes,No,Male,0,No,No,Yes,0
3390,2015-06-01,,Two year,Yes,Bank transfer (automatic),19.55,1080.55,Fiber optic,No,No,No,No,No,No,Female,0,No,No,No,0
3391,2019-07-01,2019-11-01,Month-to-month,Yes,Electronic check,88.95,355.2,Fiber optic,No,Yes,No,No,No,Yes,Female,0,No,No,Yes,1
3392,2019-10-01,,Month-to-month,No,Credit card (automatic),20.45,82.85,Fiber optic,No,No,No,No,No,No,Female,0,No,No,No,0
3393,2017-03-01,,One year,No,Credit card (automatic),55.6,2016.45,DSL,Yes,Yes,No,No,No,No,Female,0,No,Yes,No,0
3394,2014-10-01,,Month-to-month,Yes,Bank transfer (automatic),86.8,5327.25,Fiber optic,Yes,No,No,Yes,No,No,Female,0,Yes,Yes,Yes,0
3395,2017-07-01,,One year,No,Mailed check,20.95,683.25,Fiber optic,No,No,No,No,No,No,Female,0,No,No,No,0
3396,2014-07-01,,Two year,Yes,Bank transfer (automatic),20.05,1263.05,Fiber optic,No,No,No,No,No,No,Female,1,Yes,No,No,0
3397,2019-06-01,2019-10-01,Month-to-month,No,Credit card (automatic),50.7,151.3,DSL,No,Yes,No,No,No,No,Female,0,No,No,No,1
3398,2014-04-01,,Two year,Yes,Electronic check,113.65,7714.65,Fiber optic,Yes,Yes,Yes,Yes,Yes,Yes,Female,1,Yes,No,Yes,0
3399,2019-09-01,2019-12-01,Month-to-month,No,Credit card (automatic),53.4,188.7,DSL,No,No,No,No,Yes,No,Male,0,No,No,No,1
3400,2015-05-01,2019-10-01,Month-to-month,Yes,Electronic check,101.9,5549.4,Fiber optic,No,Yes,No,No,Yes,Yes,Male,1,Yes,No,Yes,1
3401,2019-12-01,,Two year,No,Mailed check,59.5,130.5,DSL,Yes,Yes,No,Yes,No,No,Male,0,Yes,Yes,No,0
3402,2017-09-01,,Month-to-month,Yes,Credit card (automatic),87.8,2621.75,Fiber optic,No,No,No,No,Yes,Yes,Female,0,Yes,Yes,No,0
3403,2016-03-01,,Two year,No,Mailed check,41.9,1875.25,DSL,Yes,No,Yes,Yes,No,No,Female,0,No,No,No,0
3404,2014-04-01,2019-12-01,One year,Yes,Electronic check,83.0,5685.8,Fiber optic,No,No,No,No,Yes,No,Female,0,Yes,Yes,Yes,1
3405,2019-02-01,,Month-to-month,Yes,Mailed check,69.85,837.5,DSL,Yes,No,No,No,Yes,Yes,Male,0,No,Yes,No,0
3406,2019-06-01,,Month-to-month,No,Bank transfer (automatic),56.3,401.5,DSL,No,Yes,No,Yes,No,No,Female,0,Yes,Yes,No,0
3407,2015-08-01,,Month-to-month,No,Electronic check,109.55,6118.95,Fiber optic,Yes,Yes,Yes,No,Yes,Yes,Male,0,Yes,No,Yes,0
3408,2014-05-01,,Two year,Yes,Mailed check,92.15,6480.9,Fiber optic,No,Yes,No,Yes,Yes,No,Male,0,Yes,Yes,No,0
3409,2017-12-01,,Month-to-month,Yes,Bank transfer (automatic),69.5,1800.05,DSL,Yes,Yes,No,No,Yes,No,Female,0,No,No,Yes,0
3410,2014-02-01,,Two year,Yes,Bank transfer (automatic),97.0,7104.2,Fiber optic,Yes,Yes,Yes,Yes,No,No,Female,0,Yes,No,Yes,0
3411,2014-04-01,,Two year,Yes,Bank transfer (automatic),58.35,4214.25,DSL,Yes,No,Yes,Yes,Yes,Yes,Female,0,No,No,No,0
3412,2019-10-01,2019-11-01,Month-to-month,No,Mailed check,50.6,50.6,DSL,Yes,No,No,No,No,No,Male,0,No,Yes,No,1
3413,2019-03-01,2020-01-01,Month-to-month,Yes,Electronic check,89.5,863.1,Fiber optic,No,No,No,No,Yes,Yes,Male,0,No,No,No,1
3414,2017-10-01,,One year,Yes,Bank transfer (automatic),70.4,1992.2,Fiber optic,No,No,No,No,No,No,Female,0,Yes,Yes,No,0
3415,2019-09-01,2019-10-01,Month-to-month,Yes,Electronic check,69.8,69.8,Fiber optic,No,No,No,No,No,No,Male,0,No,No,No,1
3416,2018-05-01,,Month-to-month,Yes,Electronic check,94.3,1948.35,Fiber optic,No,No,No,No,Yes,Yes,Female,0,Yes,No,Yes,0
3417,2015-08-01,2019-11-01,Month-to-month,Yes,Bank transfer (automatic),93.8,4750.95,Fiber optic,Yes,No,Yes,No,Yes,No,Male,1,Yes,No,Yes,1
3418,2015-09-01,,One year,No,Bank transfer (automatic),19.55,1007.9,Fiber optic,No,No,No,No,No,No,Female,0,Yes,Yes,No,0
3419,2015-09-01,,One year,No,Electronic check,95.95,5036.9,Fiber optic,Yes,Yes,Yes,No,No,Yes,Male,0,No,Yes,No,0
3420,2018-01-01,2020-01-01,Month-to-month,Yes,Electronic check,101.05,2391.8,Fiber optic,No,No,Yes,No,Yes,Yes,Male,0,Yes,No,Yes,1
3421,2014-04-01,,Two year,Yes,Credit card (automatic),94.8,6859.05,DSL,Yes,Yes,Yes,Yes,Yes,Yes,Female,0,Yes,No,Yes,0
3422,2015-01-01,,One year,Yes,Electronic check,107.75,6521.9,Fiber optic,Yes,Yes,Yes,No,Yes,Yes,Male,0,No,No,Yes,0
3423,2019-03-01,,One year,Yes,Mailed check,54.6,617.85,DSL,Yes,No,No,Yes,No,No,Female,0,No,No,No,0
3424,2019-12-01,,Month-to-month,Yes,Credit card (automatic),71.3,157.75,Fiber optic,No,No,No,No,No,No,Male,0,No,No,No,0
3425,2018-01-01,,One year,Yes,Bank transfer (automatic),19.5,516.3,Fiber optic,No,No,No,No,No,No,Male,0,No,No,No,0
3426,2016-09-01,,One year,Yes,Credit card (automatic),56.3,2364.0,DSL,No,Yes,No,No,No,No,Female,0,No,No,Yes,0
3427,2018-04-01,2019-10-01,Month-to-month,Yes,Electronic check,94.7,1687.95,Fiber optic,No,No,No,No,Yes,Yes,Male,0,Yes,No,Yes,1
3428,2013-10-01,2019-10-01,Two year,Yes,Bank transfer (automatic),104.15,7689.95,Fiber optic,No,Yes,Yes,No,Yes,Yes,Male,1,Yes,No,Yes,1
3429,2014-03-01,,Two year,Yes,Credit card (automatic),90.55,6239.05,DSL,Yes,Yes,Yes,Yes,Yes,Yes,Female,0,Yes,Yes,Yes,0
3430,2017-04-01,,One year,Yes,Mailed check,60.8,2042.05,DSL,Yes,Yes,Yes,No,No,No,Female,0,Yes,Yes,No,0
3431,2017-09-01,,Month-to-month,Yes,Credit card (automatic),98.8,2807.1,Fiber optic,No,No,Yes,Yes,Yes,Yes,Male,0,No,No,No,0
3432,2016-10-01,,One year,Yes,Credit card (automatic),98.15,4116.8,Fiber optic,Yes,Yes,Yes,Yes,Yes,No,Male,1,Yes,No,No,0
3433,2017-02-01,,One year,No,Mailed check,35.35,1317.95,DSL,Yes,No,Yes,No,No,No,Male,0,Yes,No,No,0
3434,2016-04-01,,One year,Yes,Electronic check,103.15,4594.65,Fiber optic,No,Yes,No,Yes,Yes,Yes,Female,0,Yes,No,Yes,0
3435,2015-04-01,,One year,Yes,Electronic check,107.75,6332.75,Fiber optic,Yes,Yes,Yes,No,Yes,Yes,Female,0,No,No,Yes,0
3436,2016-11-01,,One year,No,Credit card (automatic),81.4,3213.75,Fiber optic,No,Yes,No,No,No,No,Male,0,No,No,Yes,0
3437,2019-09-01,2020-01-01,Month-to-month,No,Credit card (automatic),61.45,229.55,DSL,No,No,No,Yes,No,Yes,Male,0,Yes,Yes,No,1
3438,2015-10-01,,One year,Yes,Credit card (automatic),95.7,4976.15,Fiber optic,No,Yes,Yes,No,Yes,No,Female,0,Yes,Yes,Yes,0
3439,2014-04-01,,One year,Yes,Electronic check,104.8,7308.95,Fiber optic,No,Yes,Yes,No,Yes,Yes,Male,1,Yes,No,Yes,0
3440,2014-09-01,,One year,Yes,Bank transfer (automatic),70.95,4555.2,Fiber optic,No,No,No,No,No,No,Male,1,Yes,No,No,0
3441,2020-01-01,,Month-to-month,Yes,Mailed check,44.95,44.95,DSL,No,No,No,No,No,No,Male,0,No,No,No,0
3442,2014-04-01,,One year,Yes,Electronic check,97.65,6982.5,Fiber optic,No,No,Yes,No,Yes,Yes,Female,0,Yes,No,Yes,0
3443,2017-09-01,,Month-to-month,Yes,Mailed check,35.65,1025.15,DSL,No,Yes,Yes,No,No,No,Female,1,Yes,Yes,No,0
3444,2019-09-01,2019-10-01,Month-to-month,Yes,Electronic check,90.55,90.55,Fiber optic,No,No,No,No,Yes,Yes,Male,0,No,No,No,1
3445,2014-07-01,,Two year,Yes,Mailed check,85.25,5714.2,DSL,Yes,No,Yes,Yes,Yes,Yes,Female,0,No,No,Yes,0
3446,2020-01-01,,Month-to-month,Yes,Mailed check,19.5,19.5,Fiber optic,No,No,No,No,No,No,Female,0,No,No,No,0
3447,2017-11-01,2020-01-01,Month-to-month,Yes,Bank transfer (automatic),88.8,2274.35,Fiber optic,No,No,No,No,Yes,Yes,Female,0,No,No,No,1
3448,2017-08-01,,Two year,Yes,Mailed check,25.1,789.55,Fiber optic,No,No,No,No,No,No,Female,0,Yes,Yes,Yes,0
3449,2016-02-01,,Month-to-month,Yes,Credit card (automatic),100.05,4834.0,Fiber optic,No,No,Yes,Yes,Yes,Yes,Female,0,Yes,No,No,0
3450,2015-07-01,,Month-to-month,No,Electronic check,55.7,3131.8,DSL,Yes,Yes,No,No,No,No,Female,0,Yes,Yes,No,0
3451,2019-04-01,2019-11-01,Month-to-month,Yes,Mailed check,85.2,602.55,Fiber optic,No,No,No,No,No,Yes,Male,0,No,No,Yes,1
3452,2017-01-01,,Month-to-month,Yes,Electronic check,91.15,3369.25,Fiber optic,Yes,No,No,No,Yes,No,Male,0,No,No,Yes,0
3453,2017-07-01,,Month-to-month,Yes,Bank transfer (automatic),83.85,2674.15,Fiber optic,No,Yes,No,No,No,Yes,Female,0,Yes,No,No,0
3454,2019-10-01,,Month-to-month,Yes,Electronic check,45.9,199.75,DSL,No,No,No,No,No,No,Male,0,No,No,No,0
3455,2014-02-01,,Two year,Yes,Credit card (automatic),25.1,1790.8,Fiber optic,No,No,No,No,No,No,Male,0,Yes,Yes,Yes,0
3456,2019-05-01,2019-10-01,Month-to-month,Yes,Electronic check,91.4,449.75,Fiber optic,No,No,No,No,Yes,Yes,Male,1,No,No,No,1
3457,2020-01-01,,Month-to-month,No,Mailed check,19.7,19.7,Fiber optic,No,No,No,No,No,No,Male,0,Yes,Yes,No,0
3458,2018-11-01,,Month-to-month,Yes,Electronic check,91.5,1400.3,Fiber optic,No,No,No,No,Yes,Yes,Female,1,No,No,No,0
3459,2019-06-01,,Month-to-month,Yes,Credit card (automatic),51.3,411.6,DSL,Yes,No,No,No,No,No,Male,0,Yes,Yes,No,0
3460,2017-03-01,,One year,No,Mailed check,21.1,741.0,Fiber optic,No,No,No,No,No,No,Female,0,No,No,No,0
3461,2015-06-01,,Month-to-month,No,Electronic check,104.75,5841.35,Fiber optic,No,Yes,Yes,No,Yes,Yes,Female,1,No,No,Yes,0
3462,2016-05-01,2019-11-01,Month-to-month,Yes,Bank transfer (automatic),106.15,4512.7,Fiber optic,No,No,Yes,Yes,Yes,Yes,Male,0,Yes,No,Yes,1
3463,2014-09-01,,Month-to-month,Yes,Electronic check,85.75,5688.45,Fiber optic,Yes,Yes,No,No,No,No,Male,1,Yes,Yes,Yes,0
3464,2019-12-01,,One year,No,Mailed check,20.3,31.9,Fiber optic,No,No,No,No,No,No,Female,0,Yes,Yes,No,0
3465,2014-09-01,,One year,Yes,Electronic check,100.75,6674.65,Fiber optic,Yes,No,No,No,Yes,Yes,Male,1,Yes,No,Yes,0
3466,2018-08-01,,Month-to-month,Yes,Electronic check,74.15,1345.75,Fiber optic,No,No,No,No,No,No,Female,0,No,No,Yes,0
3467,2018-03-01,,One year,Yes,Electronic check,78.55,1843.05,DSL,Yes,No,Yes,No,Yes,Yes,Female,0,No,No,Yes,0
3468,2019-07-01,2019-11-01,Month-to-month,Yes,Mailed check,45.3,196.95,DSL,No,No,No,No,No,No,Female,0,No,No,No,1
3469,2014-04-01,,Two year,No,Credit card (automatic),19.85,1433.8,Fiber optic,No,No,No,No,No,No,Male,0,Yes,No,No,0
3470,2019-10-01,,Month-to-month,No,Electronic check,50.7,214.55,DSL,No,No,No,No,No,No,Female,0,No,No,Yes,0
3471,2018-07-01,,Month-to-month,Yes,Bank transfer (automatic),45.0,865.85,DSL,No,No,No,No,No,No,Male,0,No,No,No,0
3472,2018-08-01,,Month-to-month,No,Electronic check,77.8,1358.6,Fiber optic,No,Yes,Yes,No,No,No,Female,0,No,No,No,0
3473,2016-12-01,,Month-to-month,Yes,Electronic check,83.45,3147.15,Fiber optic,Yes,No,No,No,No,Yes,Female,1,Yes,No,No,0
3474,2019-11-01,2020-01-01,Month-to-month,Yes,Credit card (automatic),73.25,131.05,Fiber optic,No,No,No,No,No,No,Male,0,No,No,Yes,1
3475,2016-03-01,,One year,No,Bank transfer (automatic),94.8,4535.85,Fiber optic,Yes,Yes,No,No,Yes,No,Male,0,No,No,Yes,0
3476,2015-10-01,,Two year,No,Bank transfer (automatic),20.1,1078.75,Fiber optic,No,No,No,No,No,No,Female,0,Yes,Yes,No,0
3477,2019-05-01,,Month-to-month,No,Mailed check,59.9,542.4,DSL,No,No,No,No,No,Yes,Male,0,No,No,Yes,0
3478,2017-12-01,,One year,Yes,Credit card (automatic),90.1,2312.55,DSL,Yes,Yes,Yes,Yes,Yes,Yes,Female,0,Yes,No,Yes,0
3479,2019-03-01,2019-11-01,Month-to-month,Yes,Electronic check,51.05,415.05,DSL,No,No,Yes,No,No,No,Male,0,Yes,Yes,No,1
3480,2016-06-01,,One year,Yes,Electronic check,70.95,3250.45,DSL,No,Yes,Yes,Yes,Yes,No,Male,0,Yes,No,No,0
3481,2019-11-01,,Month-to-month,No,Mailed check,29.2,98.5,DSL,No,Yes,No,No,No,No,Female,0,No,No,No,0
3482,2019-12-01,,Month-to-month,Yes,Bank transfer (automatic),46.6,87.9,DSL,No,No,No,No,No,No,Male,0,No,No,No,0
3483,2019-01-01,2019-10-01,Month-to-month,Yes,Bank transfer (automatic),85.35,754.65,Fiber optic,No,No,No,No,Yes,No,Female,0,Yes,Yes,Yes,1
3484,2019-12-01,2020-01-01,Month-to-month,Yes,Electronic check,75.35,75.35,Fiber optic,No,No,No,No,No,No,Male,1,No,No,Yes,1
3485,2018-01-01,,Month-to-month,No,Bank transfer (automatic),74.3,1952.25,Fiber optic,Yes,No,No,No,No,No,Male,0,No,No,No,0
3486,2019-12-01,,Month-to-month,Yes,Electronic check,69.3,153.8,Fiber optic,No,No,No,No,No,No,Female,1,Yes,No,No,0
3487,2016-03-01,2019-10-01,Month-to-month,Yes,Electronic check,75.2,3198.6,Fiber optic,Yes,No,No,No,No,No,Male,0,No,No,No,1
3488,2019-11-01,2019-12-01,Month-to-month,No,Mailed check,20.9,20.9,Fiber optic,No,No,No,No,No,No,Female,0,No,No,No,1
3489,2015-04-01,,One year,Yes,Electronic check,94.3,5610.15,Fiber optic,No,Yes,Yes,No,No,Yes,Female,0,Yes,No,Yes,0
3490,2015-03-01,,Two year,Yes,Mailed check,76.45,4519.5,DSL,Yes,No,Yes,Yes,Yes,No,Female,0,Yes,Yes,Yes,0
3491,2016-06-01,,One year,Yes,Electronic check,54.0,2440.25,DSL,Yes,No,Yes,No,Yes,Yes,Male,0,No,No,No,0
3492,2014-08-01,,One year,Yes,Electronic check,104.25,6860.6,Fiber optic,No,Yes,No,Yes,Yes,Yes,Male,0,No,No,Yes,0
3493,2014-06-01,,Two year,No,Bank transfer (automatic),19.95,1377.7,Fiber optic,No,No,No,No,No,No,Male,0,Yes,Yes,No,0
3494,2019-05-01,,Month-to-month,Yes,Electronic check,24.95,190.25,DSL,No,No,No,No,No,No,Male,0,No,No,No,0
3495,2018-07-01,,Month-to-month,Yes,Electronic check,84.75,1651.95,Fiber optic,Yes,No,Yes,No,No,No,Male,0,No,No,Yes,0
3496,2019-10-01,,Month-to-month,No,Mailed check,19.75,78.3,Fiber optic,No,No,No,No,No,No,Male,0,No,No,No,0
3497,2014-04-01,,Two year,Yes,Bank transfer (automatic),113.65,7939.25,Fiber optic,Yes,Yes,Yes,Yes,Yes,Yes,Female,0,No,No,Yes,0
3498,2020-01-01,,Month-to-month,Yes,Mailed check,44.9,44.9,DSL,No,No,No,No,No,No,Male,0,No,No,No,0
3499,2019-06-01,,Month-to-month,Yes,Electronic check,75.25,576.7,Fiber optic,No,No,No,No,No,No,Female,0,No,No,Yes,0
3500,2015-09-01,,Two year,No,Mailed check,24.6,1279.0,Fiber optic,No,No,No,No,No,No,Male,0,No,No,Yes,0
3501,2015-11-01,,One year,No,Bank transfer (automatic),25.0,1260.7,Fiber optic,No,No,No,No,No,No,Male,1,No,No,Yes,0
3502,2019-03-01,,Month-to-month,No,Bank transfer (automatic),20.95,267.35,Fiber optic,No,No,No,No,No,No,Male,0,Yes,Yes,No,0
3503,2015-02-01,,Two year,Yes,Electronic check,110.6,6586.85,Fiber optic,Yes,No,Yes,Yes,Yes,Yes,Male,0,Yes,Yes,Yes,0
3504,2018-09-01,,Month-to-month,Yes,Credit card (automatic),55.5,934.15,DSL,Yes,Yes,No,No,No,No,Male,0,No,No,No,0
3505,2019-08-01,2019-11-01,Month-to-month,Yes,Electronic check,43.3,123.65,DSL,No,No,No,No,No,No,Male,0,No,No,No,1
3506,2014-02-01,2019-12-01,One year,Yes,Bank transfer (automatic),109.5,7534.65,Fiber optic,Yes,Yes,Yes,Yes,Yes,Yes,Male,0,Yes,No,No,1
3507,2020-01-01,,Month-to-month,No,Mailed check,19.45,19.45,Fiber optic,No,No,No,No,No,No,Male,0,No,No,No,0
3508,2016-07-01,,Month-to-month,Yes,Electronic check,84.85,3645.6,Fiber optic,No,No,No,No,Yes,No,Male,1,No,No,Yes,0
3509,2018-10-01,,Month-to-month,No,Mailed check,19.6,314.45,Fiber optic,No,No,No,No,No,No,Female,0,Yes,No,No,0
3510,2015-05-01,,One year,No,Electronic check,53.45,3053.0,DSL,Yes,Yes,No,No,No,No,Female,0,Yes,Yes,No,0
3511,2017-01-01,,One year,No,Credit card (automatic),19.8,677.05,Fiber optic,No,No,No,No,No,No,Male,0,Yes,Yes,No,0
3512,2014-02-01,,Two year,No,Credit card (automatic),112.1,7965.95,Fiber optic,Yes,Yes,Yes,Yes,Yes,Yes,Female,0,Yes,No,Yes,0
3513,2019-01-01,2019-12-01,Month-to-month,Yes,Credit card (automatic),84.8,906.85,Fiber optic,No,No,No,No,No,Yes,Female,1,No,No,Yes,1
3514,2015-09-01,2019-11-01,Month-to-month,Yes,Electronic check,95.05,4888.7,Fiber optic,No,Yes,Yes,No,Yes,No,Female,1,Yes,No,Yes,1
3515,2019-07-01,2019-12-01,Month-to-month,No,Electronic check,50.35,237.25,DSL,No,No,Yes,No,No,No,Male,1,No,No,No,1
3516,2019-12-01,2020-01-01,Month-to-month,Yes,Bank transfer (automatic),74.6,74.6,Fiber optic,No,No,No,No,No,No,Male,0,Yes,No,Yes,1
3517,2018-09-01,2020-01-01,Month-to-month,Yes,Mailed check,19.7,342.4,Fiber optic,No,No,No,No,No,No,Male,0,No,No,No,1
3518,2019-12-01,,Month-to-month,Yes,Electronic check,74.2,140.1,Fiber optic,No,No,Yes,No,No,No,Male,1,Yes,No,No,0
3519,2018-09-01,,Month-to-month,Yes,Mailed check,69.0,1108.0,DSL,No,No,Yes,Yes,Yes,No,Female,0,No,No,Yes,0
3520,2018-10-01,,One year,No,Credit card (automatic),19.35,295.55,Fiber optic,No,No,No,No,No,No,Female,0,No,No,No,0
3521,2018-09-01,2019-12-01,Month-to-month,Yes,Electronic check,59.45,892.65,DSL,No,No,Yes,No,No,Yes,Female,0,No,No,No,1
3522,2019-04-01,,One year,Yes,Mailed check,19.8,198.25,Fiber optic,No,No,No,No,No,No,Female,0,No,No,No,0
3523,2016-02-01,2019-12-01,One year,Yes,Bank transfer (automatic),105.2,4822.85,Fiber optic,Yes,Yes,No,Yes,Yes,Yes,Female,0,No,Yes,No,1
3524,2014-10-01,,Two year,Yes,Credit card (automatic),109.2,6741.15,Fiber optic,No,Yes,Yes,Yes,Yes,Yes,Male,0,Yes,Yes,Yes,0
3525,2020-01-01,,Month-to-month,Yes,Mailed check,79.15,79.15,Fiber optic,No,Yes,No,No,No,No,Female,0,No,No,Yes,0
3526,2018-01-01,,One year,No,Mailed check,53.65,1355.45,DSL,No,Yes,Yes,No,No,No,Male,0,Yes,Yes,No,0
3527,2014-03-01,,Two year,No,Credit card (automatic),100.2,7209.0,Fiber optic,Yes,Yes,Yes,Yes,Yes,No,Male,0,Yes,Yes,No,0
3528,2019-02-01,2019-10-01,Month-to-month,Yes,Mailed check,45.15,438.4,DSL,No,No,No,No,No,No,Male,0,No,No,No,1
3529,2014-02-01,,Two year,Yes,Bank transfer (automatic),108.65,7726.35,Fiber optic,Yes,Yes,Yes,Yes,Yes,Yes,Female,0,Yes,Yes,No,0
3530,2016-01-01,,Month-to-month,No,Bank transfer (automatic),40.65,2070.75,DSL,Yes,No,No,No,Yes,No,Female,0,Yes,No,No,0
3531,2017-09-01,,One year,Yes,Credit card (automatic),55.35,1636.95,DSL,Yes,Yes,Yes,Yes,No,Yes,Male,0,Yes,Yes,No,0
3532,2014-02-01,,Two year,No,Bank transfer (automatic),105.6,7581.5,Fiber optic,Yes,Yes,Yes,Yes,No,Yes,Male,0,Yes,No,Yes,0
3533,2017-05-01,2019-12-01,Month-to-month,No,Electronic check,93.8,3019.5,Fiber optic,No,Yes,Yes,No,Yes,No,Male,0,Yes,No,Yes,1
3534,2015-12-01,,Month-to-month,Yes,Electronic check,95.7,4729.75,Fiber optic,No,No,No,No,Yes,Yes,Female,0,No,No,Yes,0
3535,2014-03-01,,Two year,No,Electronic check,83.2,6126.1,DSL,Yes,No,Yes,Yes,Yes,Yes,Male,0,Yes,No,Yes,0
3536,2014-04-01,,Two year,No,Credit card (automatic),90.05,6333.4,DSL,Yes,Yes,Yes,Yes,Yes,Yes,Male,1,Yes,No,Yes,0
3537,2014-03-01,,One year,No,Credit card (automatic),97.65,6687.85,Fiber optic,Yes,No,No,Yes,No,Yes,Male,0,No,No,Yes,0
3538,2015-01-01,,Two year,Yes,Bank transfer (automatic),68.05,4158.25,DSL,Yes,Yes,Yes,Yes,No,No,Male,0,Yes,Yes,No,0
3539,2017-04-01,2019-12-01,Month-to-month,Yes,Electronic check,96.2,3183.4,Fiber optic,No,No,No,Yes,Yes,Yes,Male,0,No,No,No,1
3540,2019-09-01,2019-10-01,Month-to-month,Yes,Electronic check,79.6,79.6,Fiber optic,No,No,No,No,No,Yes,Female,0,No,Yes,No,1
3541,2014-06-01,,Two year,Yes,Bank transfer (automatic),102.1,7149.35,Fiber optic,Yes,Yes,Yes,No,No,Yes,Male,0,No,No,Yes,0
3542,2014-12-01,,Two year,No,Bank transfer (automatic),23.4,1429.65,Fiber optic,No,No,No,No,No,No,Male,0,No,No,Yes,0
3543,2019-07-01,,Month-to-month,Yes,Electronic check,71.05,472.65,Fiber optic,No,No,No,No,No,No,Female,0,No,Yes,No,0
3544,2018-02-01,2019-10-01,Month-to-month,Yes,Electronic check,85.25,1734.5,Fiber optic,No,No,No,No,Yes,No,Male,0,No,No,Yes,1
3545,2019-08-01,,One year,No,Mailed check,19.45,113.5,Fiber optic,No,No,No,No,No,No,Male,0,Yes,Yes,No,0
3546,2017-05-01,,Month-to-month,Yes,Bank transfer (automatic),59.45,1884.65,DSL,Yes,Yes,Yes,No,Yes,Yes,Female,1,No,No,No,0
3547,2017-10-01,,One year,No,Bank transfer (automatic),92.2,2568.15,Fiber optic,No,No,No,No,Yes,Yes,Male,0,Yes,Yes,Yes,0
3548,2017-11-01,,Two year,No,Credit card (automatic),19.85,470.0,Fiber optic,No,No,No,No,No,No,Male,0,No,No,No,0
3549,2019-07-01,,Month-to-month,No,Mailed check,43.9,278.4,DSL,No,No,No,No,No,No,Male,0,No,No,No,0
3550,2017-08-01,2019-10-01,Month-to-month,Yes,Electronic check,80.5,2088.8,Fiber optic,No,No,No,Yes,No,No,Male,0,No,No,Yes,1
3551,2019-06-01,2019-11-01,Month-to-month,Yes,Electronic check,89.8,502.6,Fiber optic,No,Yes,No,No,No,Yes,Male,1,No,No,Yes,1
3552,2017-08-01,,Month-to-month,Yes,Credit card (automatic),90.5,2595.85,Fiber optic,Yes,No,No,No,No,Yes,Male,1,No,No,Yes,0
3553,2014-11-01,,One year,No,Credit card (automatic),90.45,5825.5,Fiber optic,No,Yes,No,No,No,Yes,Male,0,No,No,Yes,0
3554,2019-11-01,2019-12-01,Month-to-month,Yes,Electronic check,50.75,50.75,DSL,No,Yes,No,No,No,No,Male,0,No,No,No,1
3555,2015-09-01,,One year,Yes,Electronic check,84.6,4449.75,DSL,No,Yes,Yes,Yes,Yes,Yes,Female,0,No,Yes,Yes,0
3556,2018-09-01,2019-11-01,Month-to-month,Yes,Credit card (automatic),89.65,1208.35,Fiber optic,No,Yes,No,Yes,No,Yes,Female,0,Yes,Yes,No,1
3557,2018-05-01,,Month-to-month,Yes,Bank transfer (automatic),99.15,1956.4,Fiber optic,No,Yes,No,Yes,Yes,Yes,Female,0,No,No,No,0
3558,2018-09-01,,One year,No,Mailed check,19.95,310.6,Fiber optic,No,No,No,No,No,No,Male,0,No,No,No,0
3559,2018-10-01,,Two year,No,Mailed check,20.5,290.55,Fiber optic,No,No,No,No,No,No,Male,0,Yes,Yes,No,0
3560,2017-03-01,,Month-to-month,Yes,Electronic check,62.1,2096.1,DSL,No,No,Yes,No,No,Yes,Female,0,No,No,No,0
3561,2017-06-01,,Month-to-month,Yes,Electronic check,79.5,2665.0,Fiber optic,No,No,No,No,No,Yes,Female,1,No,No,No,0
3562,2017-10-01,,Month-to-month,Yes,Bank transfer (automatic),19.55,543.8,Fiber optic,No,No,No,No,No,No,Female,0,Yes,Yes,No,0
3563,2020-01-01,,Month-to-month,Yes,Mailed check,20.35,20.35,Fiber optic,No,No,No,No,No,No,Female,0,No,No,No,0
3564,2015-03-01,,Month-to-month,Yes,Electronic check,51.7,3005.8,DSL,No,No,No,Yes,Yes,Yes,Male,0,No,No,No,0
3565,2014-02-01,,One year,Yes,Bank transfer (automatic),23.3,1623.15,Fiber optic,No,No,No,No,No,No,Female,0,Yes,Yes,Yes,0
3566,2016-10-01,2019-10-01,One year,Yes,Mailed check,65.4,2498.4,DSL,No,Yes,No,Yes,No,Yes,Male,0,No,No,No,1
3567,2016-10-01,,Month-to-month,No,Mailed check,65.1,2586.0,DSL,Yes,Yes,No,No,Yes,No,Female,0,No,No,No,0
3568,2016-10-01,,Month-to-month,Yes,Electronic check,81.2,3292.3,Fiber optic,No,No,Yes,No,No,No,Male,0,Yes,Yes,Yes,0
3569,2019-01-01,2019-10-01,Month-to-month,Yes,Mailed check,72.9,651.4,DSL,No,No,Yes,Yes,Yes,Yes,Female,0,No,Yes,No,1
3570,2014-11-01,,Two year,No,Credit card (automatic),74.5,4674.55,DSL,Yes,Yes,Yes,Yes,Yes,No,Male,0,Yes,Yes,No,0
3571,2019-11-01,,Month-to-month,Yes,Electronic check,80.5,232.35,Fiber optic,No,No,No,No,Yes,No,Female,0,No,No,No,0
3572,2016-10-01,,One year,No,Mailed check,60.3,2448.5,DSL,No,Yes,Yes,Yes,Yes,Yes,Male,0,Yes,Yes,No,0
3573,2019-06-01,,Month-to-month,Yes,Mailed check,75.0,658.1,Fiber optic,Yes,No,No,No,No,No,Male,0,Yes,No,No,0
3574,2017-04-01,,One year,No,Mailed check,90.15,3128.8,Fiber optic,Yes,No,No,Yes,Yes,No,Male,1,Yes,No,No,0
3575,2019-07-01,2019-12-01,Month-to-month,No,Mailed check,40.0,223.45,DSL,Yes,No,Yes,Yes,No,No,Male,0,No,No,No,1
3576,2019-01-01,2019-10-01,Month-to-month,Yes,Credit card (automatic),99.45,919.4,Fiber optic,No,Yes,No,No,Yes,Yes,Male,1,No,No,Yes,1
3577,2019-05-01,,Month-to-month,Yes,Credit card (automatic),69.05,653.95,DSL,No,Yes,Yes,No,No,Yes,Male,0,Yes,No,Yes,0
3578,2017-07-01,,Month-to-month,No,Bank transfer (automatic),59.7,1825.5,DSL,No,No,No,No,No,Yes,Male,0,Yes,Yes,Yes,0
3579,2015-12-01,,One year,Yes,Bank transfer (automatic),19.85,943.1,Fiber optic,No,No,No,No,No,No,Female,0,Yes,No,No,0
3580,2019-10-01,2019-12-01,Month-to-month,Yes,Electronic check,86.25,181.65,Fiber optic,Yes,Yes,No,Yes,No,No,Female,0,No,No,No,1
3581,2019-11-01,2019-12-01,Month-to-month,Yes,Electronic check,45.65,45.65,DSL,No,No,No,No,No,No,Female,0,No,No,No,1
3582,2019-05-01,2020-01-01,Month-to-month,Yes,Mailed check,70.1,551.35,Fiber optic,No,No,No,No,No,No,Male,0,No,No,No,1
3583,2019-05-01,,Month-to-month,No,Electronic check,40.75,359.4,DSL,No,Yes,No,No,No,Yes,Female,0,No,No,No,0
3584,2019-10-01,2019-12-01,Month-to-month,Yes,Bank transfer (automatic),70.2,115.95,Fiber optic,No,No,No,No,No,No,Female,1,No,No,No,1
3585,2019-10-01,2020-01-01,Month-to-month,No,Electronic check,55.35,165.2,DSL,Yes,Yes,No,No,No,No,Female,0,No,No,No,1
3586,2018-01-01,,Month-to-month,Yes,Credit card (automatic),95.7,2338.35,Fiber optic,No,No,No,Yes,Yes,Yes,Male,0,Yes,No,No,0
3587,2020-01-01,,Month-to-month,No,Electronic check,46.3,46.3,DSL,No,No,No,No,No,No,Male,1,No,No,No,0
3588,2016-05-01,,Month-to-month,No,Mailed check,81.3,3541.1,DSL,Yes,Yes,Yes,Yes,Yes,No,Female,0,Yes,Yes,Yes,0
3589,2015-08-01,2019-11-01,Month-to-month,Yes,Electronic check,84.2,4146.05,Fiber optic,No,Yes,Yes,No,No,No,Male,1,Yes,Yes,Yes,1
3590,2015-07-01,,Month-to-month,No,Credit card (automatic),20.0,1087.25,Fiber optic,No,No,No,No,No,No,Female,0,Yes,Yes,No,0
3591,2016-12-01,,Month-to-month,Yes,Bank transfer (automatic),66.15,2522.4,DSL,Yes,Yes,Yes,No,No,No,Female,0,No,No,Yes,0
3592,2019-08-01,2019-10-01,Month-to-month,No,Mailed check,45.85,81.0,DSL,No,No,No,No,No,No,Male,0,No,No,No,1
3593,2016-12-01,,Month-to-month,No,Electronic check,19.6,717.3,Fiber optic,No,No,No,No,No,No,Male,0,Yes,Yes,No,0
3594,2017-04-01,,Month-to-month,Yes,Electronic check,49.8,1734.2,DSL,No,Yes,No,No,No,No,Male,0,No,No,No,0
3595,2014-04-01,,One year,Yes,Electronic check,101.75,7069.3,Fiber optic,No,No,Yes,No,Yes,Yes,Female,0,Yes,No,Yes,0
3596,2019-01-01,,One year,No,Mailed check,55.15,742.9,DSL,Yes,No,No,Yes,No,No,Female,0,No,No,No,0
3597,2016-10-01,2020-01-01,Month-to-month,No,Electronic check,75.25,3017.65,Fiber optic,No,No,No,No,No,No,Male,0,No,No,Yes,1
3598,2015-01-01,,One year,Yes,Electronic check,103.95,6423.0,Fiber optic,No,Yes,Yes,No,Yes,Yes,Female,0,No,No,Yes,0
3599,2018-10-01,2019-10-01,Month-to-month,Yes,Bank transfer (automatic),100.15,1164.3,Fiber optic,No,No,Yes,No,Yes,Yes,Female,0,No,No,Yes,1
3600,2016-09-01,,Two year,Yes,Credit card (automatic),99.65,4220.35,Fiber optic,No,Yes,No,Yes,Yes,Yes,Male,0,No,No,No,0
3601,2018-05-01,,Month-to-month,Yes,Electronic check,73.7,1558.7,Fiber optic,No,No,No,No,No,No,Male,0,No,No,Yes,0
3602,2015-07-01,,One year,Yes,Bank transfer (automatic),50.05,2743.45,DSL,No,No,Yes,No,Yes,Yes,Male,1,No,No,No,0
3603,2014-05-01,,Two year,No,Bank transfer (automatic),60.25,4055.5,DSL,Yes,No,Yes,Yes,Yes,Yes,Male,0,Yes,No,No,0
3604,2017-08-01,2019-10-01,Month-to-month,No,Electronic check,105.75,2710.25,Fiber optic,No,Yes,Yes,No,Yes,Yes,Male,1,Yes,Yes,Yes,1
3605,2014-05-01,,One year,No,Credit card (automatic),87.3,6055.55,Fiber optic,Yes,Yes,No,No,No,Yes,Female,1,Yes,No,No,0
3606,2018-06-01,2019-12-01,Month-to-month,Yes,Electronic check,48.35,810.7,DSL,No,No,Yes,No,Yes,Yes,Female,1,Yes,No,No,1
3607,2016-03-01,,Month-to-month,No,Electronic check,54.25,2538.2,DSL,No,Yes,No,No,No,No,Male,0,Yes,Yes,Yes,0
3608,2014-02-01,,Two year,No,Bank transfer (automatic),85.3,6129.2,DSL,Yes,Yes,Yes,Yes,Yes,Yes,Female,0,Yes,Yes,No,0
3609,2017-05-01,,Month-to-month,Yes,Electronic check,50.0,1750.85,DSL,No,Yes,Yes,Yes,Yes,No,Male,1,Yes,No,No,0
3610,2019-11-01,2020-01-01,Month-to-month,Yes,Mailed check,24.4,36.55,DSL,No,No,No,No,No,No,Female,0,Yes,Yes,No,1
3611,2014-02-01,,Two year,No,Credit card (automatic),90.95,6652.45,DSL,Yes,Yes,Yes,Yes,Yes,Yes,Female,0,Yes,Yes,Yes,0
3612,2017-01-01,,Month-to-month,Yes,Bank transfer (automatic),72.25,2575.45,Fiber optic,No,No,No,No,No,No,Male,1,Yes,No,No,0
3613,2014-12-01,,Month-to-month,Yes,Credit card (automatic),96.1,6019.35,Fiber optic,No,Yes,Yes,No,No,Yes,Female,1,Yes,Yes,Yes,0
3614,2014-03-01,,Two year,No,Credit card (automatic),19.85,1379.6,Fiber optic,No,No,No,No,No,No,Female,0,Yes,No,No,0
3615,2018-03-01,,Month-to-month,Yes,Bank transfer (automatic),55.3,1284.2,DSL,No,Yes,No,Yes,No,No,Male,0,No,Yes,No,0
3616,2018-10-01,,One year,No,Mailed check,20.1,296.15,Fiber optic,No,No,No,No,No,No,Female,0,No,No,No,0
3617,2019-05-01,,Month-to-month,Yes,Mailed check,69.5,653.25,DSL,Yes,No,Yes,Yes,Yes,No,Male,0,No,No,No,0
3618,2018-09-01,,Two year,Yes,Mailed check,25.15,412.6,Fiber optic,No,No,No,No,No,No,Male,0,Yes,Yes,Yes,0
3619,2019-08-01,2019-12-01,Month-to-month,No,Bank transfer (automatic),20.95,85.5,Fiber optic,No,No,No,No,No,No,Female,0,No,No,No,1
3620,2019-12-01,2020-01-01,Month-to-month,Yes,Electronic check,49.55,49.55,DSL,Yes,No,No,No,No,No,Female,1,Yes,No,No,1
3621,2018-02-01,,Month-to-month,Yes,Mailed check,79.65,1928.7,Fiber optic,No,No,Yes,No,No,No,Female,0,Yes,No,Yes,0
3622,2020-01-01,,Month-to-month,Yes,Electronic check,71.25,71.25,Fiber optic,No,No,No,No,No,No,Female,1,No,No,No,0
3623,2014-02-01,,Two year,No,Bank transfer (automatic),113.8,7845.8,Fiber optic,Yes,Yes,Yes,Yes,Yes,Yes,Male,1,No,No,Yes,0
3624,2014-02-01,,Two year,No,Electronic check,24.55,1750.7,Fiber optic,No,No,No,No,No,No,Female,0,Yes,No,Yes,0
3625,2019-03-01,,Month-to-month,No,Credit card (automatic),19.7,216.2,Fiber optic,No,No,No,No,No,No,Female,0,No,Yes,No,0
3626,2019-02-01,2019-11-01,Month-to-month,No,Mailed check,20.25,178.5,Fiber optic,No,No,No,No,No,No,Male,0,No,No,No,1
3627,2019-08-01,2019-10-01,Month-to-month,No,Credit card (automatic),50.15,115.1,DSL,No,Yes,No,No,No,No,Female,1,Yes,No,No,1
3628,2015-02-01,,One year,Yes,Credit card (automatic),100.5,6029.0,Fiber optic,No,No,Yes,No,Yes,Yes,Female,1,Yes,No,Yes,0
3629,2017-06-01,2019-11-01,Month-to-month,Yes,Electronic check,95.9,2745.2,Fiber optic,No,Yes,Yes,No,No,Yes,Male,1,Yes,No,Yes,1
3630,2016-01-01,,Two year,Yes,Bank transfer (automatic),74.45,3721.9,DSL,No,No,Yes,Yes,Yes,Yes,Female,0,No,No,No,0
3631,2017-08-01,,Month-to-month,Yes,Electronic check,104.1,3121.1,Fiber optic,No,Yes,Yes,No,Yes,Yes,Female,1,No,No,Yes,0
3632,2015-09-01,,One year,No,Credit card (automatic),19.05,990.45,Fiber optic,No,No,No,No,No,No,Female,0,Yes,No,No,0
3633,2016-11-01,,Two year,No,Mailed check,25.0,1004.35,Fiber optic,No,No,No,No,No,No,Male,0,No,Yes,Yes,0
3634,2019-05-01,,Month-to-month,No,Mailed check,19.05,157.65,Fiber optic,No,No,No,No,No,No,Female,0,No,No,No,0
3635,2016-11-01,,One year,No,Electronic check,81.9,3219.75,Fiber optic,No,No,Yes,Yes,No,No,Male,0,No,No,No,0
3636,2019-06-01,,Month-to-month,Yes,Electronic check,69.7,572.85,Fiber optic,No,No,No,No,No,No,Male,1,No,No,No,0
3637,2015-11-01,,One year,Yes,Electronic check,90.15,4554.85,Fiber optic,No,No,Yes,No,No,Yes,Female,0,Yes,Yes,Yes,0
3638,2014-03-01,,Two year,No,Credit card (automatic),25.35,1847.55,Fiber optic,No,No,No,No,No,No,Male,0,Yes,Yes,Yes,0
3639,2014-03-01,,Two year,Yes,Mailed check,24.65,1766.75,Fiber optic,No,No,No,No,No,No,Male,1,No,No,Yes,0
3640,2014-04-01,,Two year,Yes,Credit card (automatic),19.55,1462.05,Fiber optic,No,No,No,No,No,No,Female,1,Yes,No,No,0
3641,2019-11-01,2019-12-01,Month-to-month,No,Electronic check,25.25,25.25,DSL,No,No,No,No,No,No,Female,1,No,No,No,1
3642,2016-12-01,,Two year,Yes,Bank transfer (automatic),60.0,2193.2,DSL,Yes,Yes,No,Yes,Yes,Yes,Male,0,Yes,No,No,0
3643,2017-10-01,,Month-to-month,No,Credit card (automatic),89.9,2433.5,Fiber optic,No,Yes,Yes,No,No,Yes,Female,0,Yes,No,No,0
3644,2017-06-01,,Month-to-month,No,Bank transfer (automatic),19.4,641.15,Fiber optic,No,No,No,No,No,No,Female,0,Yes,No,No,0
3645,2016-01-01,,Two year,No,Mailed check,49.8,2398.4,DSL,No,Yes,No,No,No,No,Male,1,Yes,No,No,0
3646,2017-01-01,,Two year,Yes,Bank transfer (automatic),24.1,861.85,Fiber optic,No,No,No,No,No,No,Female,0,Yes,Yes,Yes,0
3647,2019-04-01,,Month-to-month,No,Electronic check,54.25,583.0,DSL,No,No,Yes,Yes,No,No,Female,0,No,No,No,0
3648,2014-07-01,,One year,No,Credit card (automatic),109.9,7332.4,Fiber optic,Yes,Yes,Yes,No,Yes,Yes,Male,0,Yes,No,Yes,0
3649,2019-07-01,,One year,Yes,Credit card (automatic),35.5,249.55,DSL,No,No,Yes,Yes,No,No,Male,0,No,No,No,0
3650,2015-11-01,,One year,No,Credit card (automatic),87.55,4475.9,Fiber optic,No,No,No,No,Yes,Yes,Female,0,No,No,No,0
3651,2019-03-01,2019-12-01,Month-to-month,No,Electronic check,45.15,416.45,DSL,No,No,No,No,No,No,Female,0,No,No,No,1
3652,2019-05-01,,Month-to-month,Yes,Mailed check,88.4,788.6,Fiber optic,No,No,No,No,Yes,Yes,Female,0,No,No,No,0
3653,2019-10-01,,Month-to-month,Yes,Mailed check,50.8,202.3,DSL,No,No,No,Yes,No,No,Male,0,No,No,No,0
3654,2014-03-01,,Two year,Yes,Electronic check,99.0,6994.6,Fiber optic,Yes,Yes,Yes,No,Yes,No,Male,0,Yes,No,Yes,0
3655,2015-08-01,2019-10-01,Month-to-month,Yes,Bank transfer (automatic),84.4,4116.15,Fiber optic,No,No,No,No,Yes,No,Female,0,Yes,Yes,Yes,1
3656,2018-02-01,,Two year,Yes,Electronic check,96.55,2263.45,Fiber optic,No,No,Yes,No,Yes,Yes,Female,1,Yes,Yes,No,0
3657,2018-04-01,,One year,Yes,Bank transfer (automatic),59.75,1374.35,DSL,Yes,No,No,No,Yes,No,Male,0,Yes,No,No,0
3658,2016-06-01,,Month-to-month,Yes,Electronic check,111.5,4915.15,Fiber optic,Yes,Yes,Yes,No,Yes,Yes,Male,0,No,No,Yes,0
3659,2017-05-01,,Month-to-month,No,Bank transfer (automatic),24.25,838.5,Fiber optic,No,No,No,No,No,No,Female,0,Yes,Yes,Yes,0
3660,2019-09-01,2019-10-01,Month-to-month,Yes,Electronic check,75.1,75.1,Fiber optic,No,No,No,No,No,No,Female,0,No,No,Yes,1
3661,2015-04-01,2019-10-01,One year,Yes,Credit card (automatic),70.15,3715.65,DSL,No,No,No,No,Yes,Yes,Female,0,Yes,No,Yes,1
3662,2016-07-01,2020-01-01,Month-to-month,Yes,Electronic check,101.75,4273.45,Fiber optic,No,Yes,No,No,Yes,Yes,Male,0,No,No,Yes,1
3663,2019-12-01,2020-01-01,Month-to-month,No,Electronic check,45.8,45.8,DSL,No,No,No,No,No,No,Female,0,No,No,No,1
3664,2020-01-01,,Month-to-month,No,Mailed check,20.5,20.5,Fiber optic,No,No,No,No,No,No,Female,0,No,No,No,0
3665,2017-08-01,,One year,No,Electronic check,70.4,2044.75,DSL,Yes,Yes,No,Yes,Yes,No,Male,0,No,No,No,0
3666,2020-01-01,,Month-to-month,No,Mailed check,30.55,30.55,DSL,No,No,No,Yes,No,No,Female,0,No,No,No,0
3667,2018-10-01,,Month-to-month,No,Electronic check,84.9,1398.25,DSL,Yes,Yes,No,Yes,Yes,Yes,Male,0,Yes,Yes,Yes,0
3668,2019-04-01,2020-01-01,Month-to-month,No,Mailed check,40.65,328.95,DSL,No,No,No,Yes,Yes,No,Male,0,Yes,No,No,1
3669,2016-02-01,2019-12-01,Month-to-month,Yes,Electronic check,101.0,4680.05,Fiber optic,No,No,Yes,No,Yes,Yes,Male,1,Yes,No,Yes,1
3670,2019-12-01,2020-01-01,Month-to-month,Yes,Electronic check,69.1,69.1,Fiber optic,No,No,No,No,No,No,Male,0,No,No,No,1
3671,2014-03-01,,Two year,No,Bank transfer (automatic),54.5,3778.2,DSL,Yes,No,No,Yes,No,No,Male,0,Yes,No,No,0
3672,2016-07-01,,Month-to-month,Yes,Credit card (automatic),75.35,3161.4,Fiber optic,No,No,No,No,No,No,Male,0,No,No,Yes,0
3673,2015-12-01,,One year,Yes,Bank transfer (automatic),44.45,2188.45,DSL,Yes,No,No,Yes,Yes,No,Male,0,Yes,No,No,0
3674,2018-12-01,2020-01-01,Month-to-month,Yes,Mailed check,75.0,999.45,Fiber optic,No,No,No,No,No,No,Female,0,No,No,Yes,1
3675,2018-03-01,2019-10-01,One year,No,Bank transfer (automatic),100.0,1888.65,Fiber optic,No,Yes,No,Yes,Yes,Yes,Male,0,Yes,Yes,No,1
3676,2016-09-01,,Month-to-month,No,Bank transfer (automatic),98.05,3990.6,Fiber optic,No,No,Yes,No,Yes,Yes,Female,0,No,No,Yes,0
3677,2019-09-01,2019-10-01,Month-to-month,Yes,Electronic check,71.15,71.15,Fiber optic,No,No,No,No,No,No,Female,1,No,No,No,1
3678,2017-10-01,2019-10-01,Month-to-month,Yes,Credit card (automatic),54.15,1240.25,DSL,No,Yes,Yes,No,Yes,Yes,Female,0,No,No,No,1
3679,2016-10-01,,One year,No,Bank transfer (automatic),63.9,2635.0,DSL,No,Yes,No,No,Yes,No,Female,0,Yes,No,Yes,0
3680,2019-11-01,,Month-to-month,Yes,Bank transfer (automatic),69.15,235.0,DSL,No,Yes,Yes,No,Yes,No,Female,0,Yes,Yes,Yes,0
3681,2017-01-01,,One year,No,Bank transfer (automatic),64.65,2347.85,DSL,Yes,No,No,No,Yes,No,Female,0,No,No,Yes,0
3682,2014-05-01,2019-12-01,Two year,Yes,Credit card (automatic),108.75,7156.2,Fiber optic,Yes,No,Yes,Yes,Yes,Yes,Female,0,Yes,Yes,Yes,1
3683,2017-06-01,,Month-to-month,Yes,Electronic check,98.85,3089.6,Fiber optic,No,Yes,No,No,Yes,Yes,Female,0,Yes,Yes,Yes,0
3684,2019-06-01,2019-12-01,Month-to-month,Yes,Electronic check,49.15,270.8,DSL,No,No,No,Yes,No,No,Female,0,Yes,No,No,1
3685,2017-06-01,,Month-to-month,No,Electronic check,89.6,2901.8,Fiber optic,Yes,No,No,No,Yes,No,Female,0,Yes,Yes,Yes,0
3686,2015-03-01,,Month-to-month,Yes,Electronic check,83.25,4949.1,Fiber optic,No,Yes,Yes,No,No,No,Female,0,No,No,Yes,0
3687,2017-08-01,,One year,No,Bank transfer (automatic),70.25,2198.9,DSL,No,Yes,Yes,Yes,No,Yes,Female,0,Yes,No,No,0
3688,2018-03-01,2019-11-01,Month-to-month,Yes,Electronic check,19.4,374.5,Fiber optic,No,No,No,No,No,No,Male,0,No,Yes,No,1
3689,2017-11-01,,Two year,No,Electronic check,24.5,761.95,Fiber optic,No,No,No,No,No,No,Female,0,Yes,Yes,Yes,0
3690,2018-02-01,2019-10-01,Month-to-month,Yes,Electronic check,79.15,1520.9,Fiber optic,Yes,No,No,No,No,No,Female,1,No,No,Yes,1
3691,2019-05-01,,One year,No,Mailed check,20.1,190.25,Fiber optic,No,No,No,No,No,No,Male,0,No,Yes,No,0
3692,2014-06-01,,One year,Yes,Credit card (automatic),73.0,5163.0,DSL,Yes,Yes,Yes,No,Yes,No,Female,0,Yes,Yes,Yes,0
3693,2014-05-01,,Two year,No,Credit card (automatic),61.4,4059.85,DSL,Yes,No,No,Yes,No,No,Female,0,Yes,Yes,Yes,0
3694,2017-12-01,,Month-to-month,Yes,Mailed check,84.3,2281.6,Fiber optic,No,No,Yes,Yes,No,No,Male,0,No,No,Yes,0
3695,2014-05-01,,Two year,No,Bank transfer (automatic),19.9,1356.7,Fiber optic,No,No,No,No,No,No,Male,0,Yes,Yes,No,0
3696,2019-03-01,,Two year,No,Mailed check,20.4,231.45,Fiber optic,No,No,No,No,No,No,Male,0,No,No,No,0
3697,2020-01-01,,Month-to-month,No,Mailed check,50.75,50.75,DSL,No,No,No,No,No,No,Male,0,No,No,Yes,0
3698,2019-04-01,,One year,No,Mailed check,20.45,242.4,Fiber optic,No,No,No,No,No,No,Male,0,Yes,Yes,No,0
3699,2015-07-01,,One year,Yes,Bank transfer (automatic),75.75,4264.25,DSL,Yes,Yes,No,Yes,No,Yes,Female,0,Yes,Yes,Yes,0
3700,2016-06-01,,One year,No,Electronic check,65.4,2774.55,DSL,Yes,No,No,Yes,Yes,No,Male,0,No,No,No,0
3701,2016-03-01,2020-01-01,Month-to-month,Yes,Electronic check,80.4,3605.2,Fiber optic,No,No,No,No,No,Yes,Male,1,Yes,No,No,1
3702,2014-05-01,,Two year,Yes,Bank transfer (automatic),59.75,4069.9,DSL,Yes,Yes,Yes,No,No,No,Male,0,Yes,Yes,No,0
3703,2019-03-01,,Month-to-month,Yes,Electronic check,78.5,874.2,Fiber optic,No,No,No,No,No,Yes,Male,1,No,No,No,0
3704,2018-11-01,2019-10-01,Month-to-month,Yes,Electronic check,102.0,1145.35,Fiber optic,No,Yes,No,No,Yes,Yes,Female,0,Yes,No,Yes,1
3705,2017-09-01,,Month-to-month,No,Bank transfer (automatic),48.95,1323.7,DSL,No,No,Yes,No,No,No,Male,0,No,No,No,0
3706,2015-05-01,,Month-to-month,Yes,Electronic check,99.65,5497.05,Fiber optic,Yes,No,No,No,Yes,Yes,Female,0,Yes,No,Yes,0
3707,2017-10-01,,One year,No,Credit card (automatic),18.25,534.7,Fiber optic,No,No,No,No,No,No,Male,0,No,No,No,0
3708,2016-08-01,,Month-to-month,No,Credit card (automatic),54.55,2455.05,DSL,Yes,No,Yes,No,No,No,Female,0,No,No,No,0
3709,2019-11-01,2020-01-01,Month-to-month,No,Mailed check,20.65,38.7,Fiber optic,No,No,No,No,No,No,Female,0,No,No,No,1
3710,2018-03-01,,One year,No,Bank transfer (automatic),40.65,947.4,DSL,Yes,Yes,No,Yes,No,No,Male,0,No,Yes,No,0
3711,2018-08-01,,Month-to-month,No,Mailed check,20.45,357.0,Fiber optic,No,No,No,No,No,No,Female,0,Yes,Yes,No,0
3712,2014-12-01,,One year,No,Bank transfer (automatic),24.8,1476.25,Fiber optic,No,No,No,No,No,No,Male,0,Yes,Yes,Yes,0
3713,2019-10-01,2019-11-01,Month-to-month,Yes,Mailed check,70.8,70.8,Fiber optic,No,No,No,No,No,No,Female,0,No,No,No,1
3714,2018-08-01,2019-12-01,Month-to-month,Yes,Credit card (automatic),89.05,1448.6,Fiber optic,No,No,No,Yes,No,Yes,Male,0,No,No,Yes,1
3715,2019-07-01,2019-10-01,Month-to-month,Yes,Electronic check,96.6,291.9,Fiber optic,No,No,No,No,Yes,Yes,Female,0,No,No,Yes,1
3716,2014-07-01,,One year,Yes,Bank transfer (automatic),88.8,5903.15,DSL,Yes,Yes,Yes,Yes,Yes,Yes,Male,0,No,No,Yes,0
3717,2014-12-01,,Two year,Yes,Credit card (automatic),20.05,1201.65,Fiber optic,No,No,No,No,No,No,Male,0,No,No,No,0
3718,2015-04-01,2020-01-01,Month-to-month,Yes,Credit card (automatic),104.5,5921.35,Fiber optic,No,Yes,Yes,No,Yes,Yes,Female,0,Yes,No,Yes,1
3719,2019-12-01,,Month-to-month,Yes,Electronic check,69.8,146.65,Fiber optic,No,No,No,No,No,No,Male,0,No,No,No,0
3720,2018-03-01,,Two year,Yes,Bank transfer (automatic),77.15,1759.4,DSL,Yes,No,Yes,Yes,Yes,No,Female,0,Yes,Yes,Yes,0
3721,2018-01-01,,Two year,No,Bank transfer (automatic),35.05,844.45,DSL,Yes,No,No,Yes,No,No,Female,0,No,Yes,No,0
3722,2014-02-01,,Two year,Yes,Bank transfer (automatic),108.1,7774.05,Fiber optic,No,Yes,Yes,Yes,Yes,Yes,Female,1,No,No,Yes,0
3723,2019-12-01,,Month-to-month,Yes,Electronic check,84.05,134.05,Fiber optic,No,No,No,No,Yes,No,Female,0,Yes,No,Yes,0
3724,2019-06-01,,One year,Yes,Bank transfer (automatic),20.2,140.95,Fiber optic,No,No,No,No,No,No,Female,0,No,No,No,0
3725,2019-07-01,2019-12-01,Month-to-month,Yes,Mailed check,50.6,249.95,DSL,No,No,No,No,No,No,Female,0,No,No,Yes,1
3726,2017-03-01,,Month-to-month,No,Electronic check,49.2,1701.65,DSL,No,No,Yes,No,Yes,Yes,Male,0,No,No,No,0
3727,2018-02-01,,One year,No,Electronic check,24.6,592.65,Fiber optic,No,No,No,No,No,No,Male,0,No,No,Yes,0
3728,2019-12-01,,Month-to-month,Yes,Electronic check,71.65,135.75,Fiber optic,No,No,No,No,No,No,Female,0,Yes,Yes,No,0
3729,2014-02-01,,Two year,Yes,Credit card (automatic),104.9,7732.65,Fiber optic,Yes,Yes,Yes,Yes,No,Yes,Male,0,Yes,Yes,Yes,0
3730,2016-09-01,,Month-to-month,Yes,Electronic check,106.5,4282.4,Fiber optic,Yes,Yes,Yes,Yes,Yes,No,Female,0,No,No,Yes,0
3731,2019-09-01,2020-01-01,Month-to-month,No,Electronic check,49.35,219.65,DSL,Yes,No,No,No,No,No,Male,0,No,Yes,No,1
3732,2017-12-01,,One year,No,Bank transfer (automatic),75.5,2018.1,Fiber optic,No,Yes,No,No,No,No,Male,0,No,No,No,0
3733,2019-04-01,2019-11-01,Month-to-month,Yes,Electronic check,94.25,669.0,Fiber optic,No,Yes,No,No,Yes,Yes,Male,0,No,No,No,1
3734,2019-10-01,2019-11-01,Month-to-month,Yes,Electronic check,68.95,68.95,Fiber optic,No,No,No,No,No,No,Female,0,Yes,No,No,1
3735,2019-10-01,,Month-to-month,Yes,Mailed check,58.5,224.85,DSL,No,Yes,No,Yes,No,No,Female,0,Yes,Yes,Yes,0
3736,2016-02-01,,Two year,No,Credit card (automatic),78.9,3771.5,DSL,No,Yes,Yes,Yes,Yes,Yes,Male,0,No,No,No,0
3737,2019-10-01,2019-12-01,Month-to-month,Yes,Electronic check,93.85,196.75,Fiber optic,No,No,No,No,Yes,Yes,Male,1,No,No,Yes,1
3738,2019-02-01,,One year,Yes,Electronic check,79.2,943.85,DSL,Yes,No,Yes,Yes,Yes,Yes,Female,1,Yes,No,No,0
3739,2015-02-01,,Month-to-month,Yes,Bank transfer (automatic),109.45,6572.85,Fiber optic,Yes,No,Yes,Yes,Yes,Yes,Male,0,Yes,No,Yes,0
3740,2015-07-01,,Two year,Yes,Electronic check,59.2,3175.85,DSL,Yes,No,Yes,Yes,No,No,Male,0,No,No,No,0
3741,2020-01-01,,Month-to-month,No,Mailed check,29.15,29.15,DSL,No,No,No,Yes,No,No,Male,0,No,No,No,0
3742,2019-09-01,2020-01-01,Month-to-month,Yes,Electronic check,76.05,318.9,Fiber optic,No,No,No,No,No,No,Male,0,No,No,Yes,1
3743,2019-09-01,2019-10-01,Month-to-month,Yes,Mailed check,24.45,24.45,DSL,No,No,No,No,No,No,Male,0,No,No,No,1
3744,2016-08-01,,Two year,No,Credit card (automatic),66.5,2762.75,DSL,No,No,Yes,Yes,No,Yes,Female,0,No,No,No,0
3745,2020-01-01,,Month-to-month,No,Bank transfer (automatic),49.55,49.55,DSL,Yes,No,No,No,No,No,Female,0,No,No,No,0
3746,2019-06-01,2020-01-01,Month-to-month,Yes,Credit card (automatic),89.35,631.85,Fiber optic,No,No,Yes,No,Yes,No,Male,0,No,No,Yes,1
3747,2019-11-01,,Month-to-month,Yes,Credit card (automatic),73.6,232.5,Fiber optic,No,No,Yes,No,No,No,Male,0,No,No,No,0
3748,2014-02-01,,Two year,Yes,Credit card (automatic),82.65,5919.35,DSL,Yes,Yes,Yes,No,Yes,Yes,Female,0,Yes,No,Yes,0
3749,2018-11-01,,Month-to-month,Yes,Electronic check,49.0,749.25,DSL,No,No,No,No,No,No,Male,0,No,No,Yes,0
3750,2019-06-01,2019-10-01,Month-to-month,Yes,Electronic check,80.35,307.4,Fiber optic,No,No,No,No,Yes,No,Male,0,Yes,No,No,1
3751,2019-03-01,,One year,No,Electronic check,25.2,245.15,Fiber optic,No,No,No,No,No,No,Female,0,No,No,Yes,0
3752,2019-09-01,,Month-to-month,No,Mailed check,25.45,134.75,Fiber optic,No,No,No,No,No,No,Female,0,No,No,Yes,0
3753,2019-11-01,2019-12-01,Month-to-month,Yes,Electronic check,55.8,55.8,DSL,Yes,No,Yes,No,No,No,Female,1,No,No,No,1
3754,2014-02-01,,Two year,Yes,Credit card (automatic),110.9,8240.85,Fiber optic,Yes,No,Yes,Yes,Yes,Yes,Male,0,Yes,No,Yes,0
3755,2015-07-01,,Month-to-month,Yes,Credit card (automatic),77.75,4266.4,Fiber optic,No,Yes,No,No,No,No,Female,0,Yes,No,Yes,0
3756,2016-10-01,,Month-to-month,Yes,Electronic check,26.2,1077.5,Fiber optic,No,No,No,No,No,No,Female,0,Yes,Yes,Yes,0
3757,2015-05-01,,Two year,No,Bank transfer (automatic),19.9,1115.6,Fiber optic,No,No,No,No,No,No,Female,0,Yes,No,No,0
3758,2019-10-01,2019-11-01,Month-to-month,Yes,Electronic check,79.05,79.05,Fiber optic,No,No,No,No,Yes,No,Male,0,No,No,No,1
3759,2019-09-01,2019-10-01,Month-to-month,Yes,Electronic check,95.0,95.0,Fiber optic,Yes,No,No,No,Yes,Yes,Male,0,Yes,No,No,1
3760,2019-09-01,2019-10-01,Month-to-month,No,Mailed check,25.2,25.2,DSL,No,No,No,No,No,No,Female,0,No,No,No,1
3761,2015-10-01,,One year,Yes,Electronic check,80.85,4079.55,DSL,No,Yes,Yes,No,Yes,Yes,Male,1,Yes,Yes,Yes,0
3762,2016-08-01,2020-01-01,Month-to-month,Yes,Electronic check,98.4,4187.75,Fiber optic,No,No,Yes,No,Yes,Yes,Male,1,No,No,Yes,1
3763,2016-07-01,,One year,Yes,Mailed check,56.35,2391.15,DSL,No,No,No,No,Yes,No,Male,0,Yes,No,No,0
3764,2016-03-01,,Two year,No,Bank transfer (automatic),19.3,890.5,Fiber optic,No,No,No,No,No,No,Female,0,Yes,Yes,No,0
3765,2019-11-01,,Month-to-month,No,Bank transfer (automatic),50.4,137.25,DSL,No,No,No,No,No,No,Male,0,No,No,Yes,0
3766,2014-06-01,2019-12-01,Two year,No,Credit card (automatic),79.4,5154.6,DSL,Yes,Yes,Yes,Yes,Yes,No,Male,1,Yes,Yes,Yes,1
3767,2015-07-01,,Two year,Yes,Credit card (automatic),55.25,3119.9,DSL,No,No,Yes,Yes,No,No,Male,0,Yes,Yes,No,0
3768,2017-09-01,,One year,No,Mailed check,19.1,529.5,Fiber optic,No,No,No,No,No,No,Male,0,No,No,No,0
3769,2019-02-01,,Month-to-month,Yes,Electronic check,84.05,966.55,Fiber optic,No,No,No,No,Yes,No,Female,0,No,Yes,Yes,0
3770,2014-08-01,,Month-to-month,Yes,Electronic check,105.2,6936.85,Fiber optic,No,Yes,Yes,No,Yes,Yes,Female,0,Yes,No,Yes,0
3771,2016-11-01,2019-10-01,Month-to-month,Yes,Electronic check,101.4,3496.3,Fiber optic,No,No,Yes,No,Yes,Yes,Male,1,No,No,Yes,1
3772,2019-03-01,2020-01-01,Month-to-month,Yes,Electronic check,89.8,914.3,Fiber optic,No,No,Yes,No,No,Yes,Male,1,Yes,No,Yes,1
3773,2017-11-01,,Month-to-month,Yes,Bank transfer (automatic),75.75,1929.0,Fiber optic,No,No,No,No,No,No,Male,0,Yes,Yes,Yes,0
3774,2015-04-01,,Month-to-month,Yes,Electronic check,95.3,5817.7,Fiber optic,No,No,No,Yes,Yes,Yes,Female,0,No,No,No,0
3775,2015-04-01,2019-10-01,Two year,No,Bank transfer (automatic),109.75,6110.2,Fiber optic,Yes,Yes,Yes,Yes,Yes,Yes,Male,0,Yes,No,No,1
3776,2019-05-01,,Month-to-month,No,Mailed check,19.85,178.8,Fiber optic,No,No,No,No,No,No,Male,0,No,No,No,0
3777,2019-09-01,2019-11-01,One year,No,Credit card (automatic),19.3,28.3,Fiber optic,No,No,No,No,No,No,Male,0,No,No,No,1
3778,2019-08-01,,Month-to-month,Yes,Electronic check,69.1,435.0,Fiber optic,No,No,No,No,No,No,Male,0,No,No,No,0
3779,2017-09-01,2019-11-01,Month-to-month,Yes,Electronic check,91.25,2351.8,Fiber optic,No,No,No,No,Yes,Yes,Female,1,No,No,No,1
3780,2019-05-01,,Month-to-month,No,Mailed check,20.25,186.15,Fiber optic,No,No,No,No,No,No,Female,0,No,No,No,0
3781,2019-06-01,,Month-to-month,Yes,Mailed check,54.75,445.85,DSL,No,Yes,Yes,No,No,No,Male,0,Yes,No,No,0
3782,2019-02-01,,Month-to-month,Yes,Electronic check,81.45,912.0,Fiber optic,No,No,No,No,Yes,No,Male,0,No,No,No,0
3783,2018-10-01,2020-01-01,Month-to-month,Yes,Electronic check,49.1,679.55,DSL,No,No,No,No,No,No,Female,0,No,No,Yes,1
3784,2016-07-01,,One year,Yes,Electronic check,80.2,3581.6,DSL,Yes,No,Yes,No,Yes,Yes,Male,0,Yes,No,Yes,0
3785,2016-08-01,,Month-to-month,Yes,Electronic check,100.3,4222.95,Fiber optic,No,No,No,Yes,Yes,Yes,Male,0,No,No,Yes,0
3786,2017-03-01,2019-10-01,Month-to-month,No,Credit card (automatic),65.25,1994.3,DSL,Yes,No,Yes,Yes,No,No,Female,0,No,No,Yes,1
3787,2014-08-01,,Two year,Yes,Credit card (automatic),90.95,5930.05,Fiber optic,Yes,No,Yes,Yes,No,No,Female,0,No,Yes,Yes,0
3788,2018-05-01,2019-11-01,Month-to-month,Yes,Electronic check,85.45,1505.85,Fiber optic,No,Yes,No,Yes,No,No,Female,1,No,No,Yes,1
3789,2020-01-01,,Month-to-month,No,Mailed check,20.0,20.0,Fiber optic,No,No,No,No,No,No,Male,0,No,No,No,0
3790,2014-10-01,2019-11-01,Two year,Yes,Electronic check,94.1,5638.3,Fiber optic,No,Yes,No,Yes,Yes,No,Male,0,Yes,No,Yes,1
3791,2019-04-01,,Month-to-month,No,Electronic check,79.85,797.25,Fiber optic,No,Yes,No,No,No,No,Male,0,No,No,Yes,0
3792,2019-12-01,2020-01-01,Month-to-month,Yes,Electronic check,71.65,71.65,Fiber optic,No,No,No,No,No,No,Male,1,No,No,No,1
3793,2018-08-01,,Month-to-month,Yes,Electronic check,73.55,1359.45,Fiber optic,No,Yes,No,No,No,No,Female,1,No,No,No,0
3794,2017-11-01,2019-11-01,Month-to-month,Yes,Electronic check,104.65,2542.45,Fiber optic,No,Yes,Yes,No,Yes,Yes,Male,0,Yes,No,Yes,1
3795,2019-11-01,,Month-to-month,No,Mailed check,19.3,54.7,Fiber optic,No,No,No,No,No,No,Female,0,Yes,Yes,No,0
3796,2015-12-01,,One year,No,Credit card (automatic),20.15,989.05,Fiber optic,No,No,No,No,No,No,Male,0,No,No,No,0
3797,2020-01-01,,Month-to-month,No,Electronic check,44.55,44.55,DSL,No,No,No,No,No,No,Male,0,Yes,Yes,No,0
3798,2019-12-01,,Month-to-month,Yes,Mailed check,54.45,87.3,DSL,Yes,No,No,Yes,No,No,Male,0,No,No,No,0
3799,2018-09-01,,One year,Yes,Bank transfer (automatic),19.65,351.55,Fiber optic,No,No,No,No,No,No,Male,0,No,No,No,0
3800,2014-05-01,,Two year,Yes,Electronic check,105.0,7297.75,Fiber optic,No,Yes,Yes,No,Yes,Yes,Male,0,Yes,Yes,Yes,0
3801,2014-02-01,,Two year,Yes,Credit card (automatic),88.7,6301.7,DSL,Yes,Yes,Yes,Yes,Yes,Yes,Male,0,Yes,No,Yes,0
3802,2019-09-01,2019-12-01,Month-to-month,Yes,Electronic check,74.25,210.3,Fiber optic,No,No,No,No,No,No,Female,0,No,No,Yes,1
3803,2015-12-01,,Two year,Yes,Bank transfer (automatic),75.15,3822.45,DSL,Yes,Yes,Yes,No,No,Yes,Male,1,Yes,Yes,Yes,0
3804,2015-09-01,,Two year,No,Mailed check,20.25,1048.45,Fiber optic,No,No,No,No,No,No,Female,0,No,No,No,0
3805,2015-04-01,,Two year,Yes,Credit card (automatic),109.1,6393.65,Fiber optic,Yes,Yes,No,Yes,Yes,Yes,Female,0,Yes,No,Yes,0
3806,2016-04-01,,One year,Yes,Bank transfer (automatic),30.75,1489.3,DSL,Yes,No,No,No,No,No,Male,0,No,No,No,0
3807,2014-02-01,,Month-to-month,Yes,Credit card (automatic),112.9,8061.5,Fiber optic,Yes,Yes,Yes,Yes,Yes,Yes,Male,1,Yes,No,Yes,0
3808,2019-09-01,2019-10-01,Month-to-month,Yes,Electronic check,74.2,74.2,Fiber optic,No,No,No,No,No,No,Female,1,No,No,Yes,1
3809,2019-08-01,,Month-to-month,Yes,Mailed check,94.05,518.75,Fiber optic,No,Yes,Yes,No,Yes,No,Female,0,Yes,Yes,Yes,0
3810,2014-02-01,,Two year,No,Bank transfer (automatic),78.85,5763.15,DSL,Yes,Yes,Yes,Yes,No,Yes,Male,0,Yes,No,Yes,0
3811,2019-10-01,,Month-to-month,Yes,Mailed check,55.3,238.5,DSL,No,No,No,No,No,Yes,Male,0,No,No,No,0
3812,2015-10-01,,Two year,No,Mailed check,19.35,1031.7,Fiber optic,No,No,No,No,No,No,Female,0,Yes,Yes,No,0
3813,2020-02-01,,Two year,No,Mailed check,25.35,2291.023009417808,Fiber optic,No,No,No,No,No,No,Male,0,Yes,Yes,Yes,0
3814,2019-12-01,,One year,No,Mailed check,20.45,34.8,Fiber optic,No,No,No,No,No,No,Female,0,No,No,No,0
3815,2014-09-01,,Two year,No,Bank transfer (automatic),19.35,1319.95,Fiber optic,No,No,No,No,No,No,Female,0,Yes,No,No,0
3816,2016-06-01,2020-01-01,Month-to-month,Yes,Electronic check,101.0,4388.4,Fiber optic,No,Yes,No,No,Yes,Yes,Male,1,Yes,No,Yes,1
3817,2019-07-01,2019-11-01,Month-to-month,Yes,Electronic check,100.2,420.2,Fiber optic,No,Yes,No,No,Yes,Yes,Male,0,Yes,No,Yes,1
3818,2017-12-01,2020-01-01,One year,Yes,Electronic check,89.05,2177.45,Fiber optic,Yes,No,No,No,No,Yes,Male,1,Yes,No,Yes,1
3819,2015-11-01,,One year,Yes,Credit card (automatic),78.65,3950.85,DSL,No,Yes,No,Yes,Yes,Yes,Female,0,Yes,No,Yes,0
3820,2019-02-01,,Month-to-month,No,Bank transfer (automatic),74.75,827.05,DSL,No,No,Yes,No,Yes,Yes,Male,0,No,No,Yes,0
3821,2015-01-01,2019-10-01,One year,Yes,Bank transfer (automatic),70.1,3913.3,DSL,Yes,No,No,No,Yes,Yes,Female,0,Yes,Yes,No,1
3822,2018-02-01,,One year,No,Mailed check,19.9,533.5,Fiber optic,No,No,No,No,No,No,Female,0,Yes,Yes,No,0
3823,2014-10-01,,One year,No,Bank transfer (automatic),58.35,3756.45,DSL,No,No,Yes,Yes,No,No,Female,0,Yes,No,Yes,0
3824,2019-08-01,2019-12-01,One year,Yes,Electronic check,105.65,443.9,Fiber optic,No,Yes,Yes,Yes,Yes,Yes,Female,0,No,No,No,1
3825,2017-12-01,,Month-to-month,Yes,Bank transfer (automatic),100.5,2599.95,Fiber optic,No,No,Yes,No,Yes,Yes,Female,0,No,No,Yes,0
3826,2018-11-01,,Month-to-month,No,Mailed check,20.05,284.3,Fiber optic,No,No,No,No,No,No,Female,0,Yes,Yes,No,0
3827,2014-10-01,,Two year,No,Credit card (automatic),25.65,1740.8,Fiber optic,No,No,No,No,No,No,Male,1,Yes,No,Yes,0
3828,2016-12-01,2019-12-01,Month-to-month,Yes,Electronic check,96.5,3436.1,Fiber optic,No,Yes,No,No,Yes,Yes,Male,1,Yes,No,Yes,1
3829,2017-11-01,,Month-to-month,No,Credit card (automatic),95.0,2462.55,Fiber optic,No,No,No,No,Yes,Yes,Female,0,Yes,No,Yes,0
3830,2019-10-01,2019-11-01,Month-to-month,No,Mailed check,70.85,70.85,Fiber optic,No,No,No,No,No,No,Male,1,Yes,No,No,1
3831,2016-12-01,2019-11-01,One year,Yes,Credit card (automatic),85.95,3110.1,DSL,Yes,No,Yes,Yes,Yes,Yes,Female,0,No,No,Yes,1
3832,2019-09-01,2020-01-01,Month-to-month,Yes,Electronic check,73.9,280.85,Fiber optic,No,No,Yes,No,No,No,Male,0,No,No,No,1
3833,2019-06-01,,Month-to-month,Yes,Electronic check,45.45,411.75,DSL,No,No,No,No,No,No,Female,0,Yes,Yes,No,0
3834,2019-04-01,,Month-to-month,Yes,Credit card (automatic),20.0,198.6,Fiber optic,No,No,No,No,No,No,Male,0,No,No,No,0
3835,2019-12-01,,Month-to-month,No,Mailed check,49.2,103.7,DSL,No,Yes,No,No,No,No,Female,0,No,No,No,0
3836,2015-01-01,2019-11-01,Two year,Yes,Bank transfer (automatic),109.45,6144.55,Fiber optic,Yes,Yes,Yes,No,Yes,Yes,Female,0,Yes,No,Yes,1
3837,2015-11-01,,Two year,Yes,Credit card (automatic),83.25,4089.45,DSL,Yes,Yes,Yes,Yes,Yes,Yes,Male,0,Yes,No,No,0
3838,2016-04-01,,Two year,Yes,Mailed check,19.25,864.2,Fiber optic,No,No,No,No,No,No,Female,0,Yes,Yes,No,0
3839,2020-01-01,,Month-to-month,Yes,Bank transfer (automatic),19.65,19.65,Fiber optic,No,No,No,No,No,No,Male,0,No,No,No,0
3840,2016-04-01,,Month-to-month,No,Bank transfer (automatic),72.8,3249.4,Fiber optic,No,No,No,No,No,No,Male,0,No,No,Yes,0
3841,2015-12-01,,Month-to-month,Yes,Bank transfer (automatic),109.65,5405.8,Fiber optic,Yes,Yes,No,Yes,Yes,Yes,Female,0,Yes,No,Yes,0
3842,2015-09-01,,Month-to-month,No,Credit card (automatic),65.0,3363.8,DSL,No,Yes,No,Yes,Yes,No,Male,0,Yes,Yes,No,0
3843,2015-01-01,,Month-to-month,Yes,Electronic check,114.1,7132.15,Fiber optic,No,Yes,Yes,Yes,Yes,Yes,Male,0,Yes,No,Yes,0
3844,2019-09-01,,Month-to-month,No,Bank transfer (automatic),20.65,93.55,Fiber optic,No,No,No,No,No,No,Male,0,No,No,No,0
3845,2016-03-01,,One year,Yes,Bank transfer (automatic),86.95,4138.9,DSL,Yes,Yes,Yes,Yes,Yes,Yes,Male,0,No,No,No,0
3846,2015-08-01,,One year,Yes,Bank transfer (automatic),94.75,5121.75,Fiber optic,No,Yes,Yes,No,Yes,No,Female,0,No,No,Yes,0
3847,2018-07-01,,Month-to-month,Yes,Credit card (automatic),25.35,566.1,DSL,No,No,No,No,No,No,Male,0,No,Yes,No,0
3848,2017-12-01,,Two year,Yes,Electronic check,105.45,2715.3,Fiber optic,No,Yes,Yes,Yes,Yes,Yes,Female,0,No,Yes,No,0
3849,2014-04-01,,Two year,No,Mailed check,25.4,1782.05,Fiber optic,No,No,No,No,No,No,Male,0,Yes,Yes,Yes,0
3850,2018-09-01,,Month-to-month,Yes,Electronic check,102.55,1742.5,Fiber optic,No,Yes,Yes,No,Yes,Yes,Male,0,Yes,No,Yes,0
3851,2017-04-01,2019-10-01,Month-to-month,Yes,Electronic check,100.2,2983.8,Fiber optic,No,Yes,No,No,Yes,Yes,Female,0,No,No,Yes,1
3852,2020-01-01,,Month-to-month,No,Mailed check,24.0,24.0,Fiber optic,No,No,No,No,No,No,Female,0,No,Yes,Yes,0
3853,2018-07-01,,Two year,No,Mailed check,25.6,485.9,Fiber optic,No,No,No,No,No,No,Female,0,Yes,Yes,Yes,0
3854,2017-12-01,,Two year,Yes,Credit card (automatic),73.5,1905.7,DSL,No,Yes,Yes,No,Yes,Yes,Female,0,Yes,No,No,0
3855,2018-01-01,2019-10-01,Month-to-month,Yes,Bank transfer (automatic),74.05,1565.7,Fiber optic,No,Yes,No,No,No,No,Female,0,Yes,Yes,No,1
3856,2015-12-01,,One year,Yes,Electronic check,98.25,4858.7,Fiber optic,No,Yes,No,No,Yes,Yes,Male,0,Yes,No,Yes,0
3857,2014-06-01,,One year,Yes,Electronic check,54.4,3723.65,DSL,Yes,No,Yes,No,Yes,Yes,Female,0,Yes,No,No,0
3858,2019-09-01,2019-12-01,Month-to-month,Yes,Bank transfer (automatic),101.55,298.35,Fiber optic,No,No,Yes,No,Yes,Yes,Male,0,No,No,Yes,1
3859,2019-05-01,,Month-to-month,No,Electronic check,103.1,970.45,Fiber optic,No,No,Yes,Yes,Yes,Yes,Male,0,Yes,Yes,No,0
3860,2015-11-01,,Two year,No,Bank transfer (automatic),34.2,1782.0,DSL,Yes,No,No,Yes,No,No,Female,0,Yes,Yes,No,0
3861,2019-05-01,,Month-to-month,Yes,Electronic check,43.75,405.7,DSL,No,No,No,No,No,No,Female,0,No,No,No,0
3862,2016-07-01,2019-12-01,One year,Yes,Electronic check,111.95,4534.9,Fiber optic,No,Yes,Yes,Yes,Yes,Yes,Male,1,Yes,Yes,Yes,1
3863,2018-04-01,,Month-to-month,Yes,Electronic check,100.65,2415.95,Fiber optic,No,Yes,No,No,Yes,Yes,Male,0,No,No,Yes,0
3864,2018-01-01,2019-10-01,One year,Yes,Electronic check,55.95,1157.05,DSL,Yes,No,Yes,No,Yes,Yes,Female,0,Yes,Yes,No,1
3865,2014-03-01,,Two year,Yes,Bank transfer (automatic),116.05,8297.5,Fiber optic,Yes,Yes,Yes,Yes,Yes,Yes,Male,0,Yes,Yes,Yes,0
3866,2019-10-01,2019-11-01,Month-to-month,No,Electronic check,45.75,45.75,DSL,No,No,No,No,No,No,Male,0,No,No,No,1
3867,2017-12-01,,One year,Yes,Credit card (automatic),82.0,2083.1,DSL,No,No,Yes,Yes,Yes,Yes,Male,0,Yes,Yes,Yes,0
3868,2014-03-01,,Two year,No,Bank transfer (automatic),65.15,4681.75,DSL,Yes,Yes,No,Yes,No,No,Male,0,Yes,No,Yes,0
3869,2019-10-01,,Month-to-month,Yes,Credit card (automatic),44.8,176.2,DSL,No,No,No,No,No,No,Male,0,No,No,No,0
3870,2019-02-01,,Month-to-month,Yes,Electronic check,79.8,1001.2,Fiber optic,Yes,No,No,No,No,No,Female,0,No,No,Yes,0
3871,2018-08-01,,Month-to-month,Yes,Electronic check,88.85,1594.75,Fiber optic,No,No,No,Yes,Yes,No,Female,0,Yes,No,Yes,0
3872,2019-11-01,,Month-to-month,Yes,Electronic check,74.95,212.4,Fiber optic,No,No,No,No,No,No,Female,0,No,No,Yes,0
3873,2014-02-01,,One year,Yes,Bank transfer (automatic),106.85,7677.4,Fiber optic,Yes,Yes,No,No,Yes,Yes,Female,1,Yes,No,Yes,0
3874,2018-11-01,2019-10-01,Month-to-month,No,Electronic check,74.95,815.5,Fiber optic,No,Yes,No,No,No,No,Male,0,No,No,No,1
3875,2019-11-01,2019-12-01,Month-to-month,No,Credit card (automatic),80.15,80.15,Fiber optic,No,No,No,No,No,Yes,Female,0,No,No,No,1
3876,2019-01-01,,One year,No,Credit card (automatic),19.3,259.65,Fiber optic,No,No,No,No,No,No,Male,0,No,No,No,0
3877,2014-01-01,2020-01-01,One year,Yes,Electronic check,109.25,8109.8,Fiber optic,No,Yes,Yes,Yes,Yes,Yes,Female,0,Yes,No,Yes,1
3878,2016-08-01,,One year,No,Credit card (automatic),56.1,2386.85,DSL,Yes,No,No,No,No,No,Male,0,Yes,No,Yes,0
3879,2018-09-01,,Month-to-month,No,Credit card (automatic),19.7,340.35,Fiber optic,No,No,No,No,No,No,Female,0,No,No,No,0
3880,2019-07-01,,Month-to-month,Yes,Mailed check,51.3,419.35,DSL,No,Yes,No,No,No,No,Female,1,No,No,No,0
3881,2014-06-01,,Two year,No,Mailed check,118.6,7990.05,Fiber optic,Yes,Yes,Yes,Yes,Yes,Yes,Female,0,Yes,No,Yes,0
3882,2015-06-01,,Two year,No,Bank transfer (automatic),24.15,1402.25,Fiber optic,No,No,No,No,No,No,Male,0,Yes,Yes,Yes,0
3883,2016-12-01,,One year,No,Mailed check,20.3,749.35,Fiber optic,No,No,No,No,No,No,Female,0,Yes,Yes,No,0
3884,2014-02-01,,Two year,Yes,Electronic check,115.5,8425.15,Fiber optic,Yes,Yes,Yes,Yes,Yes,Yes,Female,0,Yes,Yes,Yes,0
3885,2016-02-01,,One year,No,Credit card (automatic),25.05,1171.5,Fiber optic,No,No,No,No,No,No,Female,0,No,No,Yes,0
3886,2015-10-01,,Month-to-month,Yes,Electronic check,109.1,5647.95,Fiber optic,Yes,Yes,Yes,No,Yes,Yes,Female,1,Yes,No,Yes,0
3887,2017-03-01,,One year,No,Mailed check,19.65,708.8,Fiber optic,No,No,No,No,No,No,Female,0,Yes,Yes,No,0
3888,2014-07-01,,Two year,Yes,Bank transfer (automatic),111.3,7567.2,Fiber optic,No,Yes,Yes,Yes,Yes,Yes,Male,0,Yes,No,Yes,0
3889,2020-01-01,,Month-to-month,No,Mailed check,29.9,29.9,DSL,Yes,No,No,No,No,No,Female,0,No,No,No,0
3890,2015-09-01,,Month-to-month,Yes,Mailed check,80.6,4348.1,Fiber optic,No,Yes,No,Yes,No,No,Male,0,No,No,No,0
3891,2017-04-01,,Month-to-month,No,Mailed check,20.8,635.9,Fiber optic,No,No,No,No,No,No,Male,0,Yes,Yes,No,0
3892,2019-10-01,2020-01-01,Month-to-month,No,Credit card (automatic),35.2,108.95,DSL,No,No,No,No,Yes,No,Female,0,No,No,No,1
3893,2019-10-01,2019-11-01,Month-to-month,No,Electronic check,78.8,78.8,Fiber optic,No,No,No,No,Yes,No,Female,0,Yes,No,No,1
3894,2018-07-01,,Month-to-month,No,Mailed check,89.95,1682.4,Fiber optic,No,No,Yes,Yes,Yes,No,Male,0,No,No,No,0
3895,2015-02-01,,Two year,Yes,Bank transfer (automatic),116.05,6925.9,Fiber optic,Yes,Yes,Yes,Yes,Yes,Yes,Female,1,Yes,No,Yes,0
3896,2019-03-01,,Two year,No,Credit card (automatic),19.55,223.15,Fiber optic,No,No,No,No,No,No,Male,0,No,No,No,0
3897,2015-11-01,2019-10-01,Month-to-month,Yes,Electronic check,106.4,5127.95,Fiber optic,No,Yes,Yes,No,Yes,Yes,Female,0,No,No,Yes,1
3898,2018-06-01,2019-12-01,Month-to-month,No,Electronic check,49.4,874.8,DSL,Yes,No,No,No,No,No,Male,0,No,No,No,1
3899,2015-02-01,,Two year,No,Credit card (automatic),115.25,6758.45,Fiber optic,Yes,Yes,Yes,Yes,Yes,Yes,Female,0,Yes,Yes,Yes,0
3900,2014-02-01,,Two year,No,Credit card (automatic),24.8,1874.3,Fiber optic,No,No,No,No,No,No,Male,0,Yes,No,Yes,0
3901,2016-11-01,,One year,No,Mailed check,19.9,791.15,Fiber optic,No,No,No,No,No,No,Male,0,No,No,No,0
3902,2015-03-01,,One year,Yes,Credit card (automatic),81.25,4639.45,Fiber optic,Yes,No,Yes,No,No,No,Female,0,Yes,No,No,0
3903,2019-12-01,,Month-to-month,No,Mailed check,69.95,143.9,Fiber optic,No,No,No,No,No,No,Male,0,Yes,Yes,No,0
3904,2019-11-01,2019-12-01,Month-to-month,No,Electronic check,69.1,69.1,Fiber optic,No,No,No,No,No,No,Male,1,No,No,No,1
3905,2018-04-01,2019-12-01,Month-to-month,Yes,Electronic check,90.2,1776.55,Fiber optic,No,No,No,No,Yes,Yes,Male,0,Yes,Yes,No,1
3906,2019-05-01,2019-11-01,Month-to-month,Yes,Bank transfer (automatic),93.55,536.4,Fiber optic,No,No,No,No,Yes,Yes,Female,0,No,No,Yes,1
3907,2014-03-01,,Two year,Yes,Credit card (automatic),86.4,6172.0,Fiber optic,No,No,Yes,Yes,No,No,Male,0,No,No,Yes,0
3908,2018-02-01,,Month-to-month,No,Mailed check,66.3,1559.45,DSL,Yes,Yes,Yes,No,No,No,Female,0,Yes,No,Yes,0
3909,2014-07-01,,Month-to-month,Yes,Credit card (automatic),94.65,6079.0,Fiber optic,No,No,No,No,Yes,Yes,Male,1,Yes,No,Yes,0
3910,2019-12-01,2020-01-01,Month-to-month,Yes,Mailed check,80.85,80.85,Fiber optic,No,No,No,No,No,Yes,Male,0,No,No,No,1
3911,2016-01-01,2020-01-01,One year,Yes,Mailed check,82.05,4029.95,Fiber optic,No,No,No,No,No,Yes,Female,0,Yes,Yes,Yes,1
3912,2017-01-01,,One year,No,Mailed check,72.1,2658.4,DSL,No,Yes,No,Yes,No,Yes,Female,0,Yes,No,Yes,0
3913,2019-03-01,,Month-to-month,No,Mailed check,34.7,383.55,DSL,No,Yes,Yes,No,No,No,Male,0,No,No,No,0
3914,2019-08-01,2019-11-01,Month-to-month,Yes,Credit card (automatic),20.55,51.15,Fiber optic,No,No,No,No,No,No,Male,0,Yes,No,No,1
3915,2018-08-01,,Month-to-month,Yes,Credit card (automatic),95.95,1745.5,Fiber optic,No,No,Yes,No,Yes,Yes,Female,0,Yes,No,No,0
3916,2015-12-01,,One year,Yes,Bank transfer (automatic),44.8,2230.85,DSL,No,No,No,No,No,No,Male,0,Yes,Yes,No,0
3917,2014-07-01,,One year,Yes,Electronic check,109.4,7281.6,Fiber optic,Yes,No,Yes,Yes,Yes,Yes,Female,0,Yes,Yes,Yes,0
3918,2018-01-01,,Month-to-month,Yes,Mailed check,71.05,1837.7,DSL,Yes,Yes,No,Yes,No,Yes,Female,0,Yes,No,No,0
3919,2019-11-01,2020-01-01,Month-to-month,Yes,Electronic check,78.55,149.55,Fiber optic,No,No,Yes,No,No,No,Female,1,No,No,Yes,1
3920,2019-05-01,,Month-to-month,No,Credit card (automatic),19.7,180.7,Fiber optic,No,No,No,No,No,No,Male,0,No,No,No,0
3921,2019-04-01,,One year,No,Mailed check,40.25,411.45,DSL,Yes,Yes,No,Yes,No,No,Female,0,No,Yes,No,0
3922,2014-04-01,,Two year,No,Credit card (automatic),19.85,1328.35,Fiber optic,No,No,No,No,No,No,Female,0,Yes,No,No,0
3923,2019-05-01,,Month-to-month,Yes,Bank transfer (automatic),68.25,576.95,DSL,Yes,No,Yes,Yes,No,Yes,Male,0,No,No,No,0
3924,2019-10-01,,Month-to-month,Yes,Credit card (automatic),20.15,68.45,Fiber optic,No,No,No,No,No,No,Female,0,No,No,No,0
3925,2019-12-01,,Month-to-month,No,Mailed check,50.95,123.05,DSL,Yes,No,No,No,No,No,Female,0,No,No,No,0
3926,2019-09-01,2019-10-01,Month-to-month,No,Electronic check,78.65,78.65,Fiber optic,No,No,No,No,No,Yes,Female,0,No,Yes,No,1
3927,2018-07-01,,Month-to-month,Yes,Bank transfer (automatic),25.15,468.35,DSL,No,No,No,No,No,No,Male,0,No,No,No,0
3928,2019-07-01,,Month-to-month,Yes,Bank transfer (automatic),20.25,174.7,Fiber optic,No,No,No,No,No,No,Male,0,Yes,Yes,No,0
3929,2019-12-01,2020-01-01,Month-to-month,Yes,Electronic check,42.9,42.9,DSL,No,No,No,No,No,No,Male,0,No,No,No,1
3930,2020-01-01,,Month-to-month,No,Electronic check,44.0,44.0,DSL,No,No,No,No,No,No,Male,1,No,No,No,0
3931,2019-05-01,,One year,No,Mailed check,20.25,172.35,Fiber optic,No,No,No,No,No,No,Female,0,Yes,Yes,No,0
3932,2019-09-01,2019-12-01,Month-to-month,No,Mailed check,34.25,139.35,DSL,Yes,No,No,Yes,No,No,Female,0,No,No,No,1
3933,2019-01-01,2019-10-01,Month-to-month,No,Mailed check,58.5,539.85,DSL,Yes,No,Yes,Yes,Yes,Yes,Female,0,No,No,No,1
3934,2019-09-01,,Month-to-month,No,Credit card (automatic),55.8,300.4,DSL,Yes,No,Yes,No,No,No,Female,0,No,No,No,0
3935,2015-06-01,,One year,No,Bank transfer (automatic),88.9,4968.0,Fiber optic,No,No,No,No,Yes,Yes,Female,0,Yes,Yes,No,0
3936,2018-08-01,,Month-to-month,No,Mailed check,57.65,992.7,DSL,Yes,No,No,No,No,No,Female,0,No,Yes,Yes,0
3937,2015-12-01,2020-01-01,Month-to-month,Yes,Electronic check,96.2,4718.25,Fiber optic,No,No,No,No,Yes,Yes,Male,1,No,No,Yes,1
3938,2014-04-01,,Two year,No,Mailed check,79.15,5536.5,DSL,Yes,Yes,Yes,Yes,Yes,No,Male,0,Yes,No,Yes,0
3939,2014-02-01,,Two year,Yes,Credit card (automatic),108.05,7806.6,Fiber optic,No,Yes,Yes,Yes,Yes,Yes,Female,0,No,No,Yes,0
3940,2019-04-01,2019-10-01,Month-to-month,No,Electronic check,74.4,434.1,Fiber optic,No,No,Yes,No,No,No,Female,1,No,No,No,1
3941,2018-09-01,,Month-to-month,Yes,Electronic check,94.8,1563.9,Fiber optic,No,No,No,No,Yes,Yes,Male,1,Yes,No,Yes,0
3942,2017-09-01,,Month-to-month,Yes,Electronic check,45.9,1332.4,DSL,No,No,No,No,Yes,Yes,Male,0,Yes,No,No,0
3943,2019-07-01,2020-01-01,Month-to-month,Yes,Electronic check,105.3,545.2,Fiber optic,No,Yes,Yes,No,Yes,Yes,Female,0,Yes,No,Yes,1
3944,2014-11-01,,Two year,No,Electronic check,102.6,6296.75,Fiber optic,No,No,Yes,No,Yes,Yes,Male,0,Yes,No,Yes,0
3945,2018-06-01,2019-10-01,Month-to-month,Yes,Bank transfer (automatic),73.85,1284.2,Fiber optic,No,No,No,No,No,No,Male,0,Yes,No,Yes,1
3946,2015-03-01,,One year,Yes,Bank transfer (automatic),61.35,3645.5,DSL,No,No,Yes,No,No,Yes,Male,0,No,No,No,0
3947,2019-11-01,,Month-to-month,No,Electronic check,57.55,161.45,DSL,No,No,Yes,No,Yes,No,Female,0,No,No,No,0
3948,2019-06-01,,Month-to-month,Yes,Mailed check,29.25,226.95,DSL,No,Yes,No,No,No,No,Female,0,No,No,No,0
3949,2019-03-01,2019-10-01,Month-to-month,Yes,Electronic check,84.55,646.85,Fiber optic,No,No,No,No,No,Yes,Female,1,Yes,No,Yes,1
3950,2014-06-01,,Two year,No,Credit card (automatic),19.6,1441.65,Fiber optic,No,No,No,No,No,No,Female,0,No,No,No,0
3951,2014-06-01,,Two year,No,Credit card (automatic),111.75,7511.3,Fiber optic,Yes,No,Yes,Yes,Yes,Yes,Female,0,Yes,Yes,Yes,0
3952,2015-10-01,,One year,Yes,Electronic check,106.5,5621.85,Fiber optic,No,Yes,Yes,No,Yes,Yes,Female,1,Yes,No,Yes,0
3953,2014-02-01,,Two year,Yes,Credit card (automatic),107.7,7919.8,Fiber optic,Yes,Yes,No,Yes,Yes,Yes,Male,0,Yes,Yes,Yes,0
3954,2017-06-01,,One year,No,Mailed check,19.3,593.2,Fiber optic,No,No,No,No,No,No,Female,0,Yes,No,No,0
3955,2014-02-01,,Two year,No,Bank transfer (automatic),20.05,1423.65,Fiber optic,No,No,No,No,No,No,Female,0,Yes,No,No,0
3956,2020-01-01,,Month-to-month,Yes,Credit card (automatic),69.95,69.95,Fiber optic,No,No,No,No,No,No,Male,0,Yes,Yes,No,0
3957,2016-08-01,,One year,No,Credit card (automatic),63.7,2763.35,DSL,Yes,No,No,Yes,No,Yes,Male,0,Yes,Yes,No,0
3958,2017-10-01,2019-11-01,Two year,No,Credit card (automatic),24.75,692.1,Fiber optic,No,No,No,No,No,No,Female,0,No,No,Yes,1
3959,2016-05-01,,Month-to-month,Yes,Bank transfer (automatic),50.9,2298.55,DSL,Yes,No,No,No,No,No,Male,0,No,No,No,0
3960,2016-07-01,,One year,Yes,Credit card (automatic),60.4,2640.55,DSL,Yes,No,Yes,Yes,Yes,Yes,Female,0,Yes,Yes,No,0
3961,2017-01-01,,One year,No,Mailed check,79.25,2911.8,DSL,Yes,No,Yes,No,Yes,Yes,Male,0,Yes,No,Yes,0
3962,2018-05-01,2020-01-01,Month-to-month,Yes,Credit card (automatic),85.8,1727.5,Fiber optic,No,No,No,No,No,Yes,Female,1,No,No,Yes,1
3963,2019-09-01,2020-01-01,Month-to-month,Yes,Electronic check,24.45,86.6,DSL,No,No,No,No,No,No,Female,0,No,No,No,1
3964,2014-11-01,,Two year,Yes,Credit card (automatic),110.1,6705.7,Fiber optic,Yes,Yes,Yes,Yes,Yes,Yes,Male,0,Yes,No,No,0
3965,2019-11-01,,Month-to-month,No,Mailed check,90.7,237.65,Fiber optic,No,No,No,No,Yes,Yes,Male,0,No,No,No,0
3966,2014-08-01,,Two year,Yes,Credit card (automatic),25.3,1672.35,Fiber optic,No,No,No,No,No,No,Male,0,Yes,Yes,Yes,0
3967,2017-08-01,2019-12-01,Month-to-month,Yes,Electronic check,105.7,2979.5,Fiber optic,No,Yes,Yes,No,Yes,Yes,Male,0,No,No,Yes,1
3968,2019-06-01,,Month-to-month,No,Electronic check,85.2,695.75,Fiber optic,No,No,No,No,No,Yes,Female,1,No,No,Yes,0
3969,2014-03-01,,Two year,No,Mailed check,24.35,1654.6,Fiber optic,No,No,No,No,No,No,Male,0,No,Yes,Yes,0
3970,2019-10-01,2019-11-01,Month-to-month,Yes,Electronic check,24.25,24.25,DSL,No,No,No,No,No,No,Male,0,No,No,No,1
3971,2014-02-01,,Two year,No,Bank transfer (automatic),25.1,1857.85,Fiber optic,No,No,No,No,No,No,Female,0,Yes,Yes,Yes,0
3972,2018-10-01,,Month-to-month,Yes,Bank transfer (automatic),54.55,825.1,DSL,Yes,Yes,No,No,No,No,Male,1,Yes,No,No,0
3973,2014-08-01,,Two year,No,Mailed check,96.6,6424.25,Fiber optic,Yes,Yes,Yes,Yes,No,No,Male,0,Yes,No,Yes,0
3974,2019-02-01,2020-01-01,Month-to-month,Yes,Electronic check,76.5,837.95,Fiber optic,No,No,No,No,No,No,Female,0,No,No,Yes,1
3975,2015-11-01,,One year,Yes,Credit card (automatic),81.15,4126.2,DSL,Yes,Yes,Yes,Yes,Yes,No,Male,0,No,No,Yes,0
3976,2019-06-01,,Month-to-month,Yes,Electronic check,38.5,330.8,DSL,Yes,No,No,No,No,Yes,Female,0,No,Yes,No,0
3977,2018-12-01,,Month-to-month,Yes,Electronic check,92.9,1337.45,Fiber optic,No,No,No,No,Yes,Yes,Male,0,No,No,No,0
3978,2019-07-01,2019-11-01,Month-to-month,Yes,Electronic check,93.5,362.2,Fiber optic,No,Yes,No,Yes,No,Yes,Female,0,No,No,Yes,1
3979,2014-04-01,,Two year,No,Mailed check,84.7,5991.05,DSL,Yes,Yes,Yes,No,Yes,Yes,Female,0,No,No,Yes,0
3980,2014-04-01,,Two year,No,Electronic check,66.0,4891.5,DSL,Yes,Yes,No,Yes,No,No,Female,0,No,Yes,Yes,0
3981,2015-06-01,2019-12-01,One year,Yes,Credit card (automatic),101.5,5373.1,Fiber optic,No,Yes,No,No,Yes,Yes,Female,1,Yes,No,Yes,1
3982,2017-09-01,2020-01-01,Month-to-month,Yes,Bank transfer (automatic),74.9,2068.55,Fiber optic,Yes,No,No,No,No,No,Male,0,No,Yes,No,1
3983,2018-02-01,,Two year,No,Mailed check,20.75,487.05,Fiber optic,No,No,No,No,No,No,Male,0,No,No,No,0
3984,2014-05-01,,Two year,Yes,Credit card (automatic),61.45,4131.2,DSL,No,Yes,No,No,No,Yes,Female,0,Yes,No,No,0
3985,2016-08-01,,Month-to-month,No,Mailed check,54.5,2301.15,DSL,Yes,Yes,No,No,No,No,Male,0,Yes,Yes,No,0
3986,2019-08-01,2019-10-01,Month-to-month,Yes,Electronic check,69.6,131.65,Fiber optic,No,No,No,No,No,No,Female,1,No,No,No,1
3987,2016-11-01,,Month-to-month,Yes,Electronic check,99.75,4036.0,Fiber optic,No,No,Yes,No,Yes,Yes,Female,1,No,No,Yes,0
3988,2016-05-01,,Two year,Yes,Bank transfer (automatic),109.75,4900.65,Fiber optic,No,Yes,Yes,Yes,Yes,Yes,Male,0,Yes,Yes,Yes,0
3989,2014-02-01,,Two year,Yes,Bank transfer (automatic),80.85,5727.45,DSL,Yes,Yes,Yes,Yes,Yes,No,Male,0,Yes,Yes,Yes,0
3990,2016-12-01,,Two year,No,Mailed check,20.3,743.05,Fiber optic,No,No,No,No,No,No,Female,0,No,No,No,0
3991,2014-02-01,,Two year,Yes,Bank transfer (automatic),67.8,4804.65,DSL,Yes,Yes,Yes,Yes,No,No,Male,0,Yes,No,Yes,0
3992,2019-10-01,2019-11-01,Month-to-month,Yes,Mailed check,24.05,24.05,Fiber optic,No,No,No,No,No,No,Male,0,No,No,Yes,1
3993,2014-02-01,,Two year,Yes,Credit card (automatic),19.8,1414.65,Fiber optic,No,No,No,No,No,No,Male,0,Yes,Yes,No,0
3994,2015-07-01,,Two year,No,Bank transfer (automatic),25.7,1443.65,Fiber optic,No,No,No,No,No,No,Male,0,Yes,No,Yes,0
3995,2015-11-01,,One year,Yes,Electronic check,56.15,2898.95,DSL,No,No,Yes,Yes,Yes,Yes,Female,0,Yes,Yes,No,0
3996,2014-11-01,,Two year,Yes,Bank transfer (automatic),86.7,5309.5,DSL,Yes,Yes,Yes,Yes,Yes,Yes,Male,0,No,No,No,0
3997,2020-01-01,,Month-to-month,No,Mailed check,20.4,20.4,Fiber optic,No,No,No,No,No,No,Female,0,No,No,No,0
3998,2018-03-01,,Two year,Yes,Mailed check,19.65,451.55,Fiber optic,No,No,No,No,No,No,Female,0,Yes,Yes,No,0
3999,2019-09-01,2019-10-01,Month-to-month,No,Electronic check,50.55,50.55,DSL,No,Yes,No,No,No,No,Female,0,No,No,No,1
4000,2019-12-01,,Month-to-month,Yes,Mailed check,54.35,117.05,DSL,No,No,No,Yes,No,No,Female,0,No,No,Yes,0
4011,2019-07-01,,Month-to-month,No,Bank transfer (automatic),25.05,189.95,DSL,No,No,No,No,No,No,Female,0,No,No,No,0
4012,2019-07-01,2019-11-01,Month-to-month,Yes,Bank transfer (automatic),74.8,321.9,Fiber optic,No,No,Yes,No,No,No,Male,0,No,No,No,1
4013,2014-02-01,,Two year,Yes,Credit card (automatic),114.3,8058.55,Fiber optic,Yes,Yes,Yes,Yes,Yes,Yes,Male,0,Yes,Yes,Yes,0
4014,2018-03-01,2019-11-01,Month-to-month,Yes,Electronic check,24.45,482.8,DSL,No,No,No,No,No,No,Female,0,Yes,No,No,1
4015,2014-11-01,,Two year,No,Credit card (automatic),109.2,7049.75,Fiber optic,Yes,Yes,Yes,Yes,Yes,Yes,Male,0,No,No,No,0
4016,2015-06-01,,Two year,No,Bank transfer (automatic),45.05,2560.1,DSL,Yes,Yes,Yes,Yes,No,No,Female,0,No,No,No,0
4017,2019-09-01,,Month-to-month,Yes,Mailed check,51.0,286.8,DSL,No,No,No,Yes,No,No,Female,0,No,Yes,No,0
4018,2014-02-01,,Two year,Yes,Bank transfer (automatic),110.45,7982.5,Fiber optic,No,Yes,Yes,Yes,Yes,Yes,Female,0,Yes,No,Yes,0
4019,2014-06-01,,Month-to-month,Yes,Electronic check,84.65,5683.6,Fiber optic,No,Yes,Yes,No,No,No,Male,1,Yes,Yes,Yes,0
4020,2014-07-01,,One year,No,Mailed check,60.05,3994.05,DSL,Yes,Yes,No,Yes,No,No,Male,0,Yes,Yes,No,0
4021,2019-06-01,,Month-to-month,No,Bank transfer (automatic),44.65,369.15,DSL,No,No,No,No,No,No,Male,0,Yes,Yes,No,0
4022,2015-10-01,,Month-to-month,Yes,Bank transfer (automatic),93.25,4631.7,Fiber optic,No,Yes,No,Yes,No,Yes,Male,0,Yes,Yes,Yes,0
4023,2018-08-01,,Month-to-month,Yes,Mailed check,20.25,401.95,Fiber optic,No,No,No,No,No,No,Female,0,Yes,Yes,No,0
4024,2015-03-01,,Two year,No,Mailed check,25.45,1534.05,Fiber optic,No,No,No,No,No,No,Female,0,Yes,Yes,Yes,0
4025,2015-02-01,,Two year,No,Mailed check,20.6,1093.0,Fiber optic,No,No,No,No,No,No,Female,0,No,No,No,0
4026,2019-07-01,,Month-to-month,Yes,Electronic check,94.1,701.3,Fiber optic,No,No,No,No,Yes,Yes,Male,0,No,No,Yes,0
4027,2015-03-01,,One year,No,Mailed check,34.8,1980.3,DSL,Yes,No,Yes,No,No,No,Male,0,Yes,Yes,No,0
4028,2016-04-01,,Two year,Yes,Bank transfer (automatic),60.75,2893.4,DSL,Yes,No,Yes,Yes,Yes,Yes,Male,0,No,No,No,0
4029,2019-09-01,,Month-to-month,Yes,Electronic check,51.35,262.3,DSL,No,Yes,No,No,No,No,Male,0,No,No,No,0
4030,2015-03-01,,Two year,Yes,Credit card (automatic),64.05,3886.85,DSL,Yes,No,Yes,Yes,Yes,Yes,Male,1,Yes,No,No,0
4031,2014-04-01,,Two year,Yes,Bank transfer (automatic),84.8,5917.55,DSL,No,Yes,Yes,Yes,Yes,Yes,Female,0,Yes,No,Yes,0
4032,2018-11-01,2020-01-01,Month-to-month,Yes,Credit card (automatic),71.0,914.0,Fiber optic,No,No,No,No,No,No,Female,0,No,No,No,1
4033,2016-06-01,,Month-to-month,Yes,Mailed check,50.15,2139.1,DSL,No,No,No,No,No,No,Female,0,No,No,Yes,0
4034,2014-10-01,,Two year,Yes,Credit card (automatic),94.6,5948.7,Fiber optic,Yes,No,Yes,No,Yes,No,Female,0,Yes,No,Yes,0
4035,2015-04-01,,Two year,No,Mailed check,59.75,3624.35,DSL,Yes,No,Yes,Yes,Yes,Yes,Female,0,Yes,Yes,No,0
4036,2016-04-01,,One year,No,Electronic check,100.25,4753.85,Fiber optic,No,No,No,Yes,Yes,Yes,Female,1,Yes,No,Yes,0
4037,2015-04-01,,Month-to-month,Yes,Electronic check,98.9,5780.7,Fiber optic,No,Yes,No,No,Yes,Yes,Male,1,Yes,No,Yes,0
4038,2014-02-01,,Two year,Yes,Credit card (automatic),97.7,6869.7,Fiber optic,No,Yes,No,No,Yes,Yes,Female,0,Yes,No,Yes,0
4039,2017-06-01,2019-12-01,Month-to-month,Yes,Electronic check,40.3,1172.95,DSL,No,No,Yes,No,Yes,No,Female,1,No,No,No,1
4040,2019-03-01,,Month-to-month,No,Bank transfer (automatic),60.25,662.95,DSL,Yes,Yes,No,No,No,No,Male,1,No,No,Yes,0
4041,2017-04-01,,Month-to-month,Yes,Electronic check,56.25,1765.95,DSL,No,Yes,Yes,No,Yes,Yes,Female,1,No,No,No,0
4042,2015-08-01,,Two year,No,Bank transfer (automatic),46.2,2431.95,DSL,Yes,Yes,No,No,No,Yes,Male,0,No,No,No,0
4043,2019-10-01,2020-01-01,Month-to-month,Yes,Electronic check,50.6,155.35,DSL,No,Yes,No,No,Yes,Yes,Female,0,No,No,No,1
4044,2014-02-01,,Two year,No,Mailed check,24.9,1859.2,Fiber optic,No,No,No,No,No,No,Female,0,Yes,Yes,Yes,0
4045,2016-08-01,2019-12-01,Month-to-month,Yes,Electronic check,84.85,3303.05,Fiber optic,No,No,Yes,Yes,No,No,Female,0,Yes,Yes,Yes,1
4046,2019-11-01,2020-01-01,Month-to-month,No,Mailed check,65.7,134.35,DSL,No,No,No,No,Yes,Yes,Female,0,Yes,Yes,No,1
4047,2015-08-01,,Two year,No,Credit card (automatic),63.35,3409.1,DSL,No,No,Yes,No,No,Yes,Male,0,Yes,Yes,Yes,0
4048,2018-12-01,,Month-to-month,No,Bank transfer (automatic),50.1,709.5,DSL,Yes,No,No,No,No,No,Female,0,No,No,No,0
4049,2019-11-01,2019-12-01,Month-to-month,No,Electronic check,70.5,70.5,Fiber optic,No,No,No,No,No,No,Female,0,No,No,No,1
4050,2019-03-01,2020-01-01,Month-to-month,Yes,Electronic check,94.85,953.45,Fiber optic,No,Yes,Yes,No,No,Yes,Female,0,No,No,Yes,1
4051,2020-01-01,,Month-to-month,No,Electronic check,50.15,50.15,DSL,Yes,No,No,No,No,No,Female,0,No,No,No,0
4052,2019-11-01,2019-12-01,Month-to-month,No,Mailed check,19.75,19.75,Fiber optic,No,No,No,No,No,No,Male,0,No,No,No,1
4053,2015-06-01,,One year,Yes,Bank transfer (automatic),64.65,3665.55,DSL,Yes,Yes,No,Yes,No,No,Male,0,No,No,Yes,0
4054,2014-06-01,,Two year,Yes,Bank transfer (automatic),79.6,5515.8,DSL,Yes,Yes,No,Yes,Yes,Yes,Female,0,Yes,No,No,0
4055,2018-12-01,,One year,Yes,Mailed check,19.5,272.0,Fiber optic,No,No,No,No,No,No,Female,0,Yes,Yes,No,0
4056,2014-06-01,,Two year,Yes,Electronic check,99.55,6668.0,Fiber optic,Yes,No,No,Yes,Yes,Yes,Male,0,Yes,Yes,No,0
4057,2015-07-01,,Month-to-month,Yes,Electronic check,74.0,4052.4,Fiber optic,No,No,No,No,No,No,Male,1,Yes,No,Yes,0
4058,2018-10-01,,Month-to-month,Yes,Electronic check,38.9,664.4,DSL,Yes,No,No,No,Yes,No,Female,0,No,No,No,0
4059,2019-05-01,,Month-to-month,Yes,Electronic check,79.55,718.55,Fiber optic,No,No,No,No,No,Yes,Male,1,No,No,No,0
4060,2018-09-01,2019-11-01,Month-to-month,Yes,Electronic check,65.45,937.6,DSL,Yes,Yes,No,No,Yes,No,Male,0,Yes,Yes,No,1
4061,2015-02-01,2019-12-01,Month-to-month,Yes,Electronic check,98.7,5812.6,Fiber optic,No,No,Yes,No,Yes,Yes,Male,1,Yes,No,Yes,1
4062,2015-09-01,,Month-to-month,Yes,Bank transfer (automatic),46.3,2546.85,DSL,Yes,Yes,No,No,No,Yes,Male,0,No,No,No,0
4063,2014-04-01,,Two year,Yes,Credit card (automatic),99.35,6944.5,Fiber optic,Yes,Yes,Yes,No,Yes,No,Male,0,Yes,No,Yes,0
4064,2018-12-01,,Month-to-month,Yes,Electronic check,95.8,1346.3,Fiber optic,No,No,No,No,Yes,Yes,Female,1,Yes,Yes,Yes,0
4065,2018-02-01,2019-12-01,One year,Yes,Bank transfer (automatic),67.5,1544.05,DSL,Yes,No,Yes,Yes,Yes,No,Male,0,Yes,Yes,No,1
4066,2019-04-01,,Month-to-month,Yes,Credit card (automatic),78.15,765.15,Fiber optic,Yes,No,No,No,No,No,Female,0,Yes,No,Yes,0
4067,2017-09-01,,Two year,No,Mailed check,26.1,692.55,Fiber optic,No,No,No,No,No,No,Female,0,Yes,Yes,Yes,0
4068,2019-12-01,2020-01-01,Month-to-month,Yes,Electronic check,69.6,69.6,Fiber optic,No,No,No,No,No,No,Female,0,No,No,No,1
4069,2015-10-01,2019-11-01,One year,No,Electronic check,84.35,4059.35,DSL,Yes,No,Yes,Yes,Yes,Yes,Male,0,Yes,No,Yes,1
4070,2014-05-01,2020-01-01,Month-to-month,Yes,Electronic check,100.2,6851.65,Fiber optic,No,Yes,No,No,Yes,Yes,Female,1,Yes,No,Yes,1
4071,2019-12-01,2020-01-01,Month-to-month,No,Electronic check,78.05,78.05,Fiber optic,No,No,No,No,Yes,No,Female,0,No,No,No,1
4072,2017-08-01,,One year,Yes,Credit card (automatic),40.35,1187.05,DSL,No,No,No,Yes,No,Yes,Female,0,No,No,No,0
4073,2014-02-01,,Two year,No,Credit card (automatic),79.2,5401.9,DSL,Yes,Yes,Yes,Yes,Yes,No,Female,0,Yes,No,Yes,0
4074,2019-04-01,,Month-to-month,Yes,Mailed check,20.9,247.0,Fiber optic,No,No,No,No,No,No,Female,0,No,No,No,0
4075,2019-03-01,2019-10-01,Month-to-month,No,Electronic check,73.6,520.0,Fiber optic,No,No,No,No,No,No,Male,0,No,No,Yes,1
4076,2019-03-01,2019-12-01,Month-to-month,Yes,Electronic check,74.75,706.6,Fiber optic,No,No,No,No,No,No,Female,0,No,No,Yes,1
4077,2020-01-01,,Month-to-month,No,Mailed check,49.9,49.9,DSL,Yes,No,No,No,No,No,Female,0,No,Yes,No,0
4078,2018-06-01,,Month-to-month,Yes,Credit card (automatic),68.9,1370.35,DSL,No,Yes,No,Yes,No,Yes,Female,0,No,No,Yes,0
4079,2020-01-01,,Month-to-month,Yes,Mailed check,20.25,20.25,Fiber optic,No,No,No,No,No,No,Female,0,No,No,No,0
4080,2017-09-01,,Month-to-month,Yes,Credit card (automatic),76.0,2215.25,Fiber optic,No,No,No,No,No,No,Female,0,No,No,Yes,0
4081,2020-01-01,,Month-to-month,No,Electronic check,74.0,74.0,Fiber optic,No,No,No,Yes,No,No,Male,0,No,No,No,0
4082,2019-11-01,,Month-to-month,Yes,Mailed check,82.3,214.4,Fiber optic,Yes,No,No,Yes,No,No,Male,0,No,No,No,0
4083,2018-06-01,,Month-to-month,Yes,Bank transfer (automatic),89.4,1871.15,Fiber optic,Yes,No,Yes,No,Yes,No,Female,0,No,No,No,0
4084,2014-10-01,,Month-to-month,Yes,Credit card (automatic),99.15,6171.2,Fiber optic,No,Yes,No,Yes,Yes,Yes,Male,0,No,Yes,No,0
4085,2019-11-01,2019-12-01,Month-to-month,Yes,Mailed check,20.2,20.2,Fiber optic,No,No,No,No,No,No,Male,0,No,No,No,1
4086,2019-08-01,,Month-to-month,No,Bank transfer (automatic),29.45,161.45,DSL,Yes,No,No,No,No,No,Female,0,No,No,No,0
4087,2015-12-01,,Two year,No,Electronic check,19.8,1013.2,Fiber optic,No,No,No,No,No,No,Male,0,Yes,No,No,0
4088,2019-08-01,,Month-to-month,Yes,Bank transfer (automatic),59.15,336.7,DSL,Yes,No,No,No,No,Yes,Male,0,No,No,No,0
4089,2019-07-01,,Month-to-month,No,Electronic check,44.75,333.65,DSL,No,No,No,No,No,No,Male,0,Yes,Yes,No,0
4090,2014-02-01,,Two year,Yes,Credit card (automatic),90.8,6511.8,Fiber optic,No,No,Yes,No,No,Yes,Male,0,Yes,Yes,Yes,0
4091,2019-06-01,,Month-to-month,Yes,Bank transfer (automatic),49.55,393.45,DSL,No,Yes,No,No,No,No,Male,0,Yes,No,No,0
4092,2014-07-01,,Two year,No,Credit card (automatic),106.7,7009.5,Fiber optic,Yes,No,No,Yes,Yes,Yes,Female,0,Yes,Yes,Yes,0
4093,2017-12-01,2019-12-01,Month-to-month,Yes,Electronic check,93.55,2264.05,Fiber optic,No,No,No,No,Yes,Yes,Female,1,Yes,No,Yes,1
4094,2014-02-01,,Two year,Yes,Credit card (automatic),94.45,6921.7,Fiber optic,Yes,Yes,No,No,No,Yes,Female,0,Yes,No,Yes,0
4095,2017-05-01,,One year,Yes,Bank transfer (automatic),19.45,600.25,Fiber optic,No,No,No,No,No,No,Male,0,Yes,Yes,No,0
4096,2019-08-01,2019-10-01,Month-to-month,Yes,Electronic check,25.05,56.35,DSL,No,No,No,No,No,No,Male,0,No,No,No,1
4097,2014-04-01,,Two year,No,Mailed check,67.95,4664.15,DSL,Yes,Yes,No,Yes,No,Yes,Male,0,Yes,No,No,0
4098,2018-04-01,,One year,No,Bank transfer (automatic),65.25,1441.8,DSL,No,Yes,Yes,No,Yes,No,Female,0,No,No,No,0
4099,2015-03-01,,Month-to-month,Yes,Bank transfer (automatic),99.45,5623.7,Fiber optic,Yes,Yes,Yes,No,No,Yes,Female,0,No,No,Yes,0
4100,2017-02-01,,One year,Yes,Credit card (automatic),20.35,695.85,Fiber optic,No,No,No,No,No,No,Male,0,No,No,No,0
4101,2015-11-01,,Two year,No,Mailed check,19.95,1028.75,Fiber optic,No,No,No,No,No,No,Female,0,Yes,Yes,No,0
4102,2015-09-01,,One year,No,Bank transfer (automatic),77.4,4155.95,DSL,Yes,No,Yes,Yes,Yes,No,Male,0,Yes,No,Yes,0
4103,2018-06-01,,One year,No,Bank transfer (automatic),19.7,395.6,Fiber optic,No,No,No,No,No,No,Female,0,Yes,Yes,No,0
4104,2014-11-01,,Two year,No,Credit card (automatic),99.7,6330.4,Fiber optic,Yes,No,Yes,No,Yes,Yes,Male,0,Yes,No,No,0
4105,2016-10-01,,Month-to-month,No,Credit card (automatic),74.8,2971.7,Fiber optic,No,Yes,No,No,No,No,Female,0,No,No,No,0
4106,2017-03-01,,One year,Yes,Mailed check,19.15,638.0,Fiber optic,No,No,No,No,No,No,Male,0,No,No,No,0
4107,2017-12-01,,One year,No,Bank transfer (automatic),78.95,2034.25,Fiber optic,No,No,No,No,No,Yes,Male,0,Yes,Yes,No,0
4108,2017-09-01,2019-12-01,Month-to-month,Yes,Electronic check,95.55,2510.2,Fiber optic,No,Yes,Yes,No,No,Yes,Male,1,Yes,No,Yes,1
4109,2015-09-01,,One year,No,Credit card (automatic),62.85,3419.5,DSL,Yes,Yes,No,Yes,No,No,Male,0,No,Yes,No,0
4110,2017-04-01,,Month-to-month,No,Credit card (automatic),71.55,2427.35,Fiber optic,No,No,No,No,No,No,Male,1,Yes,No,No,0
4111,2018-07-01,,Month-to-month,Yes,Electronic check,94.95,1760.25,Fiber optic,No,No,No,No,Yes,Yes,Female,1,Yes,No,Yes,0
4112,2016-07-01,,Month-to-month,Yes,Credit card (automatic),86.1,3551.65,Fiber optic,Yes,Yes,Yes,No,No,No,Male,0,Yes,No,No,0
4113,2019-08-01,,Month-to-month,No,Mailed check,19.55,122.9,Fiber optic,No,No,No,No,No,No,Male,0,Yes,Yes,No,0
4114,2015-06-01,,Two year,Yes,Mailed check,24.8,1424.2,Fiber optic,No,No,No,No,No,No,Male,0,No,Yes,Yes,0
4115,2015-01-01,2019-10-01,Month-to-month,Yes,Electronic check,39.3,2111.45,DSL,No,Yes,No,No,Yes,No,Male,0,No,No,No,1
4116,2017-04-01,,Month-to-month,Yes,Mailed check,84.05,2909.95,Fiber optic,No,No,Yes,No,Yes,No,Male,0,Yes,Yes,No,0
4117,2019-04-01,,Month-to-month,No,Electronic check,36.25,374.0,DSL,No,Yes,No,Yes,No,No,Female,0,No,No,No,0
4118,2019-12-01,2020-01-01,Month-to-month,Yes,Mailed check,20.25,20.25,Fiber optic,No,No,No,No,No,No,Female,0,No,No,No,1
4119,2018-11-01,2019-12-01,Month-to-month,Yes,Electronic check,23.9,300.8,DSL,No,No,No,No,No,No,Female,0,No,No,No,1
4120,2015-06-01,,Month-to-month,No,Electronic check,98.6,5581.05,Fiber optic,No,Yes,No,No,Yes,Yes,Male,0,No,No,Yes,0
4121,2015-07-01,,Month-to-month,Yes,Credit card (automatic),103.65,5676.65,Fiber optic,No,Yes,Yes,No,Yes,Yes,Female,0,Yes,No,Yes,0
4122,2017-02-01,,Two year,Yes,Credit card (automatic),92.9,3379.25,DSL,Yes,Yes,Yes,Yes,Yes,Yes,Female,0,Yes,Yes,Yes,0
4123,2016-03-01,,One year,No,Bank transfer (automatic),19.9,942.95,Fiber optic,No,No,No,No,No,No,Male,0,Yes,No,No,0
4124,2019-02-01,,Month-to-month,Yes,Credit card (automatic),20.1,232.4,Fiber optic,No,No,No,No,No,No,Female,0,Yes,Yes,No,0
4125,2019-10-01,2019-11-01,Month-to-month,Yes,Electronic check,85.45,85.45,Fiber optic,No,No,Yes,No,Yes,No,Female,0,No,No,No,1
4126,2018-02-01,,Month-to-month,Yes,Electronic check,80.5,2088.45,Fiber optic,No,Yes,No,No,No,No,Male,1,No,No,Yes,0
4127,2014-10-01,2020-01-01,One year,No,Bank transfer (automatic),99.9,6137.0,Fiber optic,No,Yes,No,No,Yes,Yes,Female,0,No,No,Yes,1
4128,2017-03-01,,Month-to-month,Yes,Electronic check,39.85,1434.6,DSL,No,No,Yes,No,Yes,No,Female,1,No,No,No,0
4129,2014-07-01,,One year,No,Credit card (automatic),60.5,3870.0,DSL,Yes,Yes,No,Yes,No,No,Female,0,No,No,No,0
4130,2017-09-01,2019-10-01,Month-to-month,Yes,Electronic check,84.8,2043.45,Fiber optic,No,No,No,No,No,Yes,Male,0,No,No,Yes,1
4131,2018-05-01,,Month-to-month,No,Mailed check,103.85,2215.0,Fiber optic,Yes,No,Yes,No,Yes,Yes,Male,0,No,No,Yes,0
4132,2019-01-01,,Month-to-month,No,Bank transfer (automatic),67.8,842.25,DSL,Yes,Yes,No,Yes,No,Yes,Female,0,No,No,No,0
4133,2017-02-01,2020-01-01,Month-to-month,Yes,Electronic check,75.2,2576.2,Fiber optic,No,No,No,No,No,No,Male,0,Yes,No,Yes,1
4134,2014-03-01,,Two year,No,Bank transfer (automatic),24.85,1901.0,Fiber optic,No,No,No,No,No,No,Male,1,Yes,No,Yes,0
4135,2017-09-01,,Month-to-month,No,Credit card (automatic),19.35,601.6,Fiber optic,No,No,No,No,No,No,Female,0,No,No,No,0
4136,2014-02-01,2020-01-01,Two year,No,Electronic check,49.35,3515.25,DSL,No,Yes,No,No,Yes,Yes,Male,0,Yes,No,No,1
4137,2019-07-01,,Month-to-month,Yes,Electronic check,89.0,605.45,Fiber optic,No,No,No,No,Yes,Yes,Male,1,Yes,No,No,0
4138,2015-05-01,,Month-to-month,Yes,Electronic check,55.0,3094.05,DSL,No,Yes,Yes,No,Yes,Yes,Female,1,No,No,No,0
4139,2014-09-01,,Two year,No,Bank transfer (automatic),76.15,4929.55,DSL,Yes,No,Yes,Yes,No,Yes,Male,0,Yes,No,Yes,0
4140,2017-11-01,,One year,No,Mailed check,20.3,595.05,Fiber optic,No,No,No,No,No,No,Male,0,No,No,No,0
4141,2019-05-01,2019-11-01,Month-to-month,Yes,Electronic check,74.9,469.8,Fiber optic,No,No,No,No,No,No,Male,0,No,No,Yes,1
4142,2014-02-01,,Two year,Yes,Credit card (automatic),117.35,8436.25,Fiber optic,Yes,Yes,Yes,Yes,Yes,Yes,Female,1,No,No,Yes,0
4143,2020-01-01,,Month-to-month,Yes,Mailed check,19.75,19.75,Fiber optic,No,No,No,No,No,No,Male,0,No,No,No,0
4144,2019-03-01,,Month-to-month,No,Credit card (automatic),45.2,492.0,DSL,No,No,No,No,No,No,Male,0,No,No,No,0
4145,2016-11-01,,Two year,No,Mailed check,25.2,987.95,Fiber optic,No,No,No,No,No,No,Male,0,Yes,Yes,Yes,0
4146,2015-03-01,,Month-to-month,Yes,Electronic check,89.75,5496.9,Fiber optic,Yes,Yes,Yes,No,No,No,Female,1,No,No,Yes,0
4147,2017-12-01,,One year,No,Bank transfer (automatic),75.0,1908.35,DSL,Yes,No,No,Yes,Yes,Yes,Male,0,No,No,No,0
4148,2019-12-01,,Month-to-month,No,Mailed check,49.95,107.1,DSL,No,No,Yes,No,No,No,Male,1,No,No,No,0
4149,2014-02-01,,Two year,No,Bank transfer (automatic),65.7,4575.35,DSL,Yes,Yes,Yes,Yes,Yes,Yes,Female,0,Yes,Yes,No,0
4150,2014-09-01,,One year,No,Credit card (automatic),67.05,4309.55,DSL,Yes,Yes,Yes,No,No,No,Male,0,Yes,No,Yes,0
4151,2014-02-01,,Two year,No,Credit card (automatic),110.9,7922.75,Fiber optic,No,Yes,Yes,Yes,Yes,Yes,Male,0,Yes,Yes,Yes,0
4152,2019-08-01,,Month-to-month,Yes,Bank transfer (automatic),87.95,522.35,Fiber optic,No,No,No,Yes,No,Yes,Male,0,No,No,Yes,0
4153,2017-06-01,,One year,No,Credit card (automatic),19.8,587.7,Fiber optic,No,No,No,No,No,No,Male,1,No,No,No,0
4154,2015-12-01,,One year,No,Bank transfer (automatic),75.7,3876.2,DSL,No,No,Yes,No,Yes,Yes,Female,0,Yes,No,Yes,0
4155,2015-01-01,,Two year,Yes,Mailed check,62.15,3778.85,DSL,Yes,No,Yes,Yes,Yes,Yes,Male,0,Yes,No,No,0
4156,2018-10-01,2020-01-01,Month-to-month,Yes,Electronic check,101.25,1457.25,Fiber optic,No,Yes,Yes,No,Yes,Yes,Female,0,No,No,No,1
4157,2014-02-01,,Two year,No,Bank transfer (automatic),115.15,8349.45,Fiber optic,Yes,Yes,Yes,Yes,Yes,Yes,Male,0,Yes,No,Yes,0
4158,2019-01-01,2019-10-01,Month-to-month,Yes,Mailed check,18.95,185.6,Fiber optic,No,No,No,No,No,No,Male,0,No,No,No,1
4159,2020-01-01,,Month-to-month,No,Mailed check,19.5,19.5,Fiber optic,No,No,No,No,No,No,Female,0,No,No,No,0
4160,2019-02-01,,Month-to-month,Yes,Electronic check,86.55,1066.9,Fiber optic,No,No,No,No,No,Yes,Female,0,No,No,Yes,0
4161,2016-10-01,2019-11-01,Month-to-month,No,Credit card (automatic),28.6,973.55,DSL,No,No,No,Yes,No,No,Female,0,No,No,No,1
4162,2015-01-01,,One year,No,Mailed check,20.4,1226.45,Fiber optic,No,No,No,No,No,No,Male,0,Yes,Yes,No,0
4163,2018-08-01,,One year,No,Bank transfer (automatic),19.8,342.3,Fiber optic,No,No,No,No,No,No,Male,0,Yes,Yes,No,0
4164,2018-05-01,,Month-to-month,No,Mailed check,45.65,985.05,DSL,No,No,No,No,No,No,Male,0,No,Yes,No,0
4165,2014-06-01,,Two year,Yes,Mailed check,56.4,3948.45,DSL,Yes,Yes,Yes,Yes,No,Yes,Male,0,Yes,Yes,No,0
4166,2019-02-01,,Month-to-month,Yes,Credit card (automatic),73.3,828.05,Fiber optic,No,No,No,No,No,No,Male,1,No,No,Yes,0
4167,2019-11-01,2020-01-01,Month-to-month,No,Electronic check,24.35,41.85,DSL,No,No,No,No,No,No,Female,1,No,No,No,1
4168,2014-12-01,,Month-to-month,Yes,Electronic check,101.35,6164.7,Fiber optic,No,No,Yes,No,Yes,Yes,Female,0,Yes,No,Yes,0
4169,2017-08-01,2020-01-01,Month-to-month,No,Electronic check,98.65,2862.75,Fiber optic,No,No,No,Yes,Yes,Yes,Female,1,No,No,Yes,1
4170,2020-01-01,,Month-to-month,No,Mailed check,33.6,33.6,DSL,No,Yes,No,Yes,No,No,Male,0,No,Yes,No,0
4171,2019-05-01,2019-10-01,Month-to-month,Yes,Bank transfer (automatic),79.9,343.95,Fiber optic,No,No,Yes,No,No,No,Male,1,Yes,No,Yes,1
4172,2020-01-01,,Month-to-month,No,Electronic check,20.7,20.7,Fiber optic,No,No,No,No,No,No,Female,0,No,No,No,0
4173,2014-12-01,,Two year,Yes,Electronic check,104.05,6590.5,Fiber optic,No,No,Yes,Yes,Yes,Yes,Male,0,No,Yes,Yes,0
4174,2017-02-01,,Two year,No,Bank transfer (automatic),20.25,717.95,Fiber optic,No,No,No,No,No,No,Female,0,Yes,Yes,No,0
4175,2017-08-01,2019-12-01,Month-to-month,Yes,Electronic check,103.3,2890.65,Fiber optic,No,No,Yes,Yes,Yes,Yes,Female,1,No,No,Yes,1
4176,2014-05-01,,One year,No,Credit card (automatic),73.7,4885.85,DSL,Yes,Yes,No,Yes,Yes,No,Female,0,Yes,Yes,Yes,0
4177,2018-12-01,2019-11-01,Month-to-month,Yes,Credit card (automatic),96.2,1222.05,Fiber optic,Yes,No,No,Yes,Yes,No,Female,0,Yes,No,Yes,1
4178,2014-11-01,,Month-to-month,Yes,Electronic check,108.75,6871.7,Fiber optic,No,Yes,Yes,Yes,Yes,Yes,Female,0,Yes,No,Yes,0
4179,2018-03-01,,One year,No,Bank transfer (automatic),20.15,405.6,Fiber optic,No,No,No,No,No,No,Male,0,No,No,No,0
4180,2019-04-01,,Month-to-month,No,Credit card (automatic),19.75,208.25,Fiber optic,No,No,No,No,No,No,Male,0,No,No,No,0
4181,2014-03-01,,Two year,Yes,Credit card (automatic),25.95,1801.9,Fiber optic,No,No,No,No,No,No,Female,0,Yes,No,Yes,0
4182,2016-05-01,,Month-to-month,Yes,Electronic check,70.05,3062.45,DSL,Yes,No,No,Yes,No,Yes,Female,1,No,No,Yes,0
4183,2014-04-01,,Two year,No,Mailed check,24.05,1764.75,Fiber optic,No,No,No,No,No,No,Female,0,Yes,Yes,Yes,0
4184,2018-04-01,,Month-to-month,Yes,Electronic check,84.75,1816.75,Fiber optic,No,No,No,No,No,Yes,Female,0,No,Yes,Yes,0
4185,2015-10-01,,Two year,No,Mailed check,23.05,1255.1,Fiber optic,No,No,No,No,No,No,Female,0,Yes,Yes,Yes,0
4186,2015-04-01,2019-11-01,One year,Yes,Electronic check,104.15,5743.05,Fiber optic,No,No,Yes,Yes,Yes,Yes,Male,0,Yes,No,Yes,1
4187,2014-09-01,,Two year,No,Credit card (automatic),59.95,3921.1,DSL,Yes,No,Yes,Yes,Yes,Yes,Female,0,No,No,No,0
4188,2014-02-01,,Two year,No,Bank transfer (automatic),19.55,1463.45,Fiber optic,No,No,No,No,No,No,Female,0,Yes,Yes,No,0
4189,2019-04-01,,One year,No,Bank transfer (automatic),19.6,189.45,Fiber optic,No,No,No,No,No,No,Male,0,Yes,No,No,0
4190,2019-07-01,,One year,No,Mailed check,20.05,96.8,Fiber optic,No,No,No,No,No,No,Female,0,No,Yes,No,0
4191,2019-09-01,,Month-to-month,Yes,Electronic check,85.55,408.5,Fiber optic,No,Yes,No,No,No,Yes,Male,1,No,No,No,0
4192,2018-02-01,,Two year,No,Credit card (automatic),78.6,1846.65,DSL,Yes,No,Yes,No,Yes,Yes,Female,0,Yes,Yes,Yes,0
4193,2014-02-01,,Two year,Yes,Credit card (automatic),116.8,8456.75,Fiber optic,Yes,Yes,Yes,Yes,Yes,Yes,Female,0,Yes,Yes,Yes,0
4194,2018-05-01,,Month-to-month,Yes,Mailed check,43.55,1011.5,DSL,Yes,No,No,Yes,Yes,No,Male,0,No,No,No,0
4195,2014-05-01,,One year,Yes,Credit card (automatic),60.8,4263.4,DSL,No,Yes,Yes,Yes,Yes,Yes,Male,0,Yes,No,No,0
4196,2016-06-01,,Month-to-month,Yes,Bank transfer (automatic),54.9,2549.1,DSL,No,Yes,No,Yes,No,No,Male,0,Yes,Yes,No,0
4197,2015-01-01,,One year,Yes,Electronic check,65.2,3965.05,DSL,No,No,Yes,No,Yes,No,Female,1,Yes,Yes,Yes,0
4198,2017-11-01,2019-11-01,Month-to-month,Yes,Credit card (automatic),102.95,2496.7,Fiber optic,No,Yes,Yes,No,Yes,Yes,Male,1,No,No,Yes,1
4199,2019-12-01,2020-01-01,Month-to-month,No,Electronic check,90.6,90.6,Fiber optic,No,No,No,No,Yes,Yes,Female,0,No,No,No,1
4200,2019-06-01,2019-12-01,Month-to-month,Yes,Bank transfer (automatic),50.8,288.05,DSL,No,No,No,Yes,No,No,Female,0,No,No,No,1
4201,2019-07-01,2019-11-01,Month-to-month,Yes,Electronic check,90.05,368.1,Fiber optic,No,Yes,No,No,No,Yes,Male,0,No,No,Yes,1
4202,2014-02-01,,Two year,Yes,Electronic check,108.2,7840.6,Fiber optic,No,Yes,Yes,Yes,Yes,Yes,Male,0,Yes,No,Yes,0
4203,2014-02-01,,Two year,No,Bank transfer (automatic),92.0,6632.75,DSL,Yes,Yes,Yes,Yes,Yes,Yes,Male,0,No,No,Yes,0
4204,2018-12-01,,Month-to-month,Yes,Electronic check,75.1,1013.35,Fiber optic,No,No,No,No,No,No,Male,1,Yes,No,Yes,0
4205,2019-07-01,,Month-to-month,Yes,Bank transfer (automatic),25.05,152.95,Fiber optic,No,No,No,No,No,No,Male,0,No,No,Yes,0
4206,2016-02-01,,One year,No,Electronic check,75.15,3772.65,Fiber optic,No,Yes,No,No,No,No,Female,0,No,No,No,0
4207,2015-07-01,,One year,No,Mailed check,19.5,1026.35,Fiber optic,No,No,No,No,No,No,Male,0,Yes,Yes,No,0
4208,2020-01-01,,Month-to-month,No,Credit card (automatic),19.3,19.3,Fiber optic,No,No,No,No,No,No,Male,0,No,No,No,0
4209,2016-05-01,,One year,No,Credit card (automatic),112.2,5031.85,Fiber optic,Yes,Yes,Yes,Yes,Yes,Yes,Male,0,No,No,No,0
4210,2019-11-01,,Month-to-month,Yes,Mailed check,70.3,220.4,Fiber optic,No,No,No,No,No,No,Male,0,No,No,No,0
4211,2014-03-01,,Two year,No,Mailed check,19.6,1416.5,Fiber optic,No,No,No,No,No,No,Female,0,Yes,No,No,0
4212,2019-06-01,,Month-to-month,No,Mailed check,20.25,158.35,Fiber optic,No,No,No,No,No,No,Male,0,Yes,No,No,0
4213,2019-09-01,2019-12-01,Month-to-month,Yes,Electronic check,75.85,256.6,Fiber optic,No,No,No,No,No,No,Female,0,Yes,No,Yes,1
4214,2014-05-01,,Two year,No,Bank transfer (automatic),80.65,5542.55,DSL,Yes,Yes,No,Yes,Yes,Yes,Male,0,Yes,Yes,No,0
4215,2019-10-01,2019-11-01,Month-to-month,Yes,Electronic check,68.5,68.5,Fiber optic,No,No,No,No,No,No,Male,0,Yes,Yes,No,1
4216,2014-02-01,,Two year,Yes,Credit card (automatic),115.75,8443.7,Fiber optic,Yes,Yes,Yes,Yes,Yes,Yes,Female,1,Yes,No,Yes,0
4217,2019-02-01,2020-01-01,Month-to-month,Yes,Electronic check,73.5,791.75,Fiber optic,Yes,No,No,No,No,No,Male,0,No,No,No,1
4218,2014-03-01,,Two year,No,Bank transfer (automatic),80.6,5708.2,DSL,Yes,Yes,Yes,Yes,No,Yes,Male,0,No,No,Yes,0
4219,2019-10-01,2019-11-01,Month-to-month,Yes,Mailed check,69.95,69.95,Fiber optic,No,No,No,No,No,No,Female,0,No,No,No,1
4220,2017-05-01,,Two year,No,Bank transfer (automatic),59.55,2016.3,DSL,Yes,No,Yes,Yes,Yes,Yes,Female,0,Yes,No,No,0
4221,2018-10-01,,One year,No,Mailed check,19.05,326.65,Fiber optic,No,No,No,No,No,No,Female,0,No,No,No,0
4222,2015-06-01,,One year,No,Electronic check,95.65,5471.75,Fiber optic,Yes,Yes,Yes,Yes,No,No,Female,1,Yes,No,Yes,0
4223,2020-01-01,,Month-to-month,No,Credit card (automatic),19.95,19.95,Fiber optic,No,No,No,No,No,No,Female,0,No,No,No,0
4224,2019-05-01,2019-10-01,Month-to-month,Yes,Electronic check,70.05,346.4,DSL,No,No,Yes,No,Yes,Yes,Male,0,No,No,No,1
4225,2015-05-01,,One year,No,Mailed check,19.4,1061.6,Fiber optic,No,No,No,No,No,No,Male,0,Yes,Yes,No,0
4226,2015-06-01,,One year,Yes,Credit card (automatic),36.1,1971.5,DSL,No,Yes,Yes,No,No,No,Male,0,Yes,Yes,No,0
4227,2019-05-01,2020-01-01,Month-to-month,Yes,Electronic check,94.0,773.65,Fiber optic,No,Yes,Yes,No,Yes,No,Male,0,No,No,Yes,1
4228,2017-12-01,2019-10-01,Month-to-month,No,Mailed check,61.15,1422.05,DSL,Yes,Yes,Yes,No,No,No,Female,0,Yes,Yes,No,1
4229,2020-01-01,,Month-to-month,No,Mailed check,19.75,19.75,Fiber optic,No,No,No,No,No,No,Female,0,No,No,No,0
4230,2016-10-01,,Month-to-month,Yes,Credit card (automatic),64.1,2460.35,DSL,Yes,No,No,Yes,Yes,No,Female,0,No,Yes,No,0
4231,2016-04-01,,Two year,No,Credit card (automatic),19.75,856.5,Fiber optic,No,No,No,No,No,No,Male,0,Yes,Yes,No,0
4232,2014-11-01,,Two year,No,Mailed check,19.7,1275.85,Fiber optic,No,No,No,No,No,No,Male,0,Yes,Yes,No,0
4233,2014-06-01,,Two year,Yes,Electronic check,110.2,7467.5,Fiber optic,Yes,Yes,Yes,No,Yes,Yes,Male,0,Yes,Yes,Yes,0
4234,2014-05-01,,Two year,Yes,Credit card (automatic),106.35,7261.75,Fiber optic,Yes,Yes,No,Yes,Yes,Yes,Male,0,Yes,Yes,No,0
4235,2015-06-01,,Month-to-month,No,Electronic check,90.55,5116.6,Fiber optic,No,Yes,Yes,Yes,No,No,Female,0,Yes,No,Yes,0
4236,2019-04-01,,One year,Yes,Mailed check,65.9,660.05,DSL,No,Yes,Yes,No,No,Yes,Female,0,Yes,Yes,No,0
4237,2014-11-01,,One year,No,Credit card (automatic),104.5,6590.8,Fiber optic,Yes,Yes,Yes,Yes,Yes,No,Male,0,No,No,Yes,0
4238,2018-02-01,,Two year,Yes,Mailed check,52.5,1208.15,DSL,Yes,Yes,Yes,Yes,No,Yes,Female,0,Yes,Yes,No,0
4239,2018-07-01,,Month-to-month,Yes,Mailed check,56.1,1033.9,DSL,No,No,Yes,No,No,No,Female,0,No,No,Yes,0
4240,2018-04-01,,Month-to-month,Yes,Electronic check,88.75,1885.15,Fiber optic,No,No,Yes,No,Yes,No,Male,0,Yes,Yes,Yes,0
4241,2017-08-01,2020-01-01,Month-to-month,Yes,Electronic check,84.45,2467.1,Fiber optic,Yes,Yes,No,No,No,No,Male,0,Yes,No,Yes,1
4242,2018-10-01,2019-11-01,One year,Yes,Mailed check,75.3,989.45,DSL,No,No,Yes,No,Yes,Yes,Male,0,Yes,No,Yes,1
4243,2014-04-01,,Two year,Yes,Bank transfer (automatic),26.0,2006.95,Fiber optic,No,No,No,No,No,No,Female,0,Yes,No,Yes,0
4244,2016-01-01,,Month-to-month,No,Electronic check,99.4,5025.0,Fiber optic,No,Yes,Yes,No,Yes,Yes,Female,0,Yes,No,No,0
4245,2016-04-01,2019-11-01,One year,Yes,Mailed check,109.55,4830.25,Fiber optic,Yes,No,Yes,Yes,Yes,Yes,Female,1,Yes,No,Yes,1
4246,2019-08-01,2019-11-01,Month-to-month,Yes,Mailed check,19.6,59.75,Fiber optic,No,No,No,No,No,No,Female,0,No,No,No,1
4247,2016-08-01,,One year,No,Electronic check,73.15,3088.25,DSL,No,No,Yes,Yes,Yes,Yes,Male,0,Yes,Yes,No,0
4248,2015-05-01,,One year,Yes,Mailed check,54.65,3134.7,DSL,No,Yes,No,Yes,No,No,Male,0,No,No,No,0
4249,2019-11-01,2020-01-01,Month-to-month,No,Bank transfer (automatic),66.4,94.55,DSL,Yes,No,Yes,No,Yes,No,Male,1,No,No,No,1
4250,2014-02-01,,Two year,Yes,Credit card (automatic),115.55,8312.4,Fiber optic,Yes,Yes,Yes,Yes,Yes,Yes,Female,0,Yes,No,Yes,0
4251,2016-04-01,,Month-to-month,Yes,Electronic check,104.45,4863.85,Fiber optic,No,Yes,Yes,No,Yes,Yes,Female,1,No,No,Yes,0
4252,2014-04-01,2019-10-01,Month-to-month,Yes,Credit card (automatic),100.05,6871.9,Fiber optic,No,No,No,Yes,Yes,Yes,Male,1,Yes,No,Yes,1
4253,2014-11-01,2020-01-01,One year,No,Electronic check,102.0,6529.25,Fiber optic,Yes,Yes,No,Yes,No,Yes,Male,0,No,No,Yes,1
4254,2014-02-01,,Two year,Yes,Bank transfer (automatic),91.15,6637.9,DSL,Yes,Yes,Yes,Yes,Yes,Yes,Female,0,Yes,No,Yes,0
4255,2017-03-01,,One year,Yes,Electronic check,89.7,3165.6,Fiber optic,No,Yes,No,Yes,Yes,No,Male,0,Yes,Yes,No,0
4256,2018-07-01,2019-12-01,Month-to-month,No,Credit card (automatic),90.2,1454.15,Fiber optic,Yes,Yes,Yes,No,No,No,Male,0,Yes,No,Yes,1
4257,2014-02-01,,Two year,Yes,Electronic check,92.4,6786.1,DSL,Yes,Yes,Yes,Yes,Yes,Yes,Female,0,Yes,No,Yes,0
4258,2017-10-01,,One year,No,Mailed check,19.9,543.0,Fiber optic,No,No,No,No,No,No,Female,0,Yes,Yes,No,0
4259,2015-04-01,2019-12-01,Two year,Yes,Credit card (automatic),25.15,1327.15,Fiber optic,No,No,No,No,No,No,Male,0,Yes,No,Yes,1
4260,2017-05-01,2019-12-01,Month-to-month,Yes,Credit card (automatic),79.85,2404.15,Fiber optic,No,No,No,Yes,No,No,Female,0,No,No,Yes,1
4261,2016-05-01,,One year,No,Bank transfer (automatic),18.85,867.3,Fiber optic,No,No,No,No,No,No,Male,0,No,No,No,0
4262,2020-01-01,,Month-to-month,Yes,Mailed check,25.75,25.75,Fiber optic,No,No,No,No,No,No,Female,0,No,No,Yes,0
4263,2019-10-01,2019-12-01,Month-to-month,Yes,Mailed check,49.6,114.7,DSL,No,Yes,No,No,No,No,Female,0,No,No,No,1
4264,2019-08-01,,Month-to-month,Yes,Mailed check,20.95,109.5,Fiber optic,No,No,No,No,No,No,Female,0,No,No,No,0
4265,2016-02-01,,One year,Yes,Electronic check,97.05,4692.95,Fiber optic,No,Yes,Yes,No,Yes,Yes,Female,0,Yes,No,No,0
4266,2018-01-01,,Month-to-month,Yes,Bank transfer (automatic),25.4,546.85,Fiber optic,No,No,No,No,No,No,Male,0,Yes,Yes,Yes,0
4267,2014-10-01,,Two year,Yes,Bank transfer (automatic),19.7,1274.05,Fiber optic,No,No,No,No,No,No,Male,0,Yes,Yes,No,0
4268,2015-12-01,,Month-to-month,Yes,Mailed check,35.0,1782.4,DSL,Yes,Yes,No,No,No,No,Male,0,No,No,No,0
4269,2015-10-01,,One year,No,Bank transfer (automatic),101.25,5301.1,Fiber optic,No,No,Yes,No,Yes,Yes,Female,0,Yes,Yes,Yes,0
4270,2019-10-01,,Month-to-month,Yes,Electronic check,70.2,280.35,Fiber optic,No,No,No,No,No,No,Male,1,Yes,No,No,0
4271,2017-06-01,,Month-to-month,No,Electronic check,90.95,2897.95,Fiber optic,No,No,No,No,Yes,Yes,Female,1,No,No,No,0
4272,2016-05-01,,Two year,No,Credit card (automatic),73.85,3371.0,DSL,Yes,Yes,No,Yes,Yes,No,Male,0,Yes,Yes,Yes,0
4273,2019-05-01,,Month-to-month,Yes,Electronic check,88.05,801.3,Fiber optic,Yes,No,No,No,No,Yes,Male,0,Yes,No,Yes,0
4274,2014-07-01,2020-01-01,One year,Yes,Credit card (automatic),105.95,6975.25,Fiber optic,No,No,Yes,Yes,Yes,Yes,Female,1,Yes,No,Yes,1
4275,2019-07-01,2019-10-01,Month-to-month,No,Electronic check,91.85,257.05,Fiber optic,No,No,Yes,No,No,Yes,Male,0,No,Yes,Yes,1
4276,2015-08-01,,Two year,No,Mailed check,20.1,1079.45,Fiber optic,No,No,No,No,No,No,Female,0,No,No,No,0
4277,2019-10-01,2019-11-01,Month-to-month,No,Electronic check,40.1,40.1,DSL,No,No,No,Yes,Yes,No,Female,0,Yes,Yes,No,1
4278,2014-10-01,,Two year,No,Bank transfer (automatic),110.3,6997.3,Fiber optic,Yes,Yes,No,Yes,Yes,Yes,Female,0,Yes,Yes,Yes,0
4279,2017-06-01,2020-01-01,Month-to-month,Yes,Electronic check,73.9,2217.15,Fiber optic,No,No,No,No,No,No,Female,1,No,No,Yes,1
4280,2018-09-01,2019-11-01,Month-to-month,Yes,Mailed check,89.8,1129.1,Fiber optic,No,No,No,No,Yes,Yes,Female,0,No,No,No,1
4281,2019-02-01,,One year,Yes,Credit card (automatic),85.15,979.05,Fiber optic,Yes,No,No,No,Yes,No,Female,0,No,No,No,0
4282,2014-07-01,,One year,Yes,Bank transfer (automatic),60.95,4119.4,DSL,Yes,Yes,No,Yes,No,No,Male,1,Yes,No,No,0
4283,2017-01-01,2019-12-01,Month-to-month,No,Electronic check,72.25,2568.55,DSL,Yes,No,Yes,Yes,Yes,No,Female,0,Yes,Yes,Yes,1
4284,2016-05-01,,Two year,No,Mailed check,73.55,3349.1,DSL,Yes,No,No,Yes,No,Yes,Female,0,No,No,Yes,0
4285,2019-04-01,,Month-to-month,No,Mailed check,46.0,492.1,DSL,No,No,No,No,No,No,Male,0,No,No,No,0
4286,2017-09-01,,Month-to-month,Yes,Bank transfer (automatic),58.55,1718.95,DSL,Yes,Yes,No,No,No,No,Female,1,No,No,Yes,0
4287,2018-02-01,,One year,No,Bank transfer (automatic),24.6,605.25,Fiber optic,No,No,No,No,No,No,Female,0,No,No,Yes,0
4288,2014-08-01,,Two year,Yes,Mailed check,19.75,1344.5,Fiber optic,No,No,No,No,No,No,Male,0,Yes,Yes,No,0
4289,2015-11-01,,One year,No,Mailed check,86.35,4267.15,Fiber optic,Yes,No,No,No,Yes,No,Male,0,No,No,No,0
4290,2016-05-01,,Two year,No,Mailed check,25.5,1121.05,Fiber optic,No,No,No,No,No,No,Female,0,Yes,No,Yes,0
4291,2016-01-01,,One year,No,Credit card (automatic),19.0,918.7,Fiber optic,No,No,No,No,No,No,Female,0,Yes,No,No,0
4292,2017-09-01,,Two year,Yes,Mailed check,19.55,521.8,Fiber optic,No,No,No,No,No,No,Female,0,Yes,No,No,0
4293,2016-10-01,,Month-to-month,Yes,Credit card (automatic),110.1,4469.1,Fiber optic,Yes,Yes,No,Yes,Yes,Yes,Male,0,Yes,Yes,Yes,0
4294,2016-09-01,2019-10-01,Month-to-month,Yes,Electronic check,96.55,3580.3,Fiber optic,No,No,No,No,Yes,Yes,Female,1,No,No,Yes,1
4295,2018-01-01,,Month-to-month,No,Electronic check,69.75,1729.35,Fiber optic,No,No,No,No,No,No,Male,0,No,No,No,0
4296,2018-04-01,,Month-to-month,Yes,Electronic check,50.6,1073.3,DSL,No,No,Yes,No,Yes,Yes,Female,0,No,No,No,0
4297,2014-02-01,,Two year,Yes,Bank transfer (automatic),65.6,4566.5,DSL,Yes,Yes,Yes,Yes,Yes,Yes,Male,0,No,No,No,0
4298,2019-06-01,2020-01-01,Month-to-month,Yes,Credit card (automatic),40.1,293.3,DSL,No,Yes,No,No,No,Yes,Female,0,No,No,No,1
4299,2017-05-01,,Two year,No,Credit card (automatic),82.1,2603.1,DSL,No,Yes,Yes,Yes,Yes,Yes,Male,0,Yes,Yes,No,0
4300,2018-03-01,,Month-to-month,Yes,Mailed check,79.1,1783.75,Fiber optic,No,Yes,No,Yes,No,No,Female,0,No,No,No,0
4301,2017-12-01,2019-12-01,Month-to-month,Yes,Electronic check,101.25,2440.15,Fiber optic,No,Yes,No,No,Yes,Yes,Male,1,No,No,Yes,1
4302,2019-11-01,2019-12-01,Month-to-month,No,Electronic check,79.55,79.55,Fiber optic,No,No,No,No,Yes,No,Female,0,No,No,No,1
4303,2014-05-01,,Two year,No,Mailed check,90.65,6322.1,DSL,Yes,Yes,Yes,Yes,Yes,Yes,Male,0,No,No,Yes,0
4304,2019-11-01,,One year,Yes,Credit card (automatic),20.55,57.4,Fiber optic,No,No,No,No,No,No,Female,0,No,Yes,No,0
4305,2015-06-01,,One year,Yes,Bank transfer (automatic),75.75,4284.65,DSL,No,Yes,No,Yes,Yes,Yes,Male,0,No,No,No,0
4306,2014-09-01,,One year,Yes,Credit card (automatic),110.0,7138.65,Fiber optic,Yes,No,Yes,Yes,Yes,Yes,Male,0,No,No,Yes,0
4307,2014-03-01,,One year,No,Electronic check,20.85,1539.75,Fiber optic,No,No,No,No,No,No,Male,0,Yes,No,No,0
4308,2018-12-01,,Month-to-month,Yes,Bank transfer (automatic),80.35,1058.1,Fiber optic,No,No,Yes,No,No,No,Female,1,No,No,Yes,0
4309,2019-12-01,,Month-to-month,Yes,Electronic check,70.15,123.8,Fiber optic,No,No,No,No,No,No,Female,0,No,No,No,0
4310,2017-02-01,2019-10-01,One year,No,Electronic check,84.05,2781.85,Fiber optic,No,No,No,No,Yes,No,Female,0,No,No,Yes,1
4311,2016-10-01,,Month-to-month,No,Electronic check,67.45,2731.0,DSL,Yes,No,Yes,No,No,Yes,Male,0,No,No,No,0
4312,2020-01-01,,Month-to-month,No,Credit card (automatic),20.75,20.75,Fiber optic,No,No,No,No,No,No,Male,0,No,No,No,0
4313,2019-12-01,2020-01-01,Month-to-month,Yes,Electronic check,89.1,89.1,Fiber optic,No,No,No,No,Yes,Yes,Male,0,No,No,No,1
4314,2019-07-01,,Month-to-month,Yes,Mailed check,69.9,497.3,Fiber optic,No,No,No,No,No,No,Female,0,No,No,No,0
4315,2018-11-01,,Month-to-month,Yes,Electronic check,51.1,711.15,DSL,No,No,No,No,No,No,Female,0,Yes,No,Yes,0
4316,2018-07-01,2019-12-01,Month-to-month,No,Electronic check,94.4,1607.2,Fiber optic,Yes,No,Yes,No,Yes,No,Female,0,Yes,Yes,Yes,1
4317,2018-05-01,2019-12-01,Month-to-month,Yes,Electronic check,78.25,1490.95,Fiber optic,No,Yes,Yes,No,No,No,Male,0,No,No,No,1
4318,2014-03-01,,Two year,No,Bank transfer (automatic),25.55,1898.1,Fiber optic,No,No,No,No,No,No,Male,0,No,No,Yes,0
4319,2015-08-01,,Two year,No,Bank transfer (automatic),60.0,3273.95,DSL,Yes,No,No,Yes,No,No,Female,0,Yes,Yes,Yes,0
4320,2017-07-01,,Month-to-month,Yes,Credit card (automatic),90.55,2929.75,Fiber optic,Yes,Yes,No,Yes,No,No,Male,0,Yes,No,Yes,0
4321,2019-03-01,,Month-to-month,No,Electronic check,76.4,838.7,Fiber optic,Yes,No,No,No,No,No,Female,0,No,No,No,0
4322,2018-08-01,,Month-to-month,Yes,Electronic check,84.95,1443.65,Fiber optic,No,No,Yes,No,No,Yes,Female,1,No,No,No,0
4323,2014-02-01,,Two year,Yes,Bank transfer (automatic),110.1,7746.7,Fiber optic,Yes,Yes,No,Yes,Yes,Yes,Female,1,No,No,Yes,0
4324,2014-03-01,,Month-to-month,Yes,Credit card (automatic),99.65,6951.15,Fiber optic,No,Yes,No,No,Yes,Yes,Female,1,No,No,Yes,0
4325,2019-09-01,,Month-to-month,No,Credit card (automatic),45.4,214.75,DSL,No,No,Yes,Yes,Yes,No,Male,1,No,No,No,0
4326,2016-12-01,,One year,No,Credit card (automatic),69.0,2669.45,DSL,No,No,Yes,Yes,No,Yes,Male,0,Yes,No,Yes,0
4327,2019-09-01,,Month-to-month,Yes,Bank transfer (automatic),48.65,235.2,DSL,No,No,No,Yes,No,No,Male,0,No,Yes,No,0
4328,2019-09-01,2019-11-01,Month-to-month,Yes,Electronic check,44.15,92.65,DSL,No,No,No,No,No,No,Male,1,No,No,No,1
4329,2015-10-01,,Two year,No,Bank transfer (automatic),59.85,3103.25,DSL,Yes,No,Yes,No,No,No,Female,1,No,No,Yes,0
4330,2019-02-01,2019-10-01,Month-to-month,Yes,Electronic check,75.75,606.25,Fiber optic,No,No,No,No,No,No,Female,1,No,No,Yes,1
4331,2014-06-01,,Two year,Yes,Electronic check,80.65,5330.2,DSL,No,Yes,Yes,No,Yes,Yes,Female,0,No,No,Yes,0
4332,2014-05-01,,One year,Yes,Credit card (automatic),20.55,1403.1,Fiber optic,No,No,No,No,No,No,Male,0,Yes,Yes,No,0
4333,2016-08-01,,Month-to-month,Yes,Credit card (automatic),66.4,2727.8,DSL,Yes,Yes,No,Yes,No,No,Female,0,Yes,No,Yes,0
4334,2015-12-01,,Two year,Yes,Mailed check,100.2,5038.45,Fiber optic,No,Yes,No,Yes,Yes,Yes,Female,0,No,No,No,0
4335,2019-12-01,2020-01-01,Month-to-month,Yes,Mailed check,19.1,19.1,Fiber optic,No,No,No,No,No,No,Female,0,No,No,No,1
4336,2019-10-01,2019-11-01,Month-to-month,Yes,Electronic check,80.3,80.3,Fiber optic,Yes,No,No,No,No,No,Male,1,Yes,No,Yes,1
4337,2017-05-01,,Month-to-month,Yes,Credit card (automatic),44.55,1462.6,DSL,No,No,No,No,No,No,Male,0,Yes,No,No,0
4338,2019-07-01,,Month-to-month,No,Mailed check,20.35,150.6,Fiber optic,No,No,No,No,No,No,Female,0,No,No,No,0
4339,2014-10-01,,Month-to-month,Yes,Electronic check,91.8,5960.5,Fiber optic,Yes,Yes,Yes,No,No,No,Male,0,Yes,Yes,Yes,0
4340,2019-12-01,2020-01-01,Month-to-month,Yes,Electronic check,74.9,74.9,Fiber optic,No,No,Yes,No,No,No,Female,0,No,No,No,1
4341,2015-03-01,,Two year,Yes,Bank transfer (automatic),20.2,1192.3,Fiber optic,No,No,No,No,No,No,Male,0,No,No,No,0
4342,2019-08-01,,Month-to-month,No,Electronic check,50.35,314.55,DSL,No,No,No,No,No,No,Female,0,Yes,No,Yes,0
4343,2019-11-01,,Month-to-month,No,Mailed check,18.8,56.0,Fiber optic,No,No,No,No,No,No,Female,0,No,No,No,0
4344,2018-11-01,,Month-to-month,No,Credit card (automatic),20.45,330.8,Fiber optic,No,No,No,No,No,No,Female,0,Yes,No,No,0
4345,2019-01-01,,One year,Yes,Electronic check,64.75,877.35,DSL,No,No,No,No,Yes,Yes,Male,0,Yes,Yes,No,0
4346,2018-03-01,,Month-to-month,Yes,Credit card (automatic),98.7,2249.1,Fiber optic,No,Yes,No,No,Yes,Yes,Female,0,No,No,Yes,0
4347,2017-07-01,,Month-to-month,No,Electronic check,89.45,2807.65,Fiber optic,Yes,No,No,No,Yes,No,Male,1,Yes,No,Yes,0
4348,2017-09-01,,One year,Yes,Electronic check,58.75,1696.2,DSL,Yes,Yes,No,Yes,No,No,Male,0,No,No,No,0
4349,2016-01-01,,One year,No,Credit card (automatic),20.7,1032.05,Fiber optic,No,No,No,No,No,No,Female,0,Yes,No,No,0
4350,2015-06-01,,Month-to-month,Yes,Bank transfer (automatic),85.6,4902.8,Fiber optic,No,No,No,No,Yes,No,Female,0,Yes,No,Yes,0
4351,2014-11-01,,Two year,Yes,Credit card (automatic),80.3,4995.35,DSL,Yes,Yes,Yes,Yes,No,Yes,Female,0,No,No,Yes,0
4352,2014-11-01,,Two year,No,Credit card (automatic),79.8,5034.05,DSL,No,No,Yes,Yes,Yes,Yes,Male,0,Yes,No,Yes,0
4353,2018-02-01,,Month-to-month,Yes,Electronic check,79.85,1857.75,Fiber optic,Yes,No,No,No,No,No,Male,1,Yes,Yes,Yes,0
4354,2017-02-01,,One year,No,Credit card (automatic),54.1,1992.85,DSL,No,No,Yes,Yes,No,No,Male,1,Yes,No,No,0
4355,2019-01-01,2019-10-01,Month-to-month,Yes,Electronic check,80.85,751.65,Fiber optic,No,No,No,No,Yes,No,Female,1,No,No,No,1
4356,2019-07-01,2019-10-01,Month-to-month,No,Electronic check,24.75,66.95,DSL,No,No,No,No,No,No,Male,0,No,No,No,1
4357,2018-05-01,,One year,No,Mailed check,80.9,1714.95,DSL,Yes,No,Yes,Yes,Yes,Yes,Female,0,Yes,No,No,0
4358,2019-01-01,,One year,No,Bank transfer (automatic),24.5,343.6,Fiber optic,No,No,No,No,No,No,Male,0,Yes,Yes,Yes,0
4359,2020-01-01,,Month-to-month,Yes,Bank transfer (automatic),20.15,20.15,Fiber optic,No,No,No,No,No,No,Male,0,Yes,Yes,No,0
4360,2018-01-01,,One year,No,Mailed check,20.05,520.1,Fiber optic,No,No,No,No,No,No,Female,0,Yes,Yes,No,0
4361,2014-03-01,,Two year,Yes,Bank transfer (automatic),19.6,1387.45,Fiber optic,No,No,No,No,No,No,Male,0,Yes,Yes,No,0
4362,2014-08-01,,One year,Yes,Bank transfer (automatic),114.3,7383.7,Fiber optic,Yes,Yes,Yes,Yes,Yes,Yes,Male,0,No,No,Yes,0
4363,2016-05-01,,One year,Yes,Electronic check,100.3,4483.95,Fiber optic,Yes,Yes,No,No,Yes,Yes,Female,0,No,No,No,0
4364,2018-04-01,,Month-to-month,Yes,Credit card (automatic),80.0,1706.45,Fiber optic,No,No,No,No,Yes,No,Female,0,Yes,No,No,0
4365,2014-07-01,,One year,Yes,Bank transfer (automatic),20.85,1327.4,Fiber optic,No,No,No,No,No,No,Female,0,Yes,No,No,0
4366,2014-06-01,,Two year,Yes,Bank transfer (automatic),89.95,5974.3,Fiber optic,No,No,Yes,No,Yes,No,Female,0,Yes,No,Yes,0
4367,2020-02-01,,Two year,No,Mailed check,20.0,2291.023009417808,Fiber optic,No,No,No,No,No,No,Female,0,Yes,Yes,No,0
4368,2015-11-01,2019-12-01,Month-to-month,Yes,Credit card (automatic),90.85,4515.85,Fiber optic,No,No,Yes,No,No,Yes,Female,1,No,No,Yes,1
4369,2019-10-01,,Month-to-month,No,Mailed check,48.75,179.85,DSL,No,No,No,No,No,No,Female,1,No,No,Yes,0
4370,2014-11-01,,One year,No,Credit card (automatic),80.0,5040.2,DSL,Yes,Yes,Yes,Yes,No,Yes,Male,0,Yes,No,Yes,0
4371,2019-09-01,2019-11-01,Month-to-month,No,Bank transfer (automatic),79.7,165.0,Fiber optic,No,Yes,Yes,No,No,No,Female,0,Yes,No,No,1
4372,2018-05-01,,One year,Yes,Mailed check,20.35,422.7,Fiber optic,No,No,No,No,No,No,Male,0,No,No,No,0
4373,2015-04-01,2019-11-01,Two year,No,Bank transfer (automatic),57.55,3046.4,DSL,Yes,Yes,No,Yes,No,No,Male,0,Yes,Yes,No,1
4374,2020-01-01,,Month-to-month,Yes,Mailed check,20.25,20.25,Fiber optic,No,No,No,No,No,No,Male,0,No,Yes,No,0
4375,2018-09-01,,Two year,No,Mailed check,19.4,358.05,Fiber optic,No,No,No,No,No,No,Female,0,No,No,No,0
4376,2017-08-01,,Month-to-month,Yes,Bank transfer (automatic),100.4,2936.25,Fiber optic,Yes,No,No,No,Yes,Yes,Male,0,No,No,Yes,0
4377,2018-04-01,,Month-to-month,Yes,Mailed check,57.95,1271.8,DSL,Yes,Yes,No,Yes,No,No,Male,0,Yes,Yes,No,0
4378,2019-05-01,,Month-to-month,Yes,Bank transfer (automatic),59.5,530.05,DSL,No,No,No,Yes,Yes,No,Female,0,No,No,No,0
4379,2020-01-01,,Month-to-month,No,Mailed check,19.2,19.2,Fiber optic,No,No,No,No,No,No,Male,0,Yes,Yes,No,0
4380,2018-02-01,2019-11-01,Month-to-month,Yes,Electronic check,86.5,1808.7,Fiber optic,No,No,No,No,No,Yes,Female,0,Yes,No,Yes,1
4381,2018-07-01,,Month-to-month,No,Electronic check,59.55,1144.6,DSL,No,No,Yes,Yes,No,No,Male,0,No,No,Yes,0
4382,2014-03-01,2019-12-01,Month-to-month,Yes,Electronic check,103.95,7446.9,Fiber optic,No,Yes,Yes,No,Yes,Yes,Female,0,Yes,Yes,Yes,1
4383,2019-10-01,2019-11-01,Month-to-month,Yes,Electronic check,25.1,25.1,DSL,No,No,No,No,No,No,Male,1,No,No,No,1
4384,2014-02-01,,Two year,Yes,Bank transfer (automatic),103.95,7556.9,Fiber optic,Yes,Yes,Yes,Yes,Yes,No,Female,0,Yes,No,Yes,0
4385,2014-04-01,,Two year,No,Credit card (automatic),68.95,4858.7,DSL,Yes,No,Yes,No,Yes,No,Male,0,Yes,Yes,Yes,0
4386,2014-08-01,,Month-to-month,Yes,Bank transfer (automatic),103.1,6595.0,Fiber optic,Yes,Yes,Yes,Yes,No,Yes,Female,0,No,No,Yes,0
4387,2019-07-01,,Month-to-month,Yes,Electronic check,24.7,149.05,DSL,No,No,No,No,No,No,Female,0,Yes,Yes,No,0
4388,2016-04-01,,Month-to-month,Yes,Electronic check,110.2,4972.1,Fiber optic,Yes,Yes,No,Yes,Yes,Yes,Female,1,Yes,Yes,Yes,0
4389,2016-08-01,2019-11-01,Month-to-month,Yes,Credit card (automatic),48.95,1880.85,DSL,Yes,Yes,No,Yes,Yes,No,Male,0,No,No,No,1
4390,2017-06-01,,Month-to-month,No,Bank transfer (automatic),62.45,2045.55,DSL,No,Yes,Yes,No,No,No,Female,0,Yes,Yes,Yes,0
4391,2018-02-01,,Month-to-month,Yes,Electronic check,89.55,2187.15,Fiber optic,No,Yes,Yes,No,No,Yes,Male,0,No,No,No,0
4392,2019-07-01,2020-01-01,Month-to-month,Yes,Credit card (automatic),83.55,477.55,Fiber optic,No,Yes,No,No,No,Yes,Male,0,Yes,Yes,No,1
4393,2017-01-01,,Month-to-month,Yes,Credit card (automatic),78.9,2976.95,DSL,Yes,Yes,Yes,Yes,Yes,No,Female,0,No,No,Yes,0
4394,2019-06-01,,Month-to-month,No,Mailed check,20.35,178.7,Fiber optic,No,No,No,No,No,No,Male,0,No,Yes,No,0
4395,2014-02-01,,Two year,Yes,Bank transfer (automatic),71.45,5025.85,DSL,Yes,No,Yes,No,Yes,No,Female,0,Yes,Yes,Yes,0
4396,2014-03-01,,Two year,No,Credit card (automatic),46.35,3353.4,DSL,Yes,Yes,Yes,Yes,No,No,Male,1,Yes,No,No,0
4397,2018-10-01,,Month-to-month,Yes,Bank transfer (automatic),94.65,1461.15,Fiber optic,No,Yes,No,No,Yes,Yes,Female,0,Yes,No,No,0
4398,2015-05-01,,Month-to-month,Yes,Bank transfer (automatic),49.9,2782.4,DSL,Yes,No,Yes,Yes,No,Yes,Female,0,Yes,No,No,0
4399,2014-08-01,,One year,No,Bank transfer (automatic),25.45,1699.15,Fiber optic,No,No,No,No,No,No,Male,0,No,No,Yes,0
4400,2018-08-01,2020-01-01,Month-to-month,Yes,Electronic check,89.15,1496.9,Fiber optic,No,Yes,Yes,No,Yes,No,Female,1,No,No,No,1
4401,2018-05-01,,Month-to-month,No,Mailed check,20.75,452.2,Fiber optic,No,No,No,No,No,No,Female,0,No,Yes,No,0
4402,2014-08-01,,Two year,Yes,Credit card (automatic),66.1,4428.45,DSL,Yes,Yes,Yes,No,No,No,Male,0,Yes,No,Yes,0
4403,2018-09-01,,Month-to-month,Yes,Bank transfer (automatic),75.4,1322.55,DSL,No,Yes,No,No,Yes,Yes,Female,0,Yes,No,Yes,0
4404,2019-11-01,2019-12-01,Month-to-month,Yes,Mailed check,70.45,70.45,Fiber optic,No,No,No,No,No,No,Male,0,No,Yes,No,1
4405,2015-03-01,2020-01-01,One year,No,Credit card (automatic),60.3,3563.8,DSL,Yes,Yes,Yes,No,No,No,Male,0,Yes,No,No,1
4406,2019-06-01,,Month-to-month,No,Credit card (automatic),21.05,139.75,Fiber optic,No,No,No,No,No,No,Female,0,Yes,Yes,No,0
4407,2017-11-01,,One year,No,Credit card (automatic),69.35,1927.3,DSL,Yes,No,Yes,Yes,Yes,No,Male,0,No,No,No,0
4408,2017-04-01,,Month-to-month,No,Mailed check,88.85,3000.25,Fiber optic,No,Yes,No,No,No,Yes,Male,0,Yes,No,Yes,0
4409,2017-08-01,,One year,Yes,Bank transfer (automatic),97.0,3021.3,Fiber optic,No,Yes,No,No,Yes,Yes,Male,0,No,No,No,0
4410,2017-05-01,,Month-to-month,Yes,Credit card (automatic),66.4,2245.4,DSL,No,Yes,Yes,No,Yes,No,Male,0,No,No,No,0
4411,2019-09-01,2019-10-01,Month-to-month,No,Electronic check,24.75,24.75,DSL,No,No,No,No,No,No,Male,0,No,Yes,No,1
4412,2018-12-01,,Month-to-month,No,Mailed check,69.2,944.65,DSL,Yes,Yes,No,No,No,Yes,Male,0,Yes,Yes,Yes,0
4413,2018-10-01,,One year,Yes,Credit card (automatic),79.5,1264.2,Fiber optic,No,No,No,Yes,No,No,Female,0,No,Yes,Yes,0
4414,2016-01-01,,Two year,No,Credit card (automatic),100.65,4917.75,Fiber optic,No,No,Yes,Yes,Yes,Yes,Female,0,No,No,No,0
4415,2018-05-01,2019-12-01,Month-to-month,No,Electronic check,103.3,2012.7,Fiber optic,No,No,Yes,Yes,Yes,Yes,Male,0,Yes,Yes,Yes,1
4416,2014-04-01,,Two year,No,Bank transfer (automatic),79.7,5743.3,DSL,Yes,Yes,Yes,Yes,Yes,No,Female,0,Yes,Yes,Yes,0
4417,2017-06-01,,Month-to-month,No,Bank transfer (automatic),61.4,1864.65,DSL,Yes,Yes,No,Yes,No,No,Female,0,Yes,Yes,No,0
4418,2018-08-01,,Month-to-month,Yes,Electronic check,69.8,1221.65,Fiber optic,No,No,No,No,No,No,Female,0,No,No,No,0
4419,2017-01-01,,Two year,Yes,Mailed check,40.55,1390.85,DSL,Yes,Yes,No,Yes,No,No,Male,0,No,No,No,0
4420,2019-10-01,,Month-to-month,Yes,Electronic check,75.65,302.35,Fiber optic,No,No,No,No,No,No,Female,0,No,No,Yes,0
4421,2018-10-01,,Month-to-month,No,Electronic check,90.7,1374.9,Fiber optic,Yes,Yes,Yes,No,No,No,Female,0,Yes,No,Yes,0
4422,2018-09-01,,Month-to-month,Yes,Bank transfer (automatic),80.5,1336.9,Fiber optic,No,Yes,No,No,No,No,Male,0,Yes,No,Yes,0
4423,2018-07-01,,Month-to-month,Yes,Electronic check,60.6,1297.8,DSL,Yes,Yes,Yes,No,No,No,Female,0,No,Yes,No,0
4424,2015-02-01,,Two year,No,Credit card (automatic),101.15,6067.4,Fiber optic,No,No,Yes,No,Yes,Yes,Male,0,Yes,No,Yes,0
4425,2015-11-01,,Two year,Yes,Mailed check,24.95,1222.25,Fiber optic,No,No,No,No,No,No,Male,0,Yes,Yes,Yes,0
4426,2017-10-01,,Two year,Yes,Credit card (automatic),20.3,487.95,Fiber optic,No,No,No,No,No,No,Male,0,Yes,Yes,No,0
4427,2016-07-01,,Two year,Yes,Electronic check,60.0,2548.55,DSL,No,Yes,No,No,No,Yes,Male,0,No,No,No,0
4428,2016-08-01,,Two year,No,Electronic check,20.25,835.5,Fiber optic,No,No,No,No,No,No,Male,0,Yes,No,No,0
4429,2019-10-01,2020-01-01,Month-to-month,Yes,Electronic check,78.5,242.05,Fiber optic,No,No,No,No,Yes,No,Male,0,No,No,No,1
4430,2020-01-01,,Month-to-month,No,Mailed check,44.75,44.75,DSL,No,No,No,No,No,No,Female,0,No,No,No,0
4431,2019-08-01,2019-11-01,Month-to-month,No,Mailed check,19.85,63.75,Fiber optic,No,No,No,No,No,No,Female,0,No,No,No,1
4432,2014-11-01,,Two year,No,Credit card (automatic),98.0,6218.45,Fiber optic,Yes,Yes,Yes,No,Yes,No,Female,0,No,No,Yes,0
4433,2019-08-01,2019-11-01,Month-to-month,Yes,Electronic check,79.9,260.9,Fiber optic,No,No,No,No,Yes,No,Male,1,No,No,No,1
4434,2014-06-01,,Month-to-month,Yes,Electronic check,107.7,7320.9,Fiber optic,Yes,Yes,No,Yes,Yes,Yes,Male,0,Yes,No,Yes,0
4435,2017-07-01,2020-01-01,Month-to-month,Yes,Electronic check,99.7,2967.35,Fiber optic,No,Yes,No,No,Yes,Yes,Female,1,No,No,Yes,1
4436,2015-02-01,,Two year,No,Electronic check,104.7,6333.8,Fiber optic,No,Yes,Yes,No,Yes,Yes,Female,0,No,No,Yes,0
4437,2018-08-01,2019-11-01,Month-to-month,Yes,Credit card (automatic),58.6,939.7,DSL,No,Yes,No,Yes,No,No,Male,0,No,No,Yes,1
4438,2016-05-01,,Month-to-month,Yes,Bank transfer (automatic),93.9,4200.25,Fiber optic,No,No,No,No,Yes,Yes,Male,1,No,No,Yes,0
4439,2014-04-01,,Two year,No,Credit card (automatic),86.45,5950.2,DSL,Yes,Yes,Yes,Yes,Yes,Yes,Female,0,Yes,No,No,0
4440,2019-01-01,2019-11-01,Month-to-month,Yes,Electronic check,98.5,1037.75,Fiber optic,No,No,Yes,No,Yes,Yes,Male,0,Yes,No,Yes,1
4441,2019-10-01,,Month-to-month,No,Mailed check,19.4,93.4,Fiber optic,No,No,No,No,No,No,Male,0,No,No,No,0
4442,2019-12-01,2020-01-01,Month-to-month,Yes,Mailed check,50.45,50.45,DSL,No,No,Yes,No,No,No,Female,0,No,No,No,1
4443,2014-06-01,,Two year,Yes,Credit card (automatic),24.95,1614.9,Fiber optic,No,No,No,No,No,No,Female,0,Yes,No,Yes,0
4444,2018-04-01,,Month-to-month,No,Bank transfer (automatic),75.0,1573.95,Fiber optic,Yes,No,No,No,No,No,Male,0,Yes,Yes,No,0
4445,2016-11-01,2020-01-01,Month-to-month,Yes,Electronic check,94.65,3624.3,Fiber optic,No,Yes,Yes,No,Yes,No,Male,0,Yes,Yes,Yes,1
4446,2019-11-01,2019-12-01,Month-to-month,Yes,Credit card (automatic),100.25,100.25,Fiber optic,No,Yes,No,No,Yes,Yes,Female,0,No,No,Yes,1
4447,2018-08-01,,Month-to-month,No,Electronic check,78.2,1468.75,Fiber optic,No,No,Yes,Yes,No,No,Male,0,Yes,No,No,0
4448,2017-09-01,,Month-to-month,Yes,Electronic check,94.2,2607.6,Fiber optic,No,No,No,Yes,Yes,Yes,Male,0,No,No,No,0
4449,2018-07-01,2019-11-01,Month-to-month,Yes,Electronic check,88.45,1422.1,Fiber optic,No,No,Yes,No,No,Yes,Female,0,No,No,Yes,1
4450,2019-10-01,2019-11-01,Month-to-month,Yes,Electronic check,69.85,69.85,Fiber optic,No,No,No,No,No,No,Male,0,No,No,No,1
4451,2018-10-01,2019-10-01,Month-to-month,No,Bank transfer (automatic),81.7,858.6,Fiber optic,Yes,No,Yes,No,No,No,Male,0,No,No,No,1
4452,2017-07-01,,One year,Yes,Electronic check,50.05,1523.4,DSL,No,No,Yes,No,Yes,Yes,Male,0,No,No,No,0
4453,2019-06-01,2019-10-01,Month-to-month,Yes,Electronic check,79.9,324.3,Fiber optic,No,No,No,No,No,Yes,Male,0,No,No,No,1
4455,2018-07-01,2019-10-01,Month-to-month,Yes,Credit card (automatic),25.4,399.6,Fiber optic,No,No,No,No,No,No,Female,0,No,No,Yes,1
4456,2015-12-01,,One year,Yes,Credit card (automatic),90.1,4549.45,Fiber optic,Yes,Yes,Yes,Yes,No,No,Male,0,No,No,No,0
4457,2019-07-01,,Month-to-month,Yes,Bank transfer (automatic),44.65,322.5,DSL,No,No,No,No,No,No,Male,0,No,No,No,0
4458,2016-07-01,2019-12-01,Month-to-month,Yes,Bank transfer (automatic),83.75,3273.55,Fiber optic,Yes,No,Yes,No,No,No,Male,1,Yes,No,Yes,1
4459,2014-06-01,,Two year,No,Credit card (automatic),80.35,5375.15,Fiber optic,Yes,No,Yes,No,No,No,Male,0,Yes,Yes,No,0
4460,2017-12-01,,Month-to-month,Yes,Bank transfer (automatic),98.1,2510.7,Fiber optic,No,No,Yes,No,Yes,Yes,Female,1,Yes,No,Yes,0
4461,2015-05-01,,Two year,No,Credit card (automatic),53.35,3090.05,DSL,No,No,Yes,Yes,Yes,Yes,Male,0,No,No,No,0
4462,2019-11-01,,Month-to-month,No,Electronic check,19.55,61.05,Fiber optic,No,No,No,No,No,No,Female,0,No,No,No,0
4463,2019-09-01,2019-10-01,Month-to-month,No,Mailed check,20.9,20.9,Fiber optic,No,No,No,No,No,No,Female,0,No,No,No,1
4464,2018-07-01,,One year,Yes,Bank transfer (automatic),48.95,955.6,DSL,Yes,No,No,No,No,No,Male,0,Yes,Yes,No,0
4465,2019-11-01,,Month-to-month,Yes,Electronic check,54.2,140.4,DSL,No,No,No,No,Yes,No,Female,0,No,No,No,0
4466,2015-03-01,,Two year,No,Electronic check,24.45,1493.1,Fiber optic,No,No,No,No,No,No,Female,0,No,No,Yes,0
4467,2019-09-01,2019-10-01,Month-to-month,Yes,Mailed check,69.4,69.4,Fiber optic,No,No,No,No,No,No,Female,0,Yes,No,No,1
4468,2016-08-01,,Month-to-month,Yes,Bank transfer (automatic),40.15,1626.05,DSL,Yes,No,No,No,Yes,No,Male,0,Yes,No,No,0
4469,2019-04-01,2019-11-01,Month-to-month,Yes,Electronic check,74.9,541.15,Fiber optic,No,No,No,No,No,No,Female,0,No,No,Yes,1
4470,2014-07-01,,Two year,No,Credit card (automatic),25.6,1784.9,Fiber optic,No,No,No,No,No,No,Male,0,Yes,No,Yes,0
4471,2020-01-01,,Month-to-month,Yes,Electronic check,70.35,70.35,Fiber optic,No,No,No,No,No,No,Male,0,No,No,No,0
4472,2014-08-01,,Two year,No,Bank transfer (automatic),91.7,6075.9,DSL,Yes,Yes,Yes,Yes,Yes,Yes,Male,0,Yes,No,Yes,0
4473,2015-01-01,,Month-to-month,No,Mailed check,89.2,5500.6,Fiber optic,No,No,Yes,No,No,Yes,Female,0,No,No,Yes,0
4474,2019-10-01,,One year,No,Credit card (automatic),24.1,73.1,Fiber optic,No,No,No,No,No,No,Male,0,Yes,Yes,Yes,0
4475,2016-07-01,2020-01-01,Month-to-month,Yes,Credit card (automatic),74.15,3229.4,Fiber optic,Yes,No,No,No,No,No,Female,1,Yes,No,No,1
4476,2014-10-01,,One year,Yes,Bank transfer (automatic),53.85,3399.85,DSL,No,Yes,No,No,No,No,Female,0,Yes,Yes,Yes,0
4477,2015-08-01,,One year,Yes,Bank transfer (automatic),115.6,6431.05,Fiber optic,Yes,Yes,Yes,Yes,Yes,Yes,Female,1,Yes,No,Yes,0
4478,2020-01-01,,Month-to-month,Yes,Credit card (automatic),19.75,19.75,Fiber optic,No,No,No,No,No,No,Male,0,No,No,No,0
4479,2015-08-01,,Two year,Yes,Bank transfer (automatic),24.05,1230.9,Fiber optic,No,No,No,No,No,No,Male,0,Yes,Yes,Yes,0
4480,2018-08-01,,Two year,No,Credit card (automatic),25.3,454.65,Fiber optic,No,No,No,No,No,No,Female,0,No,Yes,Yes,0
4481,2019-11-01,,Month-to-month,No,Electronic check,84.3,235.05,Fiber optic,No,Yes,No,No,No,Yes,Male,0,No,No,No,0
4482,2019-10-01,2019-11-01,Month-to-month,Yes,Electronic check,70.1,70.1,Fiber optic,No,No,No,No,No,No,Female,0,No,No,No,1
4483,2014-02-01,,Two year,No,Credit card (automatic),89.75,6595.9,DSL,Yes,Yes,Yes,Yes,Yes,Yes,Female,0,Yes,Yes,Yes,0
4484,2015-02-01,,One year,Yes,Electronic check,97.95,5867.0,Fiber optic,No,Yes,Yes,No,Yes,Yes,Male,1,Yes,No,No,0
4485,2019-03-01,,One year,Yes,Mailed check,20.0,196.35,Fiber optic,No,No,No,No,No,No,Female,0,Yes,Yes,No,0
4486,2019-01-01,2020-01-01,Month-to-month,Yes,Electronic check,78.3,909.25,Fiber optic,Yes,No,No,No,No,No,Female,0,No,Yes,Yes,1
4487,2015-01-01,,One year,No,Credit card (automatic),103.9,6449.15,Fiber optic,No,Yes,Yes,Yes,Yes,Yes,Male,0,Yes,Yes,No,0
4488,2016-11-01,,Two year,No,Credit card (automatic),20.7,762.45,Fiber optic,No,No,No,No,No,No,Female,0,No,No,No,0
4489,2015-04-01,2019-11-01,Month-to-month,Yes,Electronic check,96.8,5283.95,Fiber optic,No,No,No,No,Yes,Yes,Male,0,No,No,Yes,1
4490,2018-07-01,2019-12-01,Month-to-month,Yes,Electronic check,94.4,1617.5,Fiber optic,Yes,Yes,No,No,Yes,No,Female,0,No,No,Yes,1
4491,2017-01-01,,One year,No,Credit card (automatic),20.15,785.75,Fiber optic,No,No,No,No,No,No,Male,0,No,No,No,0
4492,2014-02-01,,Two year,Yes,Mailed check,26.0,1776.0,Fiber optic,No,No,No,No,No,No,Female,0,Yes,No,Yes,0
4493,2014-02-01,,Two year,No,Credit card (automatic),77.35,5396.25,DSL,No,Yes,Yes,Yes,Yes,No,Male,1,Yes,No,Yes,0
4494,2019-06-01,,Month-to-month,No,Bank transfer (automatic),66.05,574.5,DSL,Yes,No,No,Yes,No,Yes,Female,0,No,No,No,0
4495,2018-04-01,,Month-to-month,No,Mailed check,19.9,400.3,Fiber optic,No,No,No,No,No,No,Female,0,Yes,Yes,No,0
4496,2019-12-01,2020-01-01,Month-to-month,No,Electronic check,84.3,84.3,Fiber optic,No,Yes,No,No,Yes,No,Female,0,No,No,No,1
4497,2016-12-01,,Month-to-month,No,Credit card (automatic),68.15,2656.3,DSL,No,Yes,No,Yes,No,Yes,Female,0,No,No,Yes,0
4498,2018-09-01,,One year,No,Electronic check,80.85,1445.95,DSL,No,Yes,Yes,Yes,Yes,Yes,Male,0,No,Yes,No,0
4499,2014-04-01,,Two year,Yes,Bank transfer (automatic),75.5,5212.65,DSL,No,Yes,Yes,Yes,Yes,No,Female,1,No,No,Yes,0
4500,2013-10-01,2019-10-01,Two year,No,Credit card (automatic),92.45,6440.25,DSL,Yes,Yes,Yes,Yes,Yes,Yes,Female,1,Yes,Yes,Yes,1
4501,2017-10-01,,Month-to-month,Yes,Electronic check,80.6,2244.95,Fiber optic,No,No,No,No,No,Yes,Female,0,No,No,No,0
4502,2018-11-01,,Month-to-month,Yes,Bank transfer (automatic),83.2,1130.0,Fiber optic,No,Yes,No,No,Yes,No,Female,0,No,No,No,0
4503,2014-02-01,,Two year,Yes,Bank transfer (automatic),87.55,6463.15,DSL,Yes,Yes,Yes,Yes,Yes,Yes,Male,0,Yes,Yes,Yes,0
4504,2018-12-01,2019-11-01,Month-to-month,Yes,Electronic check,99.55,1131.2,Fiber optic,No,No,Yes,No,Yes,Yes,Female,1,Yes,No,Yes,1
4505,2019-04-01,2019-12-01,Month-to-month,Yes,Electronic check,81.25,585.95,Fiber optic,No,No,Yes,No,No,No,Male,1,No,No,Yes,1
4506,2015-05-01,,One year,Yes,Bank transfer (automatic),109.4,6252.7,Fiber optic,No,Yes,Yes,Yes,Yes,Yes,Female,0,Yes,No,Yes,0
4507,2019-11-01,2019-12-01,Month-to-month,No,Bank transfer (automatic),19.95,19.95,Fiber optic,No,No,No,No,No,No,Male,0,Yes,Yes,No,1
4508,2016-04-01,,Month-to-month,No,Electronic check,45.55,2062.15,DSL,Yes,Yes,No,No,Yes,No,Female,0,Yes,No,No,0
4509,2017-08-01,,One year,No,Credit card (automatic),20.7,587.1,Fiber optic,No,No,No,No,No,No,Male,0,Yes,No,No,0
4510,2019-04-01,,Month-to-month,No,Electronic check,75.3,720.45,Fiber optic,Yes,No,No,No,No,No,Male,1,Yes,No,No,0
4511,2017-11-01,2019-10-01,Month-to-month,Yes,Electronic check,99.25,2186.4,Fiber optic,Yes,Yes,Yes,No,Yes,No,Male,0,Yes,No,Yes,1
4512,2017-06-01,,Month-to-month,Yes,Credit card (automatic),93.4,2979.3,Fiber optic,Yes,Yes,Yes,No,No,Yes,Male,0,No,No,No,0
4513,2019-01-01,,Month-to-month,Yes,Credit card (automatic),73.75,956.65,Fiber optic,Yes,No,No,No,No,No,Male,0,No,No,No,0
4514,2016-09-01,2019-12-01,Two year,Yes,Electronic check,80.45,3201.55,Fiber optic,No,No,Yes,Yes,No,No,Female,0,No,No,No,1
4515,2016-06-01,,Month-to-month,Yes,Credit card (automatic),88.15,3973.2,Fiber optic,No,Yes,Yes,No,Yes,No,Female,0,No,No,No,0
4516,2019-05-01,,Month-to-month,No,Mailed check,49.2,447.9,DSL,No,No,No,Yes,No,No,Male,1,No,No,No,0
4517,2014-07-01,,Two year,No,Mailed check,19.65,1335.2,Fiber optic,No,No,No,No,No,No,Female,0,Yes,No,No,0
4518,2019-02-01,2019-11-01,Month-to-month,Yes,Bank transfer (automatic),79.35,661.25,Fiber optic,No,No,Yes,No,No,No,Male,0,Yes,Yes,Yes,1
4519,2018-09-01,2019-12-01,Month-to-month,Yes,Electronic check,79.75,1111.85,Fiber optic,No,Yes,No,No,No,No,Female,0,No,No,Yes,1
4520,2014-03-01,,Two year,Yes,Bank transfer (automatic),105.15,7555.0,Fiber optic,No,Yes,Yes,No,Yes,Yes,Female,0,Yes,No,Yes,0
4521,2020-01-01,,Month-to-month,No,Credit card (automatic),49.0,49.0,DSL,No,No,No,Yes,No,No,Male,0,No,No,No,0
4522,2017-07-01,2020-01-01,Month-to-month,Yes,Electronic check,100.05,3046.15,Fiber optic,No,No,Yes,No,Yes,Yes,Female,0,Yes,Yes,Yes,1
4523,2018-09-01,,Month-to-month,Yes,Mailed check,49.8,836.35,DSL,No,Yes,No,No,Yes,Yes,Male,0,Yes,No,No,0
4524,2019-10-01,2020-01-01,Month-to-month,No,Electronic check,85.8,272.2,Fiber optic,No,No,No,Yes,No,Yes,Female,0,No,No,No,1
4525,2014-04-01,2019-11-01,Two year,Yes,Electronic check,79.7,5293.4,DSL,Yes,No,Yes,No,Yes,Yes,Male,0,Yes,Yes,Yes,1
4526,2020-01-01,,Month-to-month,No,Bank transfer (automatic),20.95,20.95,Fiber optic,No,No,No,No,No,No,Male,0,No,No,No,0
4527,2019-12-01,2020-01-01,Month-to-month,No,Mailed check,50.55,50.55,DSL,No,No,No,No,No,No,Female,1,No,No,Yes,1
4528,2017-06-01,,Month-to-month,No,Mailed check,79.3,2570.0,Fiber optic,No,No,Yes,No,No,No,Female,1,Yes,No,Yes,0
4529,2016-09-01,,One year,No,Bank transfer (automatic),19.5,798.2,Fiber optic,No,No,No,No,No,No,Male,0,Yes,Yes,No,0
4530,2019-09-01,2019-10-01,Month-to-month,Yes,Electronic check,80.55,80.55,Fiber optic,No,No,No,No,Yes,No,Male,0,Yes,No,No,1
4531,2020-01-01,,Month-to-month,No,Bank transfer (automatic),44.15,44.15,DSL,No,No,No,No,No,No,Female,0,No,No,No,0
4532,2018-10-01,2019-10-01,Month-to-month,Yes,Electronic check,84.5,916.9,Fiber optic,No,Yes,Yes,No,No,No,Female,0,Yes,Yes,Yes,1
4533,2014-12-01,,Month-to-month,Yes,Electronic check,105.5,6487.2,Fiber optic,Yes,Yes,No,No,Yes,Yes,Male,0,Yes,Yes,Yes,0
4534,2018-02-01,2019-12-01,Month-to-month,Yes,Mailed check,84.3,1855.65,Fiber optic,No,Yes,No,No,No,Yes,Female,0,No,No,No,1
4535,2018-09-01,,Month-to-month,Yes,Credit card (automatic),92.7,1556.85,Fiber optic,No,Yes,Yes,Yes,No,No,Female,0,No,Yes,Yes,0
4536,2014-02-01,,Two year,Yes,Bank transfer (automatic),26.25,1988.05,Fiber optic,No,No,No,No,No,No,Female,0,Yes,Yes,Yes,0
4537,2015-06-01,,Month-to-month,Yes,Credit card (automatic),96.95,5432.2,Fiber optic,No,Yes,No,Yes,Yes,No,Male,0,Yes,Yes,Yes,0
4538,2019-05-01,,Month-to-month,Yes,Credit card (automatic),20.45,147.55,Fiber optic,No,No,No,No,No,No,Female,0,No,No,No,0
4539,2014-02-01,,Two year,Yes,Bank transfer (automatic),115.8,8424.9,Fiber optic,Yes,Yes,Yes,Yes,Yes,Yes,Male,0,Yes,No,Yes,0
4540,2018-06-01,,Month-to-month,Yes,Bank transfer (automatic),108.2,2203.7,Fiber optic,Yes,Yes,Yes,Yes,Yes,Yes,Male,0,No,No,No,0
4541,2018-07-01,,Two year,No,Mailed check,20.2,387.4,Fiber optic,No,No,No,No,No,No,Male,0,Yes,Yes,No,0
4542,2019-09-01,2019-11-01,Month-to-month,Yes,Electronic check,67.75,116.65,Fiber optic,No,No,No,No,No,No,Male,0,No,No,No,1
4543,2015-09-01,,One year,No,Credit card (automatic),54.9,3045.75,DSL,No,No,Yes,Yes,Yes,Yes,Male,0,No,No,No,0
4544,2017-08-01,2019-11-01,Month-to-month,Yes,Electronic check,85.25,2287.25,Fiber optic,No,No,No,No,No,Yes,Female,1,No,No,Yes,1
4545,2019-08-01,,Month-to-month,No,Bank transfer (automatic),20.15,130.5,Fiber optic,No,No,No,No,No,No,Male,0,No,No,No,0
4546,2019-05-01,,One year,Yes,Electronic check,90.35,767.9,Fiber optic,No,No,Yes,No,Yes,No,Male,0,Yes,Yes,Yes,0
4547,2019-06-01,,Month-to-month,No,Electronic check,55.75,446.8,DSL,No,Yes,No,No,No,No,Female,0,Yes,Yes,Yes,0
4548,2014-03-01,,Two year,No,Bank transfer (automatic),114.6,8100.25,Fiber optic,Yes,Yes,Yes,Yes,Yes,Yes,Female,0,Yes,Yes,Yes,0
4549,2019-03-01,2020-01-01,Month-to-month,Yes,Bank transfer (automatic),80.05,830.7,Fiber optic,No,Yes,No,No,No,No,Female,0,No,No,Yes,1
4550,2019-10-01,2019-11-01,Month-to-month,No,Mailed check,20.0,20.0,Fiber optic,No,No,No,No,No,No,Male,0,No,No,No,1
4551,2014-03-01,,One year,No,Bank transfer (automatic),66.8,4689.15,DSL,Yes,Yes,Yes,Yes,Yes,Yes,Female,0,Yes,No,No,0
4552,2014-06-01,,One year,Yes,Electronic check,100.3,6754.35,Fiber optic,No,Yes,No,Yes,Yes,Yes,Male,0,Yes,No,No,0
4553,2017-04-01,,Month-to-month,Yes,Electronic check,105.35,3540.65,Fiber optic,No,Yes,No,Yes,Yes,Yes,Male,0,No,No,Yes,0
4554,2017-12-01,,One year,Yes,Electronic check,85.2,2184.6,Fiber optic,No,Yes,Yes,Yes,No,No,Male,0,No,No,No,0
4555,2018-01-01,2019-11-01,Month-to-month,Yes,Credit card (automatic),48.8,1054.6,DSL,Yes,No,No,No,No,No,Female,0,No,No,No,1
4556,2019-07-01,,Month-to-month,Yes,Mailed check,18.95,130.55,Fiber optic,No,No,No,No,No,No,Male,0,No,No,No,0
4557,2018-06-01,,Month-to-month,Yes,Bank transfer (automatic),69.8,1540.35,Fiber optic,No,No,No,No,No,No,Female,0,Yes,No,No,0
4558,2015-02-01,,Month-to-month,Yes,Electronic check,106.15,6411.25,Fiber optic,No,Yes,Yes,No,Yes,Yes,Female,0,Yes,No,Yes,0
4559,2014-02-01,,Two year,No,Electronic check,20.55,1432.55,Fiber optic,No,No,No,No,No,No,Male,0,Yes,Yes,No,0
4560,2014-02-01,,One year,Yes,Credit card (automatic),105.75,7629.85,Fiber optic,No,Yes,Yes,No,Yes,Yes,Female,1,Yes,No,Yes,0
4561,2019-10-01,,Month-to-month,No,Mailed check,25.25,101.9,Fiber optic,No,No,No,No,No,No,Male,0,No,No,Yes,0
4562,2018-10-01,,Month-to-month,No,Electronic check,19.75,313.4,Fiber optic,No,No,No,No,No,No,Male,0,Yes,Yes,No,0
4563,2014-12-01,,One year,Yes,Electronic check,104.85,6312.9,Fiber optic,Yes,No,Yes,No,Yes,Yes,Female,1,Yes,No,Yes,0
4564,2019-04-01,,Month-to-month,Yes,Mailed check,60.95,629.55,DSL,No,No,No,Yes,No,Yes,Female,0,No,No,No,0
4565,2017-07-01,,Month-to-month,Yes,Electronic check,81.15,2640.55,Fiber optic,No,Yes,No,No,No,No,Male,0,No,No,Yes,0
4566,2014-03-01,,Two year,No,Credit card (automatic),19.1,1372.45,Fiber optic,No,No,No,No,No,No,Female,0,Yes,No,No,0
4567,2015-04-01,,Two year,No,Mailed check,20.8,1212.25,Fiber optic,No,No,No,No,No,No,Male,0,No,No,No,0
4568,2014-04-01,,Two year,Yes,Credit card (automatic),90.15,6237.05,DSL,Yes,Yes,Yes,Yes,Yes,Yes,Male,0,Yes,Yes,Yes,0
4569,2014-03-01,,Two year,No,Electronic check,90.1,6310.9,DSL,Yes,Yes,Yes,Yes,Yes,Yes,Female,0,Yes,No,Yes,0
4570,2014-05-01,,Two year,No,Credit card (automatic),74.1,5031.0,DSL,Yes,No,Yes,Yes,No,Yes,Male,1,No,No,Yes,0
4571,2019-11-01,2019-12-01,Month-to-month,Yes,Electronic check,85.05,85.05,Fiber optic,No,No,No,No,No,Yes,Female,1,No,No,Yes,1
4572,2014-02-01,,Two year,Yes,Bank transfer (automatic),118.75,8672.45,Fiber optic,Yes,Yes,Yes,Yes,Yes,Yes,Female,0,Yes,Yes,Yes,0
4573,2017-12-01,,Month-to-month,No,Credit card (automatic),85.9,2196.45,Fiber optic,No,No,No,Yes,No,Yes,Female,0,Yes,No,No,0
4574,2017-05-01,,Month-to-month,Yes,Credit card (automatic),95.0,3008.15,Fiber optic,No,No,Yes,Yes,No,Yes,Female,0,Yes,No,Yes,0
4575,2019-04-01,,Two year,No,Mailed check,20.15,220.8,Fiber optic,No,No,No,No,No,No,Female,0,Yes,Yes,No,0
4576,2015-05-01,,Two year,No,Credit card (automatic),101.3,5779.6,Fiber optic,Yes,No,Yes,Yes,No,Yes,Female,1,No,No,Yes,0
4577,2019-04-01,,Month-to-month,Yes,Electronic check,21.2,222.65,Fiber optic,No,No,No,No,No,No,Female,0,No,No,No,0
4578,2016-11-01,,One year,Yes,Mailed check,24.2,914.6,Fiber optic,No,No,No,No,No,No,Female,0,Yes,Yes,Yes,0
4579,2019-03-01,,Month-to-month,No,Bank transfer (automatic),20.3,246.3,Fiber optic,No,No,No,No,No,No,Female,0,No,No,No,0
4580,2018-03-01,2019-12-01,Month-to-month,Yes,Electronic check,102.8,2110.15,Fiber optic,No,Yes,Yes,Yes,Yes,Yes,Female,0,Yes,Yes,No,1
4581,2014-06-01,,Two year,No,Bank transfer (automatic),85.3,5560.0,DSL,No,Yes,Yes,Yes,Yes,Yes,Female,0,Yes,Yes,Yes,0
4582,2018-08-01,,One year,Yes,Credit card (automatic),89.6,1633.0,Fiber optic,No,No,Yes,No,Yes,No,Male,0,No,No,Yes,0
4583,2019-05-01,2019-11-01,Month-to-month,Yes,Mailed check,99.95,547.65,Fiber optic,No,No,Yes,Yes,Yes,Yes,Female,0,No,No,No,1
4584,2018-08-01,,Month-to-month,No,Mailed check,56.25,969.85,DSL,Yes,No,No,No,No,No,Male,0,No,No,Yes,0
4585,2015-10-01,,One year,Yes,Bank transfer (automatic),50.95,2610.65,DSL,No,No,Yes,No,No,No,Female,0,Yes,Yes,No,0
4586,2015-06-01,,Two year,No,Mailed check,115.85,6567.9,Fiber optic,Yes,Yes,Yes,Yes,Yes,Yes,Male,0,Yes,Yes,Yes,0
4587,2016-05-01,,Month-to-month,Yes,Bank transfer (automatic),103.65,4747.85,Fiber optic,No,No,Yes,Yes,Yes,Yes,Male,0,No,No,Yes,0
4588,2014-07-01,,Two year,Yes,Mailed check,26.1,1759.55,Fiber optic,No,No,No,No,No,No,Female,0,No,No,Yes,0
4589,2019-11-01,,Month-to-month,No,Mailed check,35.1,101.1,DSL,Yes,No,No,Yes,No,No,Male,0,Yes,No,No,0
4590,2014-09-01,,Month-to-month,Yes,Bank transfer (automatic),99.1,6496.15,Fiber optic,No,Yes,Yes,No,Yes,Yes,Male,1,No,No,No,0
4591,2014-11-01,,Two year,No,Mailed check,67.25,4234.15,DSL,No,Yes,No,Yes,No,Yes,Male,0,Yes,No,Yes,0
4592,2019-03-01,,Two year,No,Mailed check,25.0,300.7,Fiber optic,No,No,No,No,No,No,Female,0,Yes,Yes,Yes,0
4593,2020-01-01,,Month-to-month,Yes,Mailed check,59.55,59.55,DSL,No,No,No,Yes,No,Yes,Male,0,No,Yes,No,0
4594,2015-07-01,,Two year,Yes,Bank transfer (automatic),77.8,4323.35,DSL,No,No,Yes,No,Yes,Yes,Male,0,No,No,Yes,0
4595,2018-01-01,,One year,Yes,Mailed check,55.1,1466.1,DSL,No,No,No,Yes,No,No,Male,0,Yes,Yes,Yes,0
4596,2013-10-01,2019-10-01,One year,Yes,Bank transfer (automatic),117.8,8684.8,Fiber optic,Yes,Yes,Yes,Yes,Yes,Yes,Male,0,Yes,No,Yes,1
4597,2014-02-01,,Two year,Yes,Credit card (automatic),24.15,1776.45,Fiber optic,No,No,No,No,No,No,Female,0,Yes,No,Yes,0
4598,2014-09-01,,Two year,No,Mailed check,45.25,2933.95,DSL,No,Yes,No,Yes,Yes,No,Female,0,No,Yes,No,0
4599,2015-04-01,2019-10-01,Month-to-month,Yes,Electronic check,79.5,4370.25,Fiber optic,No,Yes,No,No,No,No,Female,1,No,No,Yes,1
4600,2019-07-01,,Month-to-month,No,Mailed check,20.25,144.35,Fiber optic,No,No,No,No,No,No,Male,0,Yes,Yes,No,0
4601,2014-02-01,,Two year,No,Bank transfer (automatic),64.75,4804.75,DSL,Yes,Yes,No,Yes,No,No,Female,0,Yes,No,Yes,0
4602,2018-05-01,,Month-to-month,No,Bank transfer (automatic),54.6,1125.2,DSL,No,No,No,No,Yes,No,Male,0,Yes,No,No,0
4603,2019-12-01,,Month-to-month,Yes,Bank transfer (automatic),20.7,39.85,Fiber optic,No,No,No,No,No,No,Female,0,No,No,No,0
4604,2019-10-01,,Month-to-month,Yes,Electronic check,94.75,422.4,Fiber optic,No,No,Yes,No,Yes,Yes,Male,1,No,No,No,0
4605,2019-07-01,2019-10-01,Month-to-month,Yes,Bank transfer (automatic),79.65,251.75,Fiber optic,No,No,No,Yes,No,No,Male,0,Yes,No,Yes,1
4606,2014-02-01,,Two year,No,Credit card (automatic),115.8,8332.15,Fiber optic,Yes,Yes,Yes,Yes,Yes,Yes,Male,0,Yes,No,Yes,0
4607,2019-08-01,,Month-to-month,Yes,Electronic check,49.45,314.6,DSL,Yes,No,No,No,No,No,Female,0,No,No,No,0
4608,2015-10-01,,Month-to-month,Yes,Credit card (automatic),83.8,4331.4,Fiber optic,No,No,Yes,No,No,Yes,Male,0,No,No,No,0
4609,2014-05-01,,Month-to-month,Yes,Bank transfer (automatic),95.35,6382.0,Fiber optic,No,Yes,Yes,No,No,Yes,Male,1,Yes,No,Yes,0
4610,2019-05-01,2020-01-01,Month-to-month,Yes,Electronic check,94.7,740.3,Fiber optic,No,No,Yes,No,Yes,Yes,Male,0,No,No,No,1
4611,2019-06-01,,Month-to-month,Yes,Bank transfer (automatic),74.05,600.15,Fiber optic,No,No,Yes,No,No,No,Female,1,No,No,No,0
4612,2014-11-01,,Month-to-month,Yes,Bank transfer (automatic),89.6,5538.8,Fiber optic,No,No,Yes,No,No,Yes,Female,1,No,No,Yes,0
4613,2015-02-01,,One year,Yes,Credit card (automatic),116.6,7049.5,Fiber optic,Yes,Yes,Yes,Yes,Yes,Yes,Male,0,No,No,Yes,0
4614,2019-02-01,,Month-to-month,No,Bank transfer (automatic),54.2,690.5,DSL,Yes,No,No,Yes,No,No,Female,0,Yes,No,No,0
4615,2019-01-01,,Month-to-month,Yes,Mailed check,19.3,279.3,Fiber optic,No,No,No,No,No,No,Female,0,No,No,No,0
4616,2018-04-01,,Month-to-month,No,Mailed check,65.05,1427.55,DSL,Yes,Yes,Yes,No,No,No,Male,0,No,No,Yes,0
4617,2019-07-01,2019-12-01,Month-to-month,Yes,Electronic check,92.5,452.7,Fiber optic,No,No,Yes,No,Yes,No,Male,0,No,No,Yes,1
4618,2019-12-01,2020-01-01,Month-to-month,No,Mailed check,19.45,19.45,Fiber optic,No,No,No,No,No,No,Female,0,Yes,Yes,No,1
4619,2014-02-01,,Two year,Yes,Bank transfer (automatic),24.05,1709.15,Fiber optic,No,No,No,No,No,No,Female,0,Yes,Yes,Yes,0
4620,2019-12-01,,Month-to-month,No,Bank transfer (automatic),18.75,53.15,Fiber optic,No,No,No,No,No,No,Female,0,No,No,No,0
4621,2016-10-01,,Two year,No,Bank transfer (automatic),20.15,777.35,Fiber optic,No,No,No,No,No,No,Female,0,Yes,Yes,No,0
4622,2016-06-01,,One year,No,Bank transfer (automatic),20.0,860.85,Fiber optic,No,No,No,No,No,No,Male,0,Yes,Yes,No,0
4623,2014-03-01,,One year,Yes,Bank transfer (automatic),71.0,5012.1,DSL,Yes,Yes,No,Yes,Yes,No,Male,1,Yes,No,No,0
4624,2019-09-01,2019-11-01,Month-to-month,Yes,Electronic check,75.55,166.3,Fiber optic,No,No,No,No,No,No,Female,0,No,No,Yes,1
4625,2017-12-01,,Month-to-month,Yes,Electronic check,93.6,2404.1,Fiber optic,No,No,No,No,Yes,Yes,Male,1,No,No,Yes,0
4626,2019-12-01,2020-01-01,Month-to-month,Yes,Electronic check,70.0,70.0,Fiber optic,No,No,No,No,No,No,Male,0,Yes,Yes,No,1
4627,2020-01-01,,Month-to-month,No,Mailed check,24.4,24.4,DSL,No,No,No,No,No,No,Female,0,No,No,No,0
4628,2014-08-01,2020-01-01,Two year,Yes,Bank transfer (automatic),74.8,4820.15,DSL,Yes,No,No,Yes,Yes,Yes,Male,0,Yes,Yes,No,1
4629,2019-11-01,,Month-to-month,Yes,Mailed check,65.25,209.9,DSL,No,No,No,Yes,Yes,No,Male,0,No,No,Yes,0
4630,2019-01-01,,Month-to-month,Yes,Mailed check,50.55,610.75,DSL,No,No,No,Yes,No,No,Male,0,No,No,No,0
4631,2017-01-01,2019-10-01,Month-to-month,Yes,Electronic check,104.4,3409.6,Fiber optic,No,Yes,Yes,No,Yes,Yes,Female,0,Yes,No,Yes,1
4632,2020-01-01,,Month-to-month,Yes,Mailed check,70.7,70.7,Fiber optic,No,No,No,No,No,No,Female,0,No,No,No,0
4633,2019-10-01,,Month-to-month,No,Mailed check,45.25,155.35,DSL,No,No,No,No,No,No,Male,0,Yes,Yes,No,0
4634,2019-12-01,,Month-to-month,Yes,Electronic check,70.3,144.0,Fiber optic,No,No,No,No,No,No,Male,0,No,No,No,0
4635,2014-02-01,,Two year,Yes,Credit card (automatic),108.95,7875.0,Fiber optic,Yes,Yes,No,Yes,Yes,Yes,Male,0,Yes,No,Yes,0
4636,2017-01-01,,Month-to-month,No,Mailed check,26.45,911.6,Fiber optic,No,No,No,No,No,No,Female,0,Yes,Yes,Yes,0
4637,2018-07-01,2019-10-01,Month-to-month,No,Electronic check,86.2,1270.2,Fiber optic,Yes,No,No,No,Yes,No,Female,0,No,No,No,1
4638,2018-03-01,,One year,Yes,Credit card (automatic),19.65,478.1,Fiber optic,No,No,No,No,No,No,Female,0,No,No,No,0
4639,2017-05-01,2019-11-01,Month-to-month,No,Credit card (automatic),51.2,1561.5,DSL,No,No,No,Yes,Yes,Yes,Female,0,Yes,Yes,No,1
4640,2016-08-01,,One year,Yes,Electronic check,19.05,761.85,Fiber optic,No,No,No,No,No,No,Female,0,Yes,Yes,No,0
4641,2017-06-01,,One year,No,Mailed check,74.75,2282.95,DSL,Yes,No,No,No,Yes,Yes,Female,0,No,No,Yes,0
4642,2018-04-01,,Month-to-month,Yes,Bank transfer (automatic),75.8,1615.1,Fiber optic,No,No,No,No,No,No,Female,0,Yes,Yes,Yes,0
4643,2016-08-01,,Month-to-month,Yes,Credit card (automatic),25.1,1097.15,DSL,No,No,No,No,No,No,Male,0,Yes,No,No,0
4644,2019-06-01,,Month-to-month,No,Mailed check,44.45,369.3,DSL,No,No,No,No,No,No,Female,0,No,No,No,0
4645,2014-09-01,,Two year,Yes,Credit card (automatic),104.3,6725.3,Fiber optic,Yes,No,Yes,No,Yes,Yes,Female,0,Yes,Yes,Yes,0
4646,2019-10-01,2019-12-01,Month-to-month,No,Mailed check,19.5,31.55,Fiber optic,No,No,No,No,No,No,Female,0,No,No,No,1
4647,2014-04-01,,Two year,Yes,Bank transfer (automatic),89.0,6293.2,DSL,Yes,Yes,Yes,Yes,Yes,Yes,Female,0,Yes,Yes,Yes,0
4648,2018-04-01,,Month-to-month,No,Credit card (automatic),20.15,432.5,Fiber optic,No,No,No,No,No,No,Male,0,No,Yes,No,0
4649,2019-08-01,2019-12-01,Month-to-month,Yes,Electronic check,74.9,321.75,Fiber optic,No,No,No,No,No,No,Female,1,No,No,Yes,1
4650,2019-08-01,2019-10-01,Month-to-month,No,Credit card (automatic),74.9,147.15,Fiber optic,No,No,No,No,No,No,Female,0,No,No,Yes,1
4651,2014-07-01,,Two year,No,Bank transfer (automatic),36.15,2434.45,DSL,Yes,Yes,No,No,No,No,Female,0,Yes,Yes,No,0
4652,2018-01-01,,Month-to-month,Yes,Credit card (automatic),19.2,532.1,Fiber optic,No,No,No,No,No,No,Female,0,No,No,No,0
4653,2018-06-01,,Month-to-month,No,Bank transfer (automatic),19.25,375.25,Fiber optic,No,No,No,No,No,No,Female,0,Yes,No,No,0
4654,2019-12-01,,Month-to-month,Yes,Credit card (automatic),61.2,125.95,DSL,Yes,No,No,No,No,Yes,Female,0,No,Yes,No,0
4655,2015-11-01,,Two year,No,Mailed check,20.45,1042.65,Fiber optic,No,No,No,No,No,No,Male,0,No,No,No,0
4656,2016-04-01,,Month-to-month,No,Bank transfer (automatic),35.05,1620.25,DSL,Yes,Yes,No,No,No,No,Female,0,Yes,Yes,No,0
4657,2017-09-01,2019-10-01,Month-to-month,Yes,Electronic check,100.25,2387.75,Fiber optic,No,Yes,No,No,Yes,Yes,Female,0,No,No,Yes,1
4658,2019-01-01,,Month-to-month,No,Mailed check,44.0,659.35,DSL,No,No,No,No,No,No,Male,0,No,Yes,No,0
4659,2017-11-01,2019-12-01,Month-to-month,Yes,Mailed check,102.8,2660.2,Fiber optic,Yes,Yes,No,No,Yes,Yes,Female,1,No,No,Yes,1
4660,2017-12-01,,One year,No,Mailed check,50.35,1285.8,DSL,No,No,Yes,No,No,No,Male,0,Yes,Yes,No,0
4661,2016-06-01,2020-01-01,One year,Yes,Electronic check,100.0,4211.55,Fiber optic,No,No,No,Yes,Yes,Yes,Male,0,No,No,Yes,1
4662,2018-07-01,,Month-to-month,Yes,Electronic check,20.0,377.55,Fiber optic,No,No,No,No,No,No,Male,0,No,Yes,No,0
4663,2018-12-01,2019-10-01,Month-to-month,Yes,Electronic check,99.85,990.9,Fiber optic,No,Yes,No,Yes,Yes,Yes,Male,0,Yes,No,No,1
4664,2019-09-01,2019-11-01,Month-to-month,Yes,Bank transfer (automatic),94.2,193.8,Fiber optic,No,No,No,No,Yes,Yes,Female,0,No,Yes,Yes,1
4665,2014-02-01,,Two year,Yes,Bank transfer (automatic),86.4,6058.95,DSL,Yes,Yes,No,Yes,Yes,Yes,Female,0,Yes,No,Yes,0
4666,2018-08-01,,Month-to-month,Yes,Credit card (automatic),58.4,964.9,DSL,Yes,Yes,No,No,No,No,Male,1,No,No,Yes,0
4667,2019-04-01,2020-01-01,Month-to-month,Yes,Electronic check,83.85,790.15,Fiber optic,No,No,No,No,No,Yes,Male,1,No,No,Yes,1
4668,2017-10-01,2020-01-01,Month-to-month,No,Credit card (automatic),88.3,2467.75,Fiber optic,No,No,Yes,No,No,Yes,Female,1,No,No,Yes,1
4669,2018-02-01,,Month-to-month,Yes,Electronic check,94.1,2322.85,Fiber optic,No,No,No,No,Yes,Yes,Male,0,No,No,Yes,0
4670,2014-01-01,2019-10-01,One year,Yes,Bank transfer (automatic),104.05,7262.0,Fiber optic,No,Yes,Yes,Yes,Yes,Yes,Male,0,No,No,No,1
4671,2016-04-01,,Two year,Yes,Credit card (automatic),108.9,4854.3,Fiber optic,No,Yes,Yes,Yes,Yes,Yes,Female,0,Yes,No,Yes,0
4672,2014-02-01,,Two year,Yes,Bank transfer (automatic),107.4,7748.75,Fiber optic,Yes,Yes,Yes,Yes,No,Yes,Female,1,No,No,Yes,0
4673,2018-03-01,2020-01-01,Month-to-month,Yes,Credit card (automatic),94.7,1914.9,Fiber optic,No,No,Yes,No,Yes,Yes,Male,0,Yes,No,No,1
4674,2014-04-01,,Month-to-month,Yes,Electronic check,90.85,6470.1,Fiber optic,Yes,No,No,No,No,Yes,Female,1,Yes,No,Yes,0
4675,2019-12-01,,Month-to-month,No,Electronic check,19.9,57.4,Fiber optic,No,No,No,No,No,No,Female,0,No,No,No,0
4676,2017-07-01,,Month-to-month,Yes,Credit card (automatic),66.4,2019.8,DSL,No,No,Yes,Yes,No,Yes,Male,0,Yes,No,No,0
4677,2015-02-01,2019-10-01,Month-to-month,Yes,Bank transfer (automatic),100.65,5688.05,Fiber optic,No,No,Yes,No,Yes,Yes,Female,1,Yes,No,Yes,1
4678,2018-10-01,,Month-to-month,No,Bank transfer (automatic),100.7,1522.7,Fiber optic,Yes,No,Yes,No,Yes,Yes,Female,0,Yes,Yes,No,0
4679,2015-10-01,,Two year,No,Credit card (automatic),25.6,1334.5,Fiber optic,No,No,No,No,No,No,Male,0,No,Yes,Yes,0
4680,2019-01-01,,Month-to-month,Yes,Mailed check,19.85,252.0,Fiber optic,No,No,No,No,No,No,Male,0,Yes,Yes,No,0
4681,2017-03-01,,One year,No,Mailed check,20.75,700.45,Fiber optic,No,No,No,No,No,No,Female,0,No,No,No,0
4682,2015-03-01,,Two year,No,Electronic check,95.8,5655.45,Fiber optic,No,No,Yes,No,Yes,Yes,Female,0,No,No,No,0
4683,2014-02-01,,Month-to-month,Yes,Electronic check,94.65,6747.35,Fiber optic,No,No,Yes,No,Yes,Yes,Male,0,Yes,No,No,0
4684,2014-05-01,2019-11-01,Two year,Yes,Bank transfer (automatic),80.55,5265.1,DSL,No,Yes,Yes,No,Yes,Yes,Female,1,Yes,No,Yes,1
4685,2016-01-01,,Two year,No,Credit card (automatic),106.65,5174.35,Fiber optic,Yes,Yes,Yes,Yes,No,Yes,Female,0,Yes,No,Yes,0
4686,2019-12-01,,Month-to-month,Yes,Mailed check,45.85,105.6,DSL,No,No,No,No,No,No,Female,0,No,No,No,0
4687,2018-05-01,,Month-to-month,Yes,Electronic check,104.35,2271.85,Fiber optic,No,Yes,Yes,No,Yes,Yes,Male,1,No,No,Yes,0
4688,2015-08-01,,One year,Yes,Electronic check,55.45,2966.95,DSL,No,Yes,Yes,No,Yes,Yes,Male,1,No,No,No,0
4689,2018-01-01,2020-01-01,Month-to-month,Yes,Electronic check,78.85,1772.25,Fiber optic,Yes,No,No,No,No,No,Male,1,Yes,No,Yes,1
4690,2020-01-01,,Month-to-month,No,Electronic check,61.15,61.15,DSL,Yes,Yes,No,No,No,No,Male,0,No,No,Yes,0
4691,2019-08-01,,Month-to-month,Yes,Electronic check,78.95,494.95,Fiber optic,Yes,Yes,No,No,No,No,Male,0,No,No,No,0
4692,2019-11-01,2019-12-01,Month-to-month,Yes,Mailed check,44.45,44.45,DSL,No,No,No,No,No,No,Female,0,No,No,No,1
4693,2016-01-01,,One year,Yes,Credit card (automatic),109.2,5290.45,Fiber optic,Yes,Yes,Yes,No,Yes,Yes,Male,0,No,Yes,Yes,0
4694,2015-06-01,,Two year,Yes,Credit card (automatic),61.3,3346.8,DSL,Yes,Yes,Yes,No,No,No,Female,0,Yes,Yes,No,0
4695,2015-06-01,,Month-to-month,Yes,Electronic check,96.85,5219.65,Fiber optic,Yes,Yes,No,No,No,Yes,Female,1,No,No,Yes,0
4696,2019-08-01,,Two year,No,Mailed check,40.55,217.5,DSL,No,Yes,Yes,Yes,No,No,Female,0,Yes,Yes,No,0
4697,2017-06-01,,One year,No,Mailed check,19.8,607.7,Fiber optic,No,No,No,No,No,No,Male,0,No,No,No,0
4698,2015-12-01,,One year,Yes,Electronic check,108.25,5431.4,Fiber optic,Yes,Yes,Yes,No,Yes,Yes,Male,0,Yes,Yes,Yes,0
4699,2015-04-01,,One year,Yes,Bank transfer (automatic),105.05,6004.85,Fiber optic,No,No,Yes,Yes,Yes,Yes,Male,0,Yes,Yes,Yes,0
4700,2014-09-01,,Two year,Yes,Mailed check,90.45,5957.9,DSL,Yes,Yes,Yes,Yes,Yes,Yes,Female,0,Yes,Yes,Yes,0
4701,2014-10-01,,Two year,Yes,Credit card (automatic),86.4,5442.05,DSL,Yes,Yes,Yes,Yes,Yes,Yes,Female,0,No,No,Yes,0
4702,2014-08-01,,Two year,No,Bank transfer (automatic),66.9,4370.25,DSL,Yes,Yes,Yes,No,No,No,Female,0,Yes,No,Yes,0
4703,2016-12-01,,One year,Yes,Electronic check,110.7,4428.6,Fiber optic,Yes,No,Yes,Yes,Yes,Yes,Male,0,Yes,No,Yes,0
4704,2018-06-01,,One year,Yes,Mailed check,20.0,416.45,Fiber optic,No,No,No,No,No,No,Female,0,Yes,No,No,0
4705,2017-01-01,2020-01-01,Month-to-month,Yes,Electronic check,84.9,3067.2,Fiber optic,No,No,No,No,No,Yes,Male,0,No,No,Yes,1
4706,2014-10-01,,One year,No,Electronic check,102.1,6688.1,Fiber optic,No,No,Yes,Yes,Yes,Yes,Male,1,No,No,Yes,0
4707,2019-12-01,2020-01-01,Month-to-month,No,Mailed check,20.25,20.25,Fiber optic,No,No,No,No,No,No,Male,0,No,No,No,1
4708,2015-02-01,,One year,Yes,Credit card (automatic),70.15,4224.7,DSL,No,Yes,Yes,Yes,Yes,No,Female,0,No,No,No,0
4709,2019-10-01,2019-11-01,Month-to-month,Yes,Electronic check,74.35,74.35,Fiber optic,No,Yes,No,No,No,No,Male,0,No,No,No,1
4710,2015-12-01,,One year,Yes,Bank transfer (automatic),80.05,4042.2,DSL,Yes,Yes,Yes,Yes,No,Yes,Female,0,Yes,Yes,Yes,0
4711,2019-12-01,2020-01-01,Month-to-month,No,Mailed check,62.05,62.05,DSL,No,No,Yes,Yes,No,No,Male,0,No,No,Yes,1
4712,2014-02-01,,Two year,Yes,Electronic check,49.2,3580.95,DSL,Yes,Yes,Yes,No,No,Yes,Female,0,Yes,No,No,0
4713,2015-02-01,,Two year,Yes,Bank transfer (automatic),20.5,1198.8,Fiber optic,No,No,No,No,No,No,Male,0,Yes,No,No,0
4714,2016-04-01,,Two year,No,Mailed check,38.25,1755.35,DSL,Yes,No,Yes,Yes,No,No,Male,0,No,No,No,0
4715,2014-05-01,,Two year,Yes,Credit card (automatic),54.95,3772.5,DSL,No,Yes,Yes,No,Yes,Yes,Female,0,Yes,Yes,No,0
4716,2017-07-01,,Month-to-month,Yes,Bank transfer (automatic),96.6,2877.95,Fiber optic,No,No,Yes,Yes,Yes,No,Male,1,No,No,Yes,0
4717,2018-07-01,,One year,No,Mailed check,19.9,357.7,Fiber optic,No,No,No,No,No,No,Male,0,Yes,Yes,No,0
4718,2014-03-01,,Two year,No,Credit card (automatic),19.9,1397.3,Fiber optic,No,No,No,No,No,No,Female,0,Yes,Yes,No,0
4719,2019-02-01,,Month-to-month,Yes,Electronic check,84.6,959.9,Fiber optic,Yes,Yes,Yes,No,No,No,Male,0,Yes,No,No,0
4720,2016-07-01,2019-10-01,One year,No,Credit card (automatic),80.0,3182.95,DSL,Yes,No,Yes,Yes,Yes,Yes,Male,0,Yes,Yes,No,1
4721,2016-06-01,,One year,Yes,Bank transfer (automatic),85.25,3704.15,DSL,No,Yes,Yes,Yes,Yes,Yes,Male,0,No,No,Yes,0
4722,2015-06-01,,Two year,No,Credit card (automatic),81.25,4620.4,DSL,Yes,Yes,Yes,Yes,Yes,No,Female,0,Yes,Yes,Yes,0
4723,2014-02-01,,Two year,Yes,Bank transfer (automatic),115.5,8312.75,Fiber optic,Yes,Yes,Yes,Yes,Yes,Yes,Female,0,Yes,No,Yes,0
4724,2019-07-01,2019-12-01,Month-to-month,No,Mailed check,104.1,541.9,Fiber optic,No,Yes,Yes,No,Yes,Yes,Male,0,No,No,Yes,1
4725,2019-03-01,,Month-to-month,Yes,Bank transfer (automatic),79.0,929.3,Fiber optic,Yes,No,No,No,No,No,Female,0,No,No,Yes,0
4726,2017-10-01,2019-10-01,Month-to-month,No,Bank transfer (automatic),39.1,971.3,DSL,Yes,No,No,No,No,Yes,Male,1,Yes,No,No,1
4727,2018-11-01,,Month-to-month,Yes,Electronic check,94.65,1285.05,Fiber optic,No,Yes,No,No,Yes,Yes,Female,1,Yes,No,No,0
4728,2014-02-01,,Two year,Yes,Mailed check,20.8,1521.2,Fiber optic,No,No,No,No,No,No,Male,0,No,No,No,0
4729,2015-06-01,,Two year,No,Credit card (automatic),59.5,3389.25,DSL,No,Yes,Yes,No,No,No,Male,0,Yes,No,Yes,0
4730,2014-10-01,,Two year,Yes,Bank transfer (automatic),20.05,1198.05,Fiber optic,No,No,No,No,No,No,Male,1,No,No,No,0
4731,2017-04-01,,Month-to-month,Yes,Electronic check,100.45,3414.65,Fiber optic,No,No,Yes,No,Yes,Yes,Female,0,Yes,No,Yes,0
4732,2019-08-01,2019-10-01,Month-to-month,Yes,Electronic check,76.5,162.45,Fiber optic,No,No,No,No,No,No,Male,0,No,No,Yes,1
4733,2017-03-01,,One year,No,Bank transfer (automatic),20.6,754.0,Fiber optic,No,No,No,No,No,No,Male,0,No,No,No,0
4734,2018-04-01,,One year,No,Credit card (automatic),20.3,467.15,Fiber optic,No,No,No,No,No,No,Male,0,No,No,No,0
4735,2019-07-01,2019-12-01,Month-to-month,Yes,Electronic check,49.2,216.9,DSL,No,No,No,Yes,No,No,Male,0,No,No,No,1
4736,2019-05-01,,One year,No,Mailed check,39.55,373.0,DSL,Yes,Yes,Yes,No,No,No,Male,0,No,No,No,0
4737,2019-02-01,2020-01-01,Month-to-month,No,Credit card (automatic),23.15,245.2,Fiber optic,No,No,No,No,No,No,Male,0,No,No,Yes,1
4738,2018-03-01,,One year,No,Mailed check,20.45,481.1,Fiber optic,No,No,No,No,No,No,Male,0,No,No,No,0
4739,2019-08-01,2019-12-01,Month-to-month,No,Electronic check,80.85,302.75,Fiber optic,No,No,No,No,No,Yes,Female,0,Yes,Yes,No,1
4740,2014-06-01,,Two year,No,Bank transfer (automatic),25.25,1728.2,Fiber optic,No,No,No,No,No,No,Male,0,Yes,No,Yes,0
4741,2017-05-01,,Month-to-month,No,Electronic check,91.25,2964.05,Fiber optic,No,No,No,No,Yes,Yes,Male,0,Yes,No,No,0
4742,2017-07-01,,Month-to-month,Yes,Bank transfer (automatic),72.45,2156.25,DSL,Yes,Yes,Yes,Yes,Yes,No,Male,0,No,No,No,0
4743,2019-10-01,2019-11-01,Month-to-month,No,Mailed check,60.1,60.1,DSL,No,Yes,No,Yes,No,No,Male,0,No,No,Yes,1
4744,2015-06-01,,Two year,No,Bank transfer (automatic),19.7,1051.9,Fiber optic,No,No,No,No,No,No,Female,0,No,No,No,0
4745,2019-11-01,2019-12-01,Month-to-month,Yes,Electronic check,78.95,78.95,Fiber optic,No,No,No,No,Yes,No,Male,0,No,No,No,1
4746,2014-08-01,,One year,Yes,Electronic check,75.1,5013.0,DSL,Yes,Yes,Yes,Yes,Yes,No,Male,0,Yes,Yes,No,0
4747,2014-02-01,,Two year,No,Bank transfer (automatic),25.0,1738.9,Fiber optic,No,No,No,No,No,No,Male,0,Yes,Yes,Yes,0
4748,2017-04-01,,Month-to-month,No,Credit card (automatic),69.15,2275.1,Fiber optic,No,No,No,No,No,No,Male,1,No,No,No,0
4749,2015-04-01,,Month-to-month,Yes,Electronic check,91.55,5511.65,Fiber optic,No,Yes,Yes,No,Yes,No,Female,0,Yes,Yes,No,0
4750,2019-11-01,2020-01-01,Month-to-month,Yes,Electronic check,45.15,98.5,DSL,No,No,No,No,No,No,Male,0,No,No,No,1
4751,2017-01-01,,Two year,No,Credit card (automatic),35.8,1316.9,DSL,No,No,No,No,Yes,No,Male,0,No,No,No,0
4752,2014-03-01,,Two year,Yes,Credit card (automatic),113.15,7993.3,Fiber optic,Yes,Yes,Yes,Yes,Yes,Yes,Female,0,No,No,Yes,0
4753,2020-01-01,,One year,No,Credit card (automatic),19.85,19.85,Fiber optic,No,No,No,No,No,No,Male,0,Yes,Yes,No,0
4754,2014-03-01,,Two year,No,Credit card (automatic),19.8,1388.45,Fiber optic,No,No,No,No,No,No,Male,1,Yes,Yes,No,0
4755,2017-03-01,,One year,No,Electronic check,19.9,666.0,Fiber optic,No,No,No,No,No,No,Male,0,Yes,Yes,No,0
4756,2019-08-01,,One year,No,Mailed check,19.7,94.45,Fiber optic,No,No,No,No,No,No,Female,0,Yes,Yes,No,0
4757,2019-07-01,2019-10-01,Month-to-month,Yes,Electronic check,79.4,244.65,Fiber optic,No,No,No,No,Yes,No,Female,0,No,No,No,1
4758,2014-05-01,,One year,No,Bank transfer (automatic),59.1,4134.7,DSL,No,Yes,Yes,Yes,No,No,Female,0,Yes,Yes,No,0
4759,2016-05-01,2020-01-01,One year,Yes,Mailed check,53.95,2375.4,DSL,No,Yes,Yes,No,Yes,Yes,Male,0,No,No,No,1
4760,2015-09-01,,One year,Yes,Electronic check,91.15,4862.5,Fiber optic,No,No,No,Yes,No,Yes,Female,0,Yes,No,Yes,0
4761,2018-01-01,2020-01-01,Month-to-month,Yes,Credit card (automatic),99.3,2431.35,Fiber optic,No,Yes,Yes,No,Yes,Yes,Female,0,Yes,No,No,1
4762,2019-09-01,,Month-to-month,Yes,Electronic check,68.95,351.5,Fiber optic,No,No,No,No,No,No,Female,0,Yes,No,No,0
4763,2019-12-01,,Month-to-month,No,Mailed check,51.55,106.2,DSL,No,Yes,No,No,No,No,Female,0,No,Yes,No,0
4764,2014-12-01,,Two year,Yes,Mailed check,24.4,1413.0,Fiber optic,No,No,No,No,No,No,Male,0,No,Yes,Yes,0
4765,2018-07-01,,Month-to-month,Yes,Electronic check,96.8,1743.05,Fiber optic,No,No,Yes,No,Yes,Yes,Female,0,Yes,No,No,0
4766,2019-05-01,,Month-to-month,No,Mailed check,70.05,657.5,Fiber optic,No,No,No,No,No,No,Male,0,No,No,No,0
4767,2015-09-01,,Two year,No,Credit card (automatic),19.5,1050.5,Fiber optic,No,No,No,No,No,No,Male,0,No,No,No,0
4768,2019-09-01,,Month-to-month,No,Mailed check,78.75,426.35,Fiber optic,No,No,No,No,No,Yes,Male,0,No,No,No,0
4769,2014-03-01,,One year,No,Electronic check,69.2,4982.5,DSL,Yes,Yes,No,No,Yes,No,Female,1,Yes,Yes,Yes,0
4770,2020-01-01,,Month-to-month,Yes,Mailed check,19.55,19.55,Fiber optic,No,No,No,No,No,No,Female,0,No,No,No,0
4771,2018-04-01,2019-10-01,Month-to-month,Yes,Electronic check,80.65,1451.9,Fiber optic,No,Yes,No,No,No,No,Male,0,No,No,Yes,1
4772,2014-02-01,,Two year,Yes,Electronic check,103.65,7634.8,Fiber optic,No,Yes,Yes,No,Yes,Yes,Male,0,No,No,Yes,0
4773,2019-10-01,,Month-to-month,No,Mailed check,54.7,235.05,DSL,Yes,Yes,No,No,No,No,Female,0,Yes,No,No,0
4774,2015-03-01,,Two year,No,Credit card (automatic),54.15,3116.15,DSL,No,No,Yes,No,No,No,Male,0,No,No,Yes,0
4775,2019-11-01,2019-12-01,Month-to-month,No,Mailed check,71.1,71.1,Fiber optic,No,No,No,No,No,No,Female,0,No,No,No,1
4776,2017-07-01,,Month-to-month,Yes,Electronic check,84.85,2633.4,Fiber optic,No,No,No,No,No,Yes,Female,1,Yes,No,Yes,0
4777,2019-11-01,,Month-to-month,No,Bank transfer (automatic),20.0,49.65,Fiber optic,No,No,No,No,No,No,Male,0,Yes,No,No,0
4778,2014-08-01,2020-01-01,One year,Yes,Electronic check,106.25,6979.8,Fiber optic,No,Yes,Yes,No,Yes,Yes,Female,1,Yes,No,Yes,1
4779,2016-01-01,,One year,Yes,Credit card (automatic),99.25,4920.8,Fiber optic,No,No,Yes,Yes,Yes,Yes,Male,0,Yes,No,No,0
4780,2019-12-01,,Month-to-month,No,Mailed check,19.35,46.35,Fiber optic,No,No,No,No,No,No,Male,0,No,No,No,0
4781,2015-06-01,2019-11-01,One year,No,Bank transfer (automatic),20.8,1021.8,Fiber optic,No,No,No,No,No,No,Female,0,Yes,No,No,1
4782,2015-07-01,,One year,Yes,Electronic check,94.75,5276.1,Fiber optic,Yes,No,No,No,Yes,Yes,Female,0,Yes,No,No,0
4783,2014-02-01,,Two year,Yes,Credit card (automatic),114.05,8289.2,Fiber optic,Yes,Yes,Yes,Yes,Yes,Yes,Male,0,Yes,Yes,Yes,0
4784,2017-02-01,,Month-to-month,Yes,Bank transfer (automatic),74.9,2659.45,Fiber optic,No,No,No,No,No,No,Female,1,No,No,Yes,0
4785,2019-04-01,,Month-to-month,Yes,Bank transfer (automatic),19.8,196.75,Fiber optic,No,No,No,No,No,No,Female,0,Yes,Yes,No,0
4786,2019-12-01,2020-01-01,Month-to-month,Yes,Electronic check,94.0,94.0,Fiber optic,No,No,No,No,Yes,Yes,Male,1,No,No,Yes,1
4787,2014-02-01,,Two year,No,Bank transfer (automatic),80.85,5824.75,DSL,Yes,Yes,Yes,Yes,No,Yes,Female,0,Yes,Yes,Yes,0
4788,2017-10-01,,Month-to-month,No,Bank transfer (automatic),54.65,1517.5,DSL,No,Yes,No,Yes,No,No,Female,0,No,No,No,0
4789,2016-12-01,,Month-to-month,No,Bank transfer (automatic),91.7,3479.05,Fiber optic,Yes,No,No,No,Yes,No,Male,0,Yes,No,Yes,0
4790,2015-01-01,,One year,Yes,Electronic check,118.6,7365.7,Fiber optic,Yes,Yes,Yes,Yes,Yes,Yes,Female,0,No,No,Yes,0
4791,2015-10-01,,Two year,No,Mailed check,24.55,1331.05,Fiber optic,No,No,No,No,No,No,Male,0,Yes,Yes,Yes,0
4792,2014-07-01,,One year,Yes,Mailed check,19.45,1195.95,Fiber optic,No,No,No,No,No,No,Male,0,No,No,No,0
4793,2017-04-01,,Two year,Yes,Credit card (automatic),116.15,3946.9,Fiber optic,Yes,Yes,Yes,Yes,Yes,Yes,Female,0,No,Yes,Yes,0
4794,2015-08-01,,Two year,No,Electronic check,80.6,4299.95,DSL,Yes,No,Yes,Yes,Yes,Yes,Female,0,No,No,No,0
4795,2020-01-01,,Month-to-month,Yes,Bank transfer (automatic),20.3,20.3,Fiber optic,No,No,No,No,No,No,Female,0,Yes,No,No,0
4796,2018-09-01,2019-12-01,Month-to-month,No,Electronic check,89.85,1424.95,Fiber optic,No,Yes,No,No,No,Yes,Female,1,No,No,Yes,1
4797,2019-06-01,2019-10-01,Month-to-month,Yes,Mailed check,46.0,193.6,DSL,No,No,No,No,No,No,Female,0,No,No,No,1
4798,2019-02-01,2019-11-01,Month-to-month,No,Mailed check,66.25,620.55,DSL,No,Yes,No,Yes,Yes,No,Female,0,No,No,No,1
4799,2016-04-01,,Month-to-month,Yes,Electronic check,99.8,4391.25,Fiber optic,No,Yes,Yes,No,Yes,Yes,Female,0,No,Yes,No,0
4800,2017-12-01,2019-10-01,Month-to-month,Yes,Electronic check,90.0,1993.8,Fiber optic,No,No,No,Yes,Yes,No,Female,0,No,No,Yes,1
4801,2016-08-01,2019-10-01,One year,Yes,Bank transfer (automatic),70.45,2597.6,Fiber optic,No,No,No,No,No,No,Male,0,No,No,No,1
4802,2015-07-01,,One year,Yes,Credit card (automatic),75.0,4213.9,DSL,Yes,Yes,No,Yes,Yes,No,Female,0,Yes,Yes,Yes,0
4803,2014-10-01,,One year,No,Credit card (automatic),80.3,5017.7,Fiber optic,Yes,No,Yes,No,No,No,Male,1,Yes,No,No,0
4804,2015-06-01,2019-11-01,Two year,No,Bank transfer (automatic),19.75,1052.35,Fiber optic,No,No,No,No,No,No,Male,0,No,Yes,No,1
4805,2015-04-01,,Two year,Yes,Electronic check,84.3,4916.4,DSL,Yes,No,Yes,Yes,Yes,Yes,Female,0,Yes,No,Yes,0
4806,2015-06-01,,One year,Yes,Bank transfer (automatic),54.05,2959.8,DSL,No,No,Yes,Yes,Yes,Yes,Male,0,Yes,No,No,0
4807,2014-02-01,,Two year,Yes,Credit card (automatic),104.9,7559.55,Fiber optic,Yes,No,Yes,Yes,Yes,Yes,Male,0,Yes,Yes,No,0
4808,2019-12-01,2020-01-01,Month-to-month,Yes,Electronic check,53.95,53.95,DSL,Yes,No,No,Yes,No,No,Male,0,No,No,No,1
4809,2014-02-01,,One year,Yes,Credit card (automatic),97.25,7133.1,Fiber optic,No,Yes,No,No,Yes,Yes,Male,1,Yes,No,Yes,0
4810,2018-04-01,,Month-to-month,No,Electronic check,83.05,1799.3,Fiber optic,No,No,No,No,No,Yes,Male,0,No,No,Yes,0
4811,2019-04-01,2019-12-01,Month-to-month,Yes,Electronic check,105.5,829.55,Fiber optic,No,Yes,Yes,No,Yes,Yes,Female,1,No,No,Yes,1
4812,2018-08-01,2019-12-01,Month-to-month,Yes,Electronic check,81.0,1312.15,Fiber optic,No,No,No,No,Yes,No,Female,0,No,Yes,No,1
4813,2016-11-01,,Month-to-month,No,Bank transfer (automatic),41.1,1597.05,DSL,No,Yes,Yes,Yes,No,No,Female,0,No,No,No,0
4814,2019-02-01,,Month-to-month,Yes,Bank transfer (automatic),45.0,524.35,DSL,No,No,No,No,No,No,Female,0,No,No,No,0
4815,2015-08-01,,Two year,Yes,Bank transfer (automatic),74.55,4191.45,DSL,Yes,Yes,No,No,Yes,Yes,Male,0,Yes,No,No,0
4816,2018-08-01,,One year,Yes,Mailed check,40.2,711.95,DSL,Yes,Yes,No,Yes,No,No,Female,0,No,No,No,0
4817,2017-06-01,,One year,No,Mailed check,70.5,2201.75,DSL,Yes,Yes,No,Yes,No,Yes,Male,0,Yes,No,No,0
4818,2016-09-01,,One year,Yes,Mailed check,19.75,806.95,Fiber optic,No,No,No,No,No,No,Female,0,No,No,No,0
4819,2014-07-01,,Two year,No,Bank transfer (automatic),24.65,1620.45,Fiber optic,No,No,No,No,No,No,Male,0,Yes,Yes,Yes,0
4820,2014-09-01,,Month-to-month,Yes,Electronic check,104.25,6812.95,Fiber optic,Yes,No,Yes,No,Yes,Yes,Male,0,Yes,No,Yes,0
4821,2018-01-01,,Month-to-month,Yes,Bank transfer (automatic),78.35,1837.9,DSL,Yes,Yes,Yes,Yes,Yes,No,Female,0,No,No,Yes,0
4822,2019-10-01,2019-11-01,Month-to-month,Yes,Electronic check,69.8,69.8,Fiber optic,No,No,No,No,No,No,Female,0,Yes,Yes,No,1
4823,2014-07-01,,One year,Yes,Credit card (automatic),109.7,7344.45,Fiber optic,No,Yes,Yes,Yes,Yes,Yes,Female,0,Yes,No,Yes,0
4824,2019-05-01,2019-12-01,Month-to-month,No,Mailed check,73.75,545.15,Fiber optic,No,No,No,No,No,No,Male,1,No,No,Yes,1
4825,2016-07-01,,Month-to-month,Yes,Credit card (automatic),33.45,1500.25,DSL,Yes,Yes,No,No,No,No,Female,1,No,No,No,0
4826,2018-02-01,,Month-to-month,Yes,Electronic check,94.6,2283.15,Fiber optic,Yes,No,No,No,Yes,Yes,Female,0,No,No,No,0
4827,2019-02-01,2019-11-01,Month-to-month,No,Electronic check,54.55,494.05,DSL,Yes,No,No,No,No,No,Male,1,No,No,Yes,1
4828,2014-05-01,,Two year,No,Bank transfer (automatic),20.2,1376.5,Fiber optic,No,No,No,No,No,No,Male,0,Yes,Yes,No,0
4829,2017-01-01,,One year,No,Bank transfer (automatic),20.3,755.4,Fiber optic,No,No,No,No,No,No,Female,0,No,Yes,No,0
4830,2018-06-01,,Two year,Yes,Credit card (automatic),39.4,825.4,DSL,Yes,No,Yes,Yes,No,No,Male,0,Yes,Yes,No,0
4831,2019-07-01,,Month-to-month,No,Bank transfer (automatic),69.15,488.65,Fiber optic,No,No,No,No,No,No,Male,0,No,No,No,0
4832,2016-09-01,2019-10-01,Month-to-month,Yes,Electronic check,76.25,2841.55,Fiber optic,No,No,No,No,No,No,Female,1,No,No,Yes,1
4833,2019-06-01,2019-11-01,Month-to-month,Yes,Mailed check,93.9,486.85,Fiber optic,No,No,No,No,Yes,Yes,Female,0,No,No,Yes,1
4834,2016-09-01,,One year,Yes,Electronic check,51.35,2075.1,DSL,No,No,Yes,No,Yes,Yes,Male,0,No,No,No,0
4835,2015-08-01,,One year,Yes,Credit card (automatic),100.05,5299.65,Fiber optic,Yes,Yes,No,No,Yes,Yes,Female,0,No,No,No,0
4836,2019-09-01,2019-12-01,Month-to-month,Yes,Electronic check,70.4,204.7,Fiber optic,No,No,No,No,No,No,Female,1,No,No,No,1
4837,2014-05-01,,Two year,No,Credit card (automatic),20.3,1356.3,Fiber optic,No,No,No,No,No,No,Male,1,No,No,No,0
4838,2015-09-01,,One year,Yes,Credit card (automatic),94.45,5042.75,Fiber optic,No,Yes,Yes,Yes,No,Yes,Female,0,No,No,No,0
4839,2018-08-01,,One year,No,Credit card (automatic),46.4,812.4,DSL,No,Yes,Yes,No,Yes,No,Male,0,Yes,Yes,No,0
4840,2014-10-01,,Two year,Yes,Credit card (automatic),104.05,6605.55,Fiber optic,Yes,Yes,No,Yes,Yes,Yes,Male,0,Yes,No,No,0
4841,2017-05-01,2019-12-01,Month-to-month,Yes,Electronic check,91.15,2995.45,Fiber optic,No,Yes,No,No,No,Yes,Female,0,Yes,Yes,Yes,1
4842,2018-06-01,,Month-to-month,No,Credit card (automatic),24.9,505.95,DSL,No,No,No,No,No,No,Female,0,No,No,No,0
4843,2015-05-01,,One year,No,Mailed check,59.6,3509.4,DSL,Yes,Yes,No,Yes,No,No,Male,0,Yes,Yes,No,0
4844,2014-11-01,,Two year,No,Credit card (automatic),108.5,6991.9,Fiber optic,Yes,Yes,Yes,No,Yes,Yes,Male,1,Yes,No,Yes,0
4845,2019-01-01,,Two year,No,Mailed check,40.55,590.35,DSL,Yes,Yes,No,Yes,No,No,Male,0,Yes,Yes,No,0
4846,2016-02-01,,One year,Yes,Bank transfer (automatic),58.95,2789.7,DSL,No,Yes,No,No,No,Yes,Female,1,Yes,No,No,0
4847,2019-08-01,2019-10-01,Month-to-month,Yes,Electronic check,70.95,137.95,Fiber optic,No,No,No,No,No,No,Female,0,No,No,No,1
4848,2015-05-01,,Two year,No,Mailed check,20.75,1123.15,Fiber optic,No,No,No,No,No,No,Male,0,Yes,Yes,No,0
4849,2014-03-01,,One year,Yes,Bank transfer (automatic),113.15,7953.25,Fiber optic,No,Yes,Yes,Yes,Yes,Yes,Male,0,Yes,No,Yes,0
4850,2019-07-01,,Month-to-month,No,Electronic check,48.8,349.8,DSL,No,No,No,No,No,No,Female,0,Yes,Yes,Yes,0
4851,2018-10-01,,Month-to-month,Yes,Bank transfer (automatic),63.05,1067.05,DSL,No,No,No,No,No,Yes,Female,0,No,No,Yes,0
4852,2017-04-01,,Month-to-month,No,Electronic check,100.85,3527.3,Fiber optic,No,No,Yes,No,Yes,Yes,Male,0,Yes,No,Yes,0
4853,2016-12-01,2020-01-01,Month-to-month,Yes,Electronic check,99.5,3762.0,Fiber optic,No,No,Yes,No,Yes,Yes,Female,0,Yes,No,Yes,1
4854,2018-10-01,,Month-to-month,Yes,Mailed check,80.55,1248.9,Fiber optic,No,Yes,No,No,No,No,Male,0,No,No,Yes,0
4855,2016-02-01,,One year,Yes,Bank transfer (automatic),64.4,3035.35,DSL,Yes,Yes,Yes,No,No,No,Male,0,No,Yes,Yes,0
4856,2015-04-01,,One year,Yes,Credit card (automatic),75.2,4300.8,DSL,No,Yes,No,Yes,Yes,Yes,Male,0,Yes,Yes,No,0
4857,2014-02-01,,Two year,Yes,Bank transfer (automatic),84.9,6065.3,DSL,Yes,No,Yes,Yes,Yes,Yes,Female,0,Yes,No,Yes,0
4858,2019-07-01,,Month-to-month,No,Mailed check,19.3,144.95,Fiber optic,No,No,No,No,No,No,Female,0,No,No,No,0
4859,2016-08-01,2019-10-01,Month-to-month,Yes,Credit card (automatic),83.9,3233.6,Fiber optic,Yes,Yes,Yes,No,No,No,Female,0,No,No,No,1
4860,2015-10-01,2019-10-01,Month-to-month,No,Electronic check,117.45,5438.9,Fiber optic,Yes,Yes,Yes,Yes,Yes,Yes,Female,1,Yes,No,Yes,1
4861,2019-01-01,2019-11-01,Month-to-month,Yes,Electronic check,104.4,1081.45,Fiber optic,Yes,Yes,Yes,No,Yes,Yes,Male,0,No,No,No,1
4862,2017-08-01,,One year,No,Credit card (automatic),74.65,2308.6,DSL,Yes,Yes,Yes,Yes,Yes,No,Female,0,No,No,No,0
4863,2017-07-01,,Month-to-month,Yes,Credit card (automatic),59.05,1882.8,DSL,No,No,No,No,Yes,No,Male,0,Yes,No,Yes,0
4864,2016-04-01,,One year,Yes,Credit card (automatic),69.1,3255.35,DSL,No,No,Yes,Yes,No,Yes,Female,1,No,No,Yes,0
4865,2015-12-01,,Two year,No,Mailed check,20.55,1067.65,Fiber optic,No,No,No,No,No,No,Male,0,Yes,No,No,0
4866,2017-10-01,,Month-to-month,No,Bank transfer (automatic),76.55,2065.4,Fiber optic,No,No,No,Yes,No,No,Male,0,Yes,No,No,0
4867,2014-08-01,,Two year,Yes,Bank transfer (automatic),62.5,4136.4,DSL,Yes,Yes,Yes,Yes,Yes,Yes,Female,0,No,No,No,0
4868,2019-02-01,2019-10-01,Month-to-month,Yes,Electronic check,29.4,221.9,DSL,No,No,Yes,No,No,No,Male,1,No,No,No,1
4869,2016-09-01,,Month-to-month,Yes,Bank transfer (automatic),94.9,3848.0,Fiber optic,No,No,Yes,No,Yes,Yes,Female,0,Yes,Yes,No,0
4870,2014-02-01,,Two year,Yes,Bank transfer (automatic),111.65,8022.85,Fiber optic,No,Yes,Yes,Yes,Yes,Yes,Male,1,Yes,No,Yes,0
4871,2019-07-01,,One year,No,Mailed check,19.9,173.15,Fiber optic,No,No,No,No,No,No,Female,0,No,No,No,0
4872,2016-12-01,,Month-to-month,No,Mailed check,20.45,781.25,Fiber optic,No,No,No,No,No,No,Female,0,Yes,Yes,No,0
4873,2016-06-01,,One year,Yes,Electronic check,106.05,4510.8,Fiber optic,Yes,Yes,Yes,No,Yes,Yes,Male,0,No,No,No,0
4874,2016-03-01,,One year,Yes,Bank transfer (automatic),113.45,5317.8,Fiber optic,Yes,Yes,Yes,Yes,Yes,Yes,Male,0,Yes,Yes,Yes,0
4875,2015-09-01,,Month-to-month,Yes,Electronic check,92.55,4779.45,Fiber optic,No,Yes,No,Yes,Yes,No,Male,0,Yes,Yes,No,0
4876,2019-10-01,,Month-to-month,No,Electronic check,65.6,250.1,DSL,No,No,Yes,No,Yes,No,Male,0,Yes,No,Yes,0
4877,2018-06-01,,Month-to-month,Yes,Electronic check,84.35,1745.2,Fiber optic,No,No,No,No,Yes,No,Male,1,No,No,Yes,0
4878,2019-09-01,2019-11-01,Month-to-month,No,Mailed check,44.65,74.9,DSL,No,No,No,No,No,No,Male,0,No,No,No,1
4879,2015-05-01,,One year,Yes,Credit card (automatic),71.1,4140.1,DSL,No,Yes,Yes,No,Yes,No,Male,1,Yes,No,Yes,0
4880,2016-06-01,,Month-to-month,Yes,Electronic check,85.15,3670.5,Fiber optic,Yes,Yes,No,Yes,No,No,Female,1,Yes,No,No,0
4881,2018-02-01,,Month-to-month,Yes,Mailed check,49.7,1167.8,DSL,No,No,Yes,No,No,No,Male,0,No,No,No,0
4882,2018-11-01,,Month-to-month,Yes,Bank transfer (automatic),30.2,469.65,DSL,Yes,No,No,No,No,No,Male,0,Yes,Yes,No,0
4883,2019-10-01,2020-01-01,Month-to-month,No,Electronic check,25.25,58.9,DSL,No,No,No,No,No,No,Female,0,No,No,No,1
4884,2019-06-01,2019-10-01,Month-to-month,No,Bank transfer (automatic),84.05,333.55,Fiber optic,No,Yes,Yes,No,No,No,Female,0,No,Yes,Yes,1
4885,2016-12-01,2020-01-01,Month-to-month,Yes,Electronic check,85.7,3171.15,Fiber optic,No,No,No,No,Yes,No,Male,1,Yes,No,Yes,1
4886,2019-12-01,2020-01-01,Month-to-month,Yes,Electronic check,74.7,74.7,Fiber optic,No,Yes,No,No,No,No,Female,0,No,No,No,1
4887,2018-02-01,,Month-to-month,No,Credit card (automatic),56.35,1381.2,DSL,Yes,No,No,Yes,No,No,Female,0,No,No,No,0
4888,2019-07-01,2019-12-01,Month-to-month,Yes,Electronic check,90.8,455.5,Fiber optic,No,Yes,No,No,Yes,No,Female,0,No,No,Yes,1
4889,2017-05-01,,Month-to-month,No,Electronic check,107.55,3645.5,Fiber optic,No,Yes,Yes,No,Yes,Yes,Female,0,No,No,Yes,0
4890,2015-04-01,,Two year,Yes,Mailed check,19.85,1158.85,Fiber optic,No,No,No,No,No,No,Female,0,Yes,Yes,No,0
4891,2014-02-01,,Two year,Yes,Bank transfer (automatic),95.9,6954.15,Fiber optic,Yes,Yes,No,No,Yes,No,Female,0,Yes,Yes,Yes,0
4892,2014-03-01,,Two year,No,Mailed check,23.85,1672.1,Fiber optic,No,No,No,No,No,No,Female,0,Yes,No,Yes,0
4893,2017-09-01,2020-01-01,Month-to-month,Yes,Electronic check,106.15,3152.5,Fiber optic,No,Yes,Yes,No,Yes,Yes,Female,1,No,No,Yes,1
4894,2015-11-01,,Two year,Yes,Credit card (automatic),83.85,4307.1,DSL,Yes,Yes,Yes,Yes,Yes,Yes,Male,0,Yes,No,No,0
4895,2017-05-01,2019-11-01,One year,No,Bank transfer (automatic),85.35,2530.4,DSL,Yes,Yes,Yes,Yes,Yes,Yes,Female,0,No,No,No,1
4896,2014-02-01,,Two year,Yes,Credit card (automatic),84.8,6141.65,Fiber optic,Yes,Yes,No,Yes,No,No,Male,1,Yes,No,No,0
4897,2016-11-01,2019-11-01,Month-to-month,Yes,Electronic check,90.85,3186.7,Fiber optic,Yes,No,No,No,Yes,No,Male,1,No,No,Yes,1
4898,2018-12-01,,Two year,No,Bank transfer (automatic),76.1,1054.8,DSL,Yes,Yes,Yes,Yes,No,Yes,Male,0,No,Yes,No,0
4899,2014-02-01,,Two year,No,Mailed check,74.55,5430.65,DSL,Yes,Yes,No,Yes,Yes,No,Female,0,Yes,Yes,Yes,0
4900,2018-04-01,,Month-to-month,No,Electronic check,39.2,849.9,DSL,No,Yes,No,No,Yes,No,Female,0,Yes,Yes,No,0
4901,2019-12-01,,Month-to-month,No,Electronic check,79.55,151.75,Fiber optic,No,Yes,No,No,No,No,Female,0,No,No,Yes,0
4902,2018-11-01,,Month-to-month,No,Mailed check,19.6,299.4,Fiber optic,No,No,No,No,No,No,Female,0,No,No,No,0
4903,2015-11-01,,Two year,No,Credit card (automatic),19.55,1086.75,Fiber optic,No,No,No,No,No,No,Male,0,Yes,Yes,No,0
4904,2014-04-01,,Two year,Yes,Credit card (automatic),39.15,2692.75,DSL,Yes,No,Yes,Yes,No,No,Male,0,Yes,No,No,0
4905,2014-03-01,,Two year,No,Bank transfer (automatic),20.1,1389.6,Fiber optic,No,No,No,No,No,No,Female,0,Yes,Yes,No,0
4906,2016-11-01,,Month-to-month,Yes,Credit card (automatic),99.95,3767.4,Fiber optic,No,No,No,Yes,Yes,Yes,Female,0,Yes,Yes,Yes,0
4907,2015-01-01,,Month-to-month,No,Electronic check,59.8,3641.5,DSL,Yes,Yes,No,No,No,No,Female,0,Yes,Yes,Yes,0
4908,2015-10-01,,Month-to-month,Yes,Bank transfer (automatic),49.75,2535.55,DSL,Yes,No,No,No,No,No,Female,0,No,No,No,0
4909,2019-10-01,2019-11-01,Month-to-month,Yes,Electronic check,35.75,35.75,DSL,No,No,No,No,Yes,No,Female,0,No,No,No,1
4910,2014-10-01,,One year,Yes,Mailed check,108.5,6880.85,Fiber optic,Yes,No,Yes,Yes,Yes,Yes,Male,0,Yes,No,Yes,0
4911,2014-12-01,,Two year,Yes,Credit card (automatic),60.15,3753.2,DSL,No,Yes,Yes,Yes,No,No,Male,0,Yes,No,No,0
4912,2017-08-01,,Two year,No,Mailed check,19.05,637.55,Fiber optic,No,No,No,No,No,No,Male,0,Yes,No,No,0
4913,2019-06-01,2019-10-01,Month-to-month,No,Electronic check,46.0,181.6,DSL,No,No,No,No,No,No,Female,1,Yes,Yes,No,1
4914,2014-11-01,,One year,Yes,Bank transfer (automatic),84.0,5329.55,DSL,Yes,Yes,Yes,Yes,Yes,Yes,Male,1,Yes,No,No,0
4915,2020-01-01,,Month-to-month,Yes,Credit card (automatic),44.55,44.55,DSL,No,No,No,No,No,No,Female,0,No,No,No,0
4916,2018-11-01,,Month-to-month,Yes,Electronic check,103.45,1539.8,Fiber optic,No,No,Yes,Yes,Yes,Yes,Male,0,Yes,No,Yes,0
4917,2017-11-01,,One year,Yes,Credit card (automatic),80.65,2209.75,Fiber optic,Yes,Yes,No,No,No,No,Male,0,Yes,Yes,No,0
4918,2019-10-01,,Month-to-month,Yes,Mailed check,57.2,223.75,DSL,Yes,Yes,Yes,No,Yes,Yes,Female,0,No,Yes,No,0
4919,2014-02-01,,Two year,Yes,Electronic check,110.75,7751.7,Fiber optic,Yes,Yes,Yes,No,Yes,Yes,Female,0,Yes,No,Yes,0
4920,2016-05-01,,One year,No,Credit card (automatic),24.7,1174.35,Fiber optic,No,No,No,No,No,No,Male,1,Yes,No,Yes,0
4921,2016-05-01,,Month-to-month,Yes,Electronic check,97.05,4385.05,Fiber optic,Yes,Yes,No,Yes,Yes,No,Female,1,No,No,Yes,0
4922,2017-02-01,,One year,Yes,Mailed check,76.35,2606.35,DSL,Yes,Yes,Yes,Yes,Yes,No,Female,0,No,No,No,0
4923,2018-08-01,2020-01-01,Month-to-month,Yes,Electronic check,89.4,1539.45,Fiber optic,Yes,No,Yes,No,Yes,No,Male,0,Yes,Yes,No,1
4924,2020-01-01,,Month-to-month,No,Mailed check,18.9,18.9,Fiber optic,No,No,No,No,No,No,Male,0,No,No,No,0
4925,2018-10-01,,Month-to-month,Yes,Bank transfer (automatic),74.45,1261.35,Fiber optic,No,No,No,No,No,No,Male,1,No,No,Yes,0
4926,2019-09-01,2019-12-01,Month-to-month,Yes,Mailed check,19.8,58.15,Fiber optic,No,No,No,No,No,No,Male,0,No,No,No,1
4927,2019-06-01,2019-10-01,Month-to-month,Yes,Electronic check,50.9,225.6,DSL,No,No,No,No,No,No,Male,0,Yes,Yes,Yes,1
4928,2014-03-01,,Two year,Yes,Credit card (automatic),84.4,5969.3,DSL,Yes,Yes,Yes,Yes,Yes,Yes,Female,0,Yes,No,No,0
4929,2019-04-01,,Month-to-month,Yes,Mailed check,24.4,253.9,Fiber optic,No,No,No,No,No,No,Male,0,Yes,Yes,Yes,0
4930,2018-06-01,,Two year,No,Mailed check,20.05,400.0,Fiber optic,No,No,No,No,No,No,Male,0,Yes,Yes,No,0
4931,2019-06-01,2019-10-01,Month-to-month,Yes,Electronic check,81.0,340.85,Fiber optic,No,No,No,No,Yes,No,Male,0,No,No,No,1
4932,2017-09-01,2019-11-01,Month-to-month,Yes,Electronic check,98.35,2515.3,Fiber optic,No,No,Yes,No,Yes,Yes,Male,0,No,No,Yes,1
4933,2019-10-01,,Month-to-month,No,Credit card (automatic),55.5,227.35,DSL,No,No,No,No,Yes,No,Female,0,No,No,No,0
4934,2019-08-01,2020-01-01,Month-to-month,Yes,Mailed check,51.0,305.95,DSL,No,Yes,No,No,Yes,Yes,Male,0,No,No,No,1
4935,2019-09-01,2020-01-01,Month-to-month,Yes,Electronic check,91.65,365.4,Fiber optic,No,Yes,No,No,Yes,No,Female,0,Yes,No,Yes,1
4936,2017-09-01,,Month-to-month,Yes,Electronic check,84.3,2357.75,Fiber optic,No,No,No,No,No,Yes,Male,1,Yes,No,Yes,0
4937,2019-12-01,,Month-to-month,No,Electronic check,100.2,198.5,Fiber optic,Yes,Yes,No,No,Yes,Yes,Male,0,No,No,No,0
4938,2017-09-01,,Two year,No,Mailed check,19.4,554.25,Fiber optic,No,No,No,No,No,No,Female,0,No,No,No,0
4939,2019-11-01,2019-12-01,Month-to-month,Yes,Electronic check,90.85,90.85,Fiber optic,No,No,No,No,Yes,Yes,Male,0,No,Yes,No,1
4940,2019-09-01,2019-10-01,Month-to-month,No,Mailed check,69.4,69.4,Fiber optic,No,No,No,No,No,No,Male,0,No,No,No,1
4941,2019-05-01,2020-01-01,Month-to-month,Yes,Credit card (automatic),94.45,742.95,Fiber optic,No,No,Yes,No,Yes,Yes,Female,1,No,No,No,1
4942,2019-01-01,,Month-to-month,Yes,Electronic check,20.4,251.65,Fiber optic,No,No,No,No,No,No,Male,0,No,No,No,0
4943,2015-03-01,,Month-to-month,Yes,Electronic check,94.75,5597.65,Fiber optic,Yes,Yes,No,No,Yes,No,Female,0,Yes,No,Yes,0
4944,2019-09-01,2019-10-01,Month-to-month,Yes,Credit card (automatic),20.15,20.15,Fiber optic,No,No,No,No,No,No,Female,0,Yes,Yes,No,1
4945,2015-11-01,2020-01-01,Month-to-month,Yes,Electronic check,95.7,4816.7,Fiber optic,No,No,No,No,Yes,Yes,Male,1,No,No,Yes,1
4946,2018-08-01,,Month-to-month,Yes,Bank transfer (automatic),44.35,768.05,DSL,No,No,No,No,No,No,Male,0,Yes,No,No,0
4947,2018-09-01,,Month-to-month,No,Mailed check,74.55,1215.8,DSL,Yes,Yes,No,No,Yes,Yes,Female,0,Yes,Yes,No,0
4948,2016-03-01,,Two year,No,Electronic check,73.6,3522.65,DSL,No,Yes,Yes,No,Yes,Yes,Male,0,Yes,No,No,0
4949,2017-11-01,2020-01-01,Month-to-month,Yes,Bank transfer (automatic),74.95,1834.95,Fiber optic,No,No,No,No,No,No,Female,0,No,No,Yes,1
4950,2019-06-01,2019-12-01,Month-to-month,Yes,Electronic check,47.95,305.1,DSL,No,No,Yes,No,Yes,Yes,Female,0,No,No,No,1
5237,2017-03-01,,One year,Yes,Electronic check,73.0,2471.25,DSL,No,No,Yes,Yes,Yes,Yes,Male,1,No,No,No,0
4951,2018-07-01,,Month-to-month,No,Credit card (automatic),50.1,910.45,DSL,No,No,No,No,No,No,Male,0,Yes,Yes,Yes,0
4952,2019-10-01,2020-01-01,Month-to-month,Yes,Electronic check,63.6,155.65,DSL,No,No,No,Yes,Yes,No,Female,0,No,No,Yes,1
4953,2014-06-01,,Two year,Yes,Electronic check,53.0,3656.25,DSL,No,Yes,Yes,No,Yes,Yes,Female,1,Yes,Yes,No,0
4954,2019-12-01,,Month-to-month,No,Bank transfer (automatic),19.85,52.0,Fiber optic,No,No,No,No,No,No,Female,0,Yes,No,No,0
4955,2019-07-01,,One year,Yes,Credit card (automatic),24.35,150.85,DSL,No,No,No,No,No,No,Male,0,No,No,No,0
4956,2018-08-01,,Month-to-month,Yes,Mailed check,19.55,389.25,Fiber optic,No,No,No,No,No,No,Female,0,No,No,No,0
4957,2014-03-01,,Two year,No,Credit card (automatic),25.05,1873.7,Fiber optic,No,No,No,No,No,No,Female,0,Yes,No,Yes,0
4958,2019-01-01,,Month-to-month,No,Credit card (automatic),93.8,1261.0,Fiber optic,Yes,Yes,No,No,No,Yes,Male,1,Yes,No,Yes,0
4959,2019-09-01,2019-12-01,Month-to-month,Yes,Mailed check,36.85,108.7,DSL,No,Yes,No,Yes,No,No,Male,0,No,No,No,1
4960,2014-02-01,,Two year,Yes,Bank transfer (automatic),103.75,7346.2,Fiber optic,No,Yes,Yes,No,Yes,Yes,Male,0,Yes,No,Yes,0
4961,2014-08-01,,Two year,Yes,Credit card (automatic),56.75,3708.4,DSL,No,Yes,Yes,No,Yes,Yes,Male,0,Yes,Yes,No,0
4962,2018-02-01,,One year,Yes,Credit card (automatic),20.8,469.65,Fiber optic,No,No,No,No,No,No,Male,0,Yes,Yes,No,0
4963,2019-11-01,2019-12-01,Month-to-month,Yes,Electronic check,44.1,44.1,DSL,No,No,No,No,No,No,Female,0,No,No,No,1
4964,2015-06-01,,Two year,Yes,Mailed check,24.45,1385.85,Fiber optic,No,No,No,No,No,No,Female,0,Yes,Yes,Yes,0
4965,2018-04-01,,One year,No,Bank transfer (automatic),25.6,548.8,Fiber optic,No,No,No,No,No,No,Female,1,Yes,No,Yes,0
4966,2018-10-01,2019-12-01,Month-to-month,Yes,Electronic check,50.75,712.75,DSL,No,No,Yes,No,Yes,Yes,Male,0,No,No,No,1
4967,2014-11-01,2019-12-01,One year,Yes,Credit card (automatic),104.4,6405.0,Fiber optic,No,Yes,Yes,No,Yes,Yes,Female,1,Yes,No,Yes,1
4968,2016-08-01,2019-12-01,Month-to-month,Yes,Electronic check,39.3,1637.4,DSL,No,Yes,No,No,Yes,No,Female,1,Yes,No,No,1
4969,2016-08-01,,Month-to-month,No,Bank transfer (automatic),59.65,2536.55,DSL,Yes,Yes,Yes,No,No,No,Female,0,No,No,No,0
4970,2014-02-01,,Two year,Yes,Bank transfer (automatic),83.3,6042.7,DSL,Yes,No,Yes,Yes,Yes,Yes,Female,0,Yes,Yes,Yes,0
4971,2019-02-01,,Month-to-month,Yes,Credit card (automatic),79.55,958.25,Fiber optic,No,No,No,Yes,No,No,Female,0,No,No,Yes,0
4972,2014-03-01,,Two year,No,Bank transfer (automatic),24.45,1730.65,Fiber optic,No,No,No,No,No,No,Male,0,Yes,No,Yes,0
4973,2017-12-01,,One year,No,Mailed check,19.2,459.6,Fiber optic,No,No,No,No,No,No,Female,0,Yes,No,No,0
4974,2019-07-01,,Month-to-month,No,Mailed check,29.8,201.95,DSL,Yes,No,No,No,No,No,Female,0,No,Yes,No,0
4975,2019-08-01,,Month-to-month,No,Mailed check,45.5,285.2,DSL,No,No,No,No,No,No,Female,0,Yes,Yes,No,0
4976,2015-01-01,2019-11-01,One year,Yes,Electronic check,106.45,6145.85,Fiber optic,Yes,Yes,Yes,No,Yes,Yes,Female,0,No,No,No,1
4977,2015-11-01,,Month-to-month,Yes,Credit card (automatic),30.05,1529.45,DSL,No,Yes,No,No,No,No,Male,0,Yes,No,No,0
4978,2014-02-01,,Two year,Yes,Bank transfer (automatic),65.65,4664.5,DSL,Yes,Yes,Yes,Yes,Yes,Yes,Male,0,Yes,Yes,No,0
4979,2018-04-01,2019-10-01,Month-to-month,Yes,Electronic check,96.05,1740.7,Fiber optic,Yes,No,No,No,Yes,Yes,Female,0,No,No,No,1
4980,2019-05-01,2019-12-01,Month-to-month,Yes,Bank transfer (automatic),75.1,552.95,Fiber optic,No,No,No,No,No,No,Female,0,No,No,Yes,1
4981,2016-03-01,,Two year,No,Mailed check,74.05,3496.3,DSL,Yes,Yes,No,Yes,No,Yes,Female,0,No,No,Yes,0
4982,2019-11-01,2020-01-01,Month-to-month,Yes,Electronic check,44.7,93.7,DSL,No,No,No,No,No,No,Male,1,No,No,No,1
4983,2014-12-01,,One year,Yes,Bank transfer (automatic),110.75,7053.35,Fiber optic,No,Yes,Yes,Yes,Yes,Yes,Male,1,No,No,Yes,0
4984,2018-10-01,,Two year,No,Mailed check,19.7,301.55,Fiber optic,No,No,No,No,No,No,Female,0,Yes,Yes,No,0
4985,2019-08-01,,Month-to-month,Yes,Credit card (automatic),49.5,312.7,DSL,No,No,No,Yes,No,No,Male,0,No,No,No,0
4986,2018-05-01,2019-12-01,Month-to-month,Yes,Credit card (automatic),55.0,1046.5,DSL,No,No,Yes,Yes,No,No,Male,0,No,No,No,1
4987,2014-05-01,,Two year,Yes,Credit card (automatic),43.95,2960.1,DSL,Yes,No,Yes,No,No,Yes,Female,0,Yes,Yes,No,0
4988,2018-11-01,2019-10-01,Month-to-month,Yes,Electronic check,74.35,834.2,Fiber optic,No,No,No,No,No,No,Male,0,Yes,Yes,Yes,1
4989,2014-10-01,,Month-to-month,Yes,Electronic check,111.15,6953.4,Fiber optic,No,Yes,Yes,Yes,Yes,Yes,Female,0,Yes,No,Yes,0
4990,2016-10-01,2020-01-01,One year,Yes,Credit card (automatic),104.7,4134.85,Fiber optic,Yes,No,Yes,Yes,Yes,Yes,Female,0,Yes,No,No,1
4991,2018-07-01,2019-10-01,Month-to-month,Yes,Mailed check,55.7,899.8,DSL,Yes,No,No,No,No,No,Female,0,No,No,Yes,1
4992,2018-01-01,,Month-to-month,No,Mailed check,20.6,541.5,Fiber optic,No,No,No,No,No,No,Male,0,No,No,No,0
4993,2019-08-01,,Two year,No,Credit card (automatic),19.65,116.85,Fiber optic,No,No,No,No,No,No,Female,0,No,No,No,0
4994,2014-08-01,,One year,No,Bank transfer (automatic),115.8,7942.15,Fiber optic,Yes,Yes,Yes,Yes,Yes,Yes,Male,0,Yes,No,Yes,0
4995,2015-01-01,,Two year,No,Credit card (automatic),88.65,5321.25,DSL,No,Yes,Yes,Yes,Yes,Yes,Female,0,No,No,Yes,0
4996,2016-07-01,,Month-to-month,Yes,Electronic check,94.5,4156.8,Fiber optic,Yes,Yes,No,No,Yes,No,Female,1,Yes,No,Yes,0
4997,2019-02-01,,Month-to-month,No,Mailed check,20.1,223.6,Fiber optic,No,No,No,No,No,No,Female,0,No,No,No,0
4998,2018-03-01,,Month-to-month,Yes,Bank transfer (automatic),34.65,768.45,DSL,No,No,No,No,No,Yes,Male,1,No,No,No,0
4999,2014-03-01,,Month-to-month,Yes,Bank transfer (automatic),52.3,3765.05,DSL,No,Yes,Yes,No,Yes,Yes,Male,1,Yes,No,No,0
5000,2017-04-01,,Month-to-month,No,Mailed check,65.0,2157.5,DSL,No,No,No,Yes,Yes,No,Female,0,No,No,Yes,0
5010,2019-08-01,,Month-to-month,Yes,Electronic check,69.8,377.85,Fiber optic,No,No,No,No,No,No,Male,0,Yes,Yes,No,0
5011,2018-03-01,,One year,Yes,Credit card (automatic),20.0,445.3,Fiber optic,No,No,No,No,No,No,Male,0,Yes,Yes,No,0
5012,2019-01-01,2019-11-01,Month-to-month,No,Electronic check,85.55,851.75,Fiber optic,No,No,No,No,No,Yes,Male,1,Yes,No,Yes,1
5013,2014-02-01,,Two year,Yes,Electronic check,109.9,7624.2,Fiber optic,Yes,Yes,Yes,Yes,Yes,Yes,Female,0,No,No,No,0
5014,2019-07-01,,Month-to-month,Yes,Bank transfer (automatic),50.3,355.1,DSL,Yes,No,No,No,No,No,Female,0,Yes,No,No,0
5015,2019-05-01,2019-11-01,Month-to-month,No,Mailed check,94.5,575.45,Fiber optic,No,No,Yes,No,Yes,Yes,Male,0,No,Yes,No,1
5016,2019-05-01,,Month-to-month,Yes,Electronic check,101.5,906.85,Fiber optic,No,Yes,No,Yes,Yes,Yes,Male,0,Yes,Yes,No,0
5017,2019-02-01,,Month-to-month,Yes,Electronic check,89.15,1057.55,Fiber optic,No,Yes,No,No,No,Yes,Female,0,No,No,Yes,0
5018,2020-01-01,,Month-to-month,Yes,Mailed check,19.4,19.4,Fiber optic,No,No,No,No,No,No,Female,0,No,No,No,0
5019,2016-02-01,,One year,No,Bank transfer (automatic),29.9,1388.75,DSL,No,Yes,No,No,No,No,Female,1,Yes,Yes,No,0
5020,2018-06-01,,Month-to-month,No,Electronic check,78.8,1641.3,Fiber optic,No,No,No,No,Yes,No,Male,0,No,No,No,0
5021,2018-09-01,2020-01-01,Month-to-month,Yes,Credit card (automatic),85.35,1375.15,Fiber optic,No,No,No,No,No,Yes,Female,1,Yes,No,Yes,1
5022,2019-09-01,2019-11-01,Month-to-month,Yes,Mailed check,79.65,152.7,Fiber optic,No,No,No,No,Yes,No,Female,0,No,No,No,1
5023,2019-04-01,,One year,Yes,Mailed check,19.3,185.2,Fiber optic,No,No,No,No,No,No,Female,0,No,No,No,0
5024,2019-08-01,2019-10-01,Month-to-month,Yes,Electronic check,79.6,195.05,Fiber optic,No,No,No,No,No,Yes,Female,1,No,No,No,1
5025,2018-06-01,,Month-to-month,No,Mailed check,96.8,1826.7,Fiber optic,No,Yes,No,Yes,Yes,No,Male,0,Yes,Yes,Yes,0
5026,2018-06-01,,One year,No,Mailed check,20.65,417.5,Fiber optic,No,No,No,No,No,No,Male,0,Yes,No,No,0
5027,2018-07-01,,One year,No,Mailed check,19.8,344.5,Fiber optic,No,No,No,No,No,No,Male,0,Yes,Yes,No,0
5028,2018-03-01,2019-10-01,Month-to-month,Yes,Electronic check,90.6,1660.0,Fiber optic,Yes,No,No,No,Yes,No,Male,1,No,No,Yes,1
5029,2018-04-01,,Month-to-month,Yes,Electronic check,104.6,2180.55,Fiber optic,Yes,Yes,No,Yes,Yes,Yes,Male,0,Yes,No,No,0
5030,2017-03-01,,Month-to-month,No,Credit card (automatic),80.05,2835.9,Fiber optic,No,No,No,Yes,No,No,Female,0,No,No,Yes,0
5031,2020-01-01,,Month-to-month,No,Mailed check,45.15,45.15,DSL,No,No,No,No,No,No,Female,0,No,No,No,0
5032,2016-11-01,,Month-to-month,Yes,Credit card (automatic),73.15,2730.85,Fiber optic,No,No,No,No,No,No,Male,0,No,No,Yes,0
5033,2015-08-01,,One year,Yes,Electronic check,99.1,5437.1,Fiber optic,No,No,Yes,Yes,Yes,Yes,Female,1,Yes,No,No,0
5034,2019-09-01,2019-10-01,Month-to-month,Yes,Bank transfer (automatic),20.2,20.2,Fiber optic,No,No,No,No,No,No,Female,0,No,No,No,1
5035,2014-06-01,2019-12-01,Two year,Yes,Credit card (automatic),106.05,6981.35,Fiber optic,Yes,No,Yes,No,Yes,Yes,Male,0,Yes,No,Yes,1
5036,2015-06-01,,Month-to-month,Yes,Mailed check,105.35,5794.45,Fiber optic,Yes,No,No,Yes,Yes,Yes,Male,0,No,No,Yes,0
5037,2018-08-01,,Month-to-month,Yes,Credit card (automatic),45.65,747.2,DSL,No,No,No,No,No,No,Male,0,No,Yes,No,0
5038,2018-10-01,,Month-to-month,Yes,Credit card (automatic),79.95,1267.95,Fiber optic,No,Yes,No,No,No,No,Female,0,Yes,Yes,Yes,0
5039,2014-06-01,,One year,Yes,Credit card (automatic),54.45,3674.95,DSL,Yes,No,Yes,No,No,No,Female,0,No,No,No,0
5040,2015-09-01,,Two year,No,Credit card (automatic),25.1,1275.6,Fiber optic,No,No,No,No,No,No,Female,1,Yes,No,Yes,0
5041,2014-02-01,,Two year,No,Credit card (automatic),84.7,5893.9,DSL,Yes,No,Yes,Yes,Yes,Yes,Female,0,Yes,Yes,Yes,0
5042,2019-05-01,,Month-to-month,Yes,Electronic check,75.85,724.65,Fiber optic,No,No,No,No,No,No,Male,0,No,No,Yes,0
5043,2017-08-01,,Month-to-month,Yes,Mailed check,48.8,1536.75,DSL,Yes,No,No,No,No,No,Female,0,No,No,No,0
5044,2016-12-01,2019-12-01,Month-to-month,Yes,Electronic check,99.15,3615.6,Fiber optic,No,Yes,No,No,Yes,Yes,Female,0,No,No,Yes,1
5045,2018-08-01,,Month-to-month,Yes,Electronic check,35.2,607.3,DSL,No,No,Yes,Yes,No,No,Female,0,No,No,No,0
5046,2015-07-01,,One year,No,Electronic check,76.25,4154.55,DSL,Yes,No,Yes,Yes,Yes,No,Female,1,Yes,Yes,Yes,0
5047,2016-09-01,2019-12-01,Month-to-month,No,Electronic check,55.9,2184.35,DSL,Yes,No,Yes,No,Yes,Yes,Female,0,Yes,No,No,1
5048,2018-04-01,2020-01-01,Month-to-month,Yes,Electronic check,82.35,1852.85,Fiber optic,No,Yes,No,No,No,No,Male,0,No,No,Yes,1
5049,2019-09-01,2019-11-01,Month-to-month,Yes,Credit card (automatic),40.4,77.15,DSL,No,Yes,Yes,Yes,No,No,Male,0,No,No,No,1
5050,2017-05-01,,One year,Yes,Bank transfer (automatic),24.9,847.8,Fiber optic,No,No,No,No,No,No,Male,1,No,No,Yes,0
5051,2016-06-01,,Two year,No,Bank transfer (automatic),54.3,2390.45,DSL,No,Yes,Yes,No,Yes,Yes,Male,0,Yes,No,No,0
5052,2017-08-01,,Month-to-month,No,Bank transfer (automatic),66.3,1923.5,DSL,Yes,No,No,Yes,No,Yes,Female,0,Yes,Yes,No,0
5053,2014-03-01,,Two year,Yes,Bank transfer (automatic),20.9,1493.2,Fiber optic,No,No,No,No,No,No,Female,0,Yes,No,No,0
5054,2019-09-01,2020-01-01,Month-to-month,No,Electronic check,75.35,338.1,Fiber optic,No,No,No,No,No,No,Female,0,No,No,Yes,1
5055,2017-01-01,2019-12-01,One year,Yes,Electronic check,85.15,3030.6,Fiber optic,No,No,Yes,No,Yes,No,Male,0,No,Yes,No,1
5056,2020-01-01,,Month-to-month,No,Credit card (automatic),75.35,75.35,Fiber optic,No,No,Yes,No,No,No,Male,0,Yes,No,No,0
5057,2018-03-01,,Month-to-month,Yes,Electronic check,104.45,2184.85,Fiber optic,No,Yes,Yes,No,Yes,Yes,Male,1,Yes,No,Yes,0
5058,2018-04-01,,One year,Yes,Credit card (automatic),49.45,1031.4,DSL,No,No,Yes,No,Yes,Yes,Female,0,No,Yes,No,0
5059,2016-01-01,,One year,No,Credit card (automatic),19.45,921.3,Fiber optic,No,No,No,No,No,No,Female,0,No,Yes,No,0
5060,2016-08-01,,Month-to-month,Yes,Electronic check,92.15,3875.4,Fiber optic,No,No,Yes,No,Yes,Yes,Female,0,Yes,Yes,No,0
5061,2017-01-01,2019-10-01,One year,Yes,Electronic check,93.8,3124.5,Fiber optic,No,No,Yes,No,Yes,Yes,Female,0,Yes,Yes,No,1
5062,2019-07-01,,Two year,No,Mailed check,19.85,144.15,Fiber optic,No,No,No,No,No,No,Female,0,Yes,Yes,No,0
5063,2014-07-01,,One year,Yes,Bank transfer (automatic),100.25,6689.0,Fiber optic,Yes,No,Yes,Yes,No,Yes,Female,0,Yes,Yes,Yes,0
5064,2018-11-01,,Month-to-month,No,Electronic check,95.7,1451.1,Fiber optic,No,Yes,No,Yes,No,Yes,Male,0,No,No,Yes,0
5065,2014-07-01,,Two year,Yes,Electronic check,93.15,6368.2,Fiber optic,No,Yes,Yes,No,No,Yes,Male,0,Yes,No,Yes,0
5066,2015-09-01,,Two year,Yes,Mailed check,69.7,3729.6,DSL,Yes,Yes,No,Yes,Yes,No,Male,0,Yes,Yes,No,0
5067,2018-05-01,,One year,No,Mailed check,19.8,350.1,Fiber optic,No,No,No,No,No,No,Male,0,Yes,Yes,No,0
5068,2016-10-01,,Month-to-month,Yes,Mailed check,71.35,2847.2,DSL,Yes,Yes,No,Yes,No,Yes,Female,0,Yes,Yes,No,0
5069,2018-04-01,,One year,No,Bank transfer (automatic),20.75,452.35,Fiber optic,No,No,No,No,No,No,Female,0,Yes,Yes,No,0
5070,2016-11-01,,Month-to-month,Yes,Electronic check,40.6,1494.5,DSL,No,No,No,Yes,No,Yes,Male,0,No,No,No,0
5071,2016-04-01,2020-01-01,One year,Yes,Electronic check,20.4,930.45,Fiber optic,No,No,No,No,No,No,Male,0,No,No,No,1
5072,2019-12-01,,Month-to-month,No,Mailed check,20.35,41.85,Fiber optic,No,No,No,No,No,No,Female,0,Yes,No,No,0
5073,2015-05-01,,Two year,No,Bank transfer (automatic),19.75,1272.05,Fiber optic,No,No,No,No,No,No,Female,0,Yes,Yes,No,0
5074,2019-06-01,,Month-to-month,Yes,Electronic check,54.4,475.1,DSL,No,No,No,No,Yes,No,Male,0,Yes,Yes,No,0
5075,2019-03-01,2019-10-01,Month-to-month,Yes,Credit card (automatic),94.7,673.1,Fiber optic,Yes,Yes,No,No,No,Yes,Male,1,Yes,No,Yes,1
5076,2019-05-01,2019-11-01,Month-to-month,Yes,Credit card (automatic),30.5,208.7,DSL,No,Yes,No,No,No,No,Male,0,No,No,No,1
5077,2019-07-01,,Month-to-month,No,Mailed check,20.45,150.75,Fiber optic,No,No,No,No,No,No,Female,0,Yes,Yes,No,0
5078,2016-01-01,,Two year,Yes,Bank transfer (automatic),66.15,3199.0,DSL,No,No,No,Yes,Yes,No,Male,0,No,No,Yes,0
5079,2014-09-01,,One year,Yes,Electronic check,89.85,5844.65,Fiber optic,Yes,Yes,No,Yes,No,No,Female,0,No,No,Yes,0
5080,2015-07-01,,One year,No,Bank transfer (automatic),45.05,2462.6,DSL,No,No,No,No,No,No,Female,0,No,No,No,0
5081,2014-03-01,,Two year,No,Bank transfer (automatic),86.85,6263.8,DSL,Yes,Yes,Yes,Yes,Yes,Yes,Male,0,Yes,Yes,Yes,0
5082,2017-03-01,,Month-to-month,Yes,Mailed check,96.75,3403.4,Fiber optic,Yes,Yes,Yes,Yes,No,No,Male,0,No,No,Yes,0
5083,2019-10-01,2020-01-01,Month-to-month,Yes,Electronic check,77.0,237.75,Fiber optic,No,No,No,No,No,No,Male,1,No,No,Yes,1
5084,2019-02-01,2020-01-01,Month-to-month,No,Credit card (automatic),20.1,221.35,Fiber optic,No,No,No,No,No,No,Female,0,No,Yes,No,1
5085,2019-09-01,2019-10-01,Month-to-month,No,Electronic check,75.3,75.3,Fiber optic,No,No,Yes,No,No,No,Female,0,No,No,No,1
5086,2018-09-01,,Month-to-month,Yes,Bank transfer (automatic),106.65,1672.1,Fiber optic,Yes,Yes,Yes,Yes,Yes,No,Male,0,No,No,Yes,0
5087,2014-02-01,,Two year,Yes,Credit card (automatic),110.15,7881.2,Fiber optic,Yes,No,Yes,Yes,Yes,Yes,Female,0,Yes,No,Yes,0
5088,2017-10-01,,One year,Yes,Bank transfer (automatic),82.85,2320.8,Fiber optic,Yes,No,No,No,No,Yes,Female,0,Yes,Yes,No,0
5089,2018-08-01,,Two year,No,Mailed check,20.1,370.5,Fiber optic,No,No,No,No,No,No,Female,0,Yes,No,No,0
5090,2016-06-01,2019-10-01,One year,Yes,Credit card (automatic),99.2,4062.2,Fiber optic,No,Yes,No,Yes,Yes,Yes,Female,1,Yes,No,No,1
5091,2015-10-01,,Month-to-month,Yes,Electronic check,59.45,3043.7,DSL,No,No,Yes,No,No,Yes,Female,0,No,No,No,0
5092,2016-03-01,,Month-to-month,Yes,Bank transfer (automatic),58.6,2723.4,DSL,No,Yes,No,No,Yes,No,Female,0,Yes,No,No,0
5093,2018-03-01,,Month-to-month,No,Credit card (automatic),49.7,1081.25,DSL,No,No,Yes,No,No,No,Female,0,No,No,No,0
5094,2014-08-01,,Two year,No,Mailed check,65.85,4097.05,DSL,Yes,Yes,Yes,Yes,No,No,Male,0,Yes,Yes,No,0
5095,2019-06-01,,Month-to-month,Yes,Electronic check,73.5,632.2,Fiber optic,No,No,No,No,No,No,Female,0,No,No,Yes,0
5096,2016-01-01,2019-12-01,Month-to-month,No,Mailed check,85.5,4042.3,Fiber optic,Yes,No,No,No,No,Yes,Male,1,No,No,No,1
5097,2019-06-01,2020-01-01,Month-to-month,No,Mailed check,20.05,164.85,Fiber optic,No,No,No,No,No,No,Female,0,No,No,No,1
5098,2014-03-01,,Two year,No,Credit card (automatic),113.65,8166.8,Fiber optic,Yes,Yes,Yes,Yes,Yes,Yes,Female,0,Yes,Yes,Yes,0
5099,2015-12-01,,Month-to-month,Yes,Electronic check,83.4,4113.7,Fiber optic,Yes,Yes,No,No,No,No,Female,1,No,No,Yes,0
5100,2016-04-01,,Two year,No,Mailed check,65.65,3047.15,DSL,Yes,Yes,Yes,Yes,No,No,Male,0,Yes,No,No,0
5101,2019-12-01,2020-01-01,Month-to-month,No,Electronic check,70.4,70.4,Fiber optic,No,No,No,No,No,No,Male,0,No,No,No,1
5102,2014-08-01,,Two year,Yes,Bank transfer (automatic),61.35,4193.4,DSL,Yes,No,Yes,Yes,Yes,Yes,Female,0,No,No,No,0
5103,2016-08-01,,Month-to-month,Yes,Credit card (automatic),85.9,3729.75,Fiber optic,No,No,Yes,Yes,No,No,Female,0,Yes,No,Yes,0
5104,2019-09-01,,Month-to-month,Yes,Mailed check,75.65,399.45,Fiber optic,No,No,No,Yes,No,No,Female,0,No,No,No,0
5105,2019-05-01,2019-12-01,One year,Yes,Electronic check,49.75,331.3,DSL,Yes,No,No,No,No,No,Male,0,Yes,Yes,No,1
5106,2017-09-01,,One year,No,Credit card (automatic),70.9,1964.6,DSL,No,Yes,Yes,No,No,Yes,Male,0,No,No,Yes,0
5107,2017-11-01,,Month-to-month,No,Mailed check,49.85,1336.15,DSL,No,Yes,No,No,No,No,Female,0,Yes,Yes,No,0
5108,2018-09-01,2019-12-01,Month-to-month,Yes,Credit card (automatic),75.3,1147.45,Fiber optic,No,Yes,No,No,No,No,Female,1,No,No,No,1
5109,2018-01-01,,Two year,No,Mailed check,20.1,486.05,Fiber optic,No,No,No,No,No,No,Female,0,Yes,Yes,No,0
5110,2018-11-01,2019-10-01,Month-to-month,Yes,Electronic check,94.0,1078.9,Fiber optic,No,No,No,No,Yes,Yes,Female,0,Yes,No,Yes,1
5111,2015-05-01,,Month-to-month,Yes,Electronic check,103.05,5925.75,Fiber optic,Yes,Yes,Yes,Yes,Yes,No,Male,0,Yes,No,Yes,0
5112,2014-03-01,2019-10-01,One year,Yes,Bank transfer (automatic),118.35,7804.15,Fiber optic,Yes,Yes,Yes,Yes,Yes,Yes,Male,0,No,No,Yes,1
5113,2016-03-01,,Month-to-month,No,Electronic check,99.7,4747.2,Fiber optic,No,No,Yes,No,Yes,Yes,Female,1,Yes,No,Yes,0
5114,2019-01-01,,Month-to-month,Yes,Mailed check,81.9,1028.9,Fiber optic,No,No,No,No,Yes,No,Female,0,No,No,No,0
5115,2019-04-01,2019-12-01,Month-to-month,Yes,Electronic check,30.45,226.45,DSL,Yes,No,No,No,No,No,Male,0,No,No,No,1
5116,2016-02-01,2019-10-01,Month-to-month,Yes,Electronic check,96.1,4364.1,Fiber optic,No,No,No,No,Yes,Yes,Female,0,Yes,No,Yes,1
5117,2014-03-01,,One year,Yes,Electronic check,66.2,4692.55,DSL,Yes,No,No,No,Yes,No,Male,0,Yes,Yes,Yes,0
5118,2017-12-01,2019-12-01,Month-to-month,Yes,Electronic check,104.25,2433.9,Fiber optic,No,Yes,Yes,No,Yes,Yes,Male,1,Yes,No,Yes,1
5119,2018-08-01,2019-11-01,Month-to-month,Yes,Electronic check,80.2,1217.25,Fiber optic,No,Yes,No,No,No,No,Male,1,No,No,Yes,1
5120,2020-01-01,,Month-to-month,No,Electronic check,19.75,19.75,Fiber optic,No,No,No,No,No,No,Female,0,No,No,No,0
5121,2019-12-01,,Month-to-month,Yes,Mailed check,72.6,154.3,Fiber optic,No,No,No,No,No,No,Male,1,No,No,Yes,0
5122,2015-07-01,,Month-to-month,Yes,Electronic check,116.5,6382.55,Fiber optic,Yes,Yes,Yes,Yes,Yes,Yes,Male,1,No,No,Yes,0
5123,2014-03-01,,Two year,Yes,Electronic check,106.8,7623.2,Fiber optic,No,Yes,No,Yes,Yes,Yes,Male,1,No,No,Yes,0
5124,2015-12-01,,Two year,No,Mailed check,24.95,1261.45,Fiber optic,No,No,No,No,No,No,Male,0,Yes,Yes,Yes,0
5125,2020-01-01,,Month-to-month,Yes,Electronic check,89.25,89.25,Fiber optic,No,No,No,No,Yes,Yes,Male,0,No,No,No,0
5126,2019-09-01,,Month-to-month,Yes,Mailed check,19.25,86.05,Fiber optic,No,No,No,No,No,No,Male,0,No,No,No,0
5127,2014-08-01,,One year,Yes,Bank transfer (automatic),104.55,6779.05,Fiber optic,Yes,Yes,Yes,Yes,Yes,No,Female,0,No,No,Yes,0
5128,2016-01-01,,One year,Yes,Mailed check,87.2,4345.0,DSL,Yes,Yes,Yes,Yes,Yes,Yes,Female,0,Yes,Yes,No,0
5129,2019-11-01,,Month-to-month,Yes,Electronic check,30.75,82.85,DSL,No,Yes,No,No,No,No,Female,1,Yes,No,No,0
5130,2014-08-01,,One year,Yes,Credit card (automatic),25.7,1714.55,Fiber optic,No,No,No,No,No,No,Male,0,Yes,Yes,Yes,0
5131,2019-03-01,,Month-to-month,No,Electronic check,86.2,893.2,Fiber optic,No,No,No,No,No,Yes,Male,0,No,Yes,Yes,0
5132,2017-10-01,,Month-to-month,Yes,Credit card (automatic),30.1,810.85,DSL,No,No,No,Yes,No,No,Male,0,No,No,No,0
5133,2014-09-01,,Two year,Yes,Electronic check,99.35,6347.55,Fiber optic,Yes,Yes,Yes,No,Yes,No,Male,0,Yes,No,Yes,0
5134,2014-12-01,,Two year,Yes,Credit card (automatic),19.2,1123.65,Fiber optic,No,No,No,No,No,No,Female,0,No,No,No,0
5135,2019-12-01,,Month-to-month,No,Bank transfer (automatic),20.1,43.15,Fiber optic,No,No,No,No,No,No,Female,0,Yes,No,No,0
5136,2019-12-01,,Month-to-month,No,Credit card (automatic),20.35,35.1,Fiber optic,No,No,No,No,No,No,Female,0,No,No,No,0
5137,2015-07-01,,Two year,Yes,Credit card (automatic),25.65,1388.0,Fiber optic,No,No,No,No,No,No,Female,0,Yes,Yes,Yes,0
5138,2016-09-01,,Month-to-month,Yes,Electronic check,94.55,3851.45,Fiber optic,No,Yes,No,No,Yes,Yes,Male,1,Yes,No,No,0
5139,2018-06-01,2019-11-01,Month-to-month,Yes,Electronic check,104.2,1743.5,Fiber optic,Yes,No,Yes,No,Yes,Yes,Female,0,Yes,Yes,Yes,1
5140,2017-08-01,,One year,Yes,Bank transfer (automatic),94.4,2638.1,Fiber optic,No,No,No,Yes,Yes,Yes,Female,0,No,No,No,0
5141,2018-09-01,,One year,No,Mailed check,56.1,946.95,DSL,Yes,Yes,No,No,No,No,Male,0,No,No,No,0
5142,2018-10-01,,Two year,No,Bank transfer (automatic),68.25,1114.85,DSL,Yes,Yes,No,Yes,No,Yes,Female,0,Yes,Yes,No,0
5143,2014-02-01,,Two year,No,Bank transfer (automatic),24.75,1777.6,Fiber optic,No,No,No,No,No,No,Male,0,No,No,Yes,0
5144,2019-05-01,,Month-to-month,Yes,Electronic check,76.25,684.85,Fiber optic,No,No,No,No,No,No,Male,0,No,No,Yes,0
5145,2020-01-01,,Month-to-month,No,Electronic check,74.35,74.35,Fiber optic,No,Yes,No,No,No,No,Female,0,No,No,No,0
5146,2018-03-01,,Month-to-month,No,Electronic check,54.15,1312.45,DSL,No,Yes,No,Yes,No,No,Male,0,No,Yes,No,0
5147,2019-06-01,,Month-to-month,No,Bank transfer (automatic),19.45,159.2,Fiber optic,No,No,No,No,No,No,Male,0,No,Yes,No,0
5148,2018-07-01,,Month-to-month,Yes,Mailed check,34.95,610.2,DSL,Yes,Yes,No,No,No,No,Male,0,Yes,Yes,No,0
5149,2019-07-01,,Month-to-month,Yes,Electronic check,53.65,404.35,DSL,Yes,No,No,No,No,No,Female,0,No,No,Yes,0
5150,2019-09-01,2019-10-01,Month-to-month,Yes,Electronic check,69.65,69.65,Fiber optic,No,No,No,No,No,No,Male,1,No,No,No,1
5151,2015-01-01,,One year,No,Electronic check,104.0,6363.45,Fiber optic,Yes,No,Yes,No,Yes,Yes,Male,0,No,No,Yes,0
5152,2015-05-01,,Two year,Yes,Credit card (automatic),70.35,4124.65,DSL,Yes,Yes,No,Yes,Yes,No,Female,0,Yes,No,No,0
5153,2019-01-01,2019-10-01,Month-to-month,Yes,Electronic check,80.8,713.1,Fiber optic,No,No,No,No,No,Yes,Male,0,No,No,No,1
5154,2018-11-01,,One year,No,Mailed check,64.85,950.75,DSL,Yes,No,Yes,No,No,Yes,Male,0,No,Yes,No,0
5155,2019-02-01,,Month-to-month,No,Bank transfer (automatic),45.9,505.95,DSL,No,No,No,No,No,No,Female,0,Yes,No,No,0
5156,2015-08-01,,Two year,No,Mailed check,20.0,1149.65,Fiber optic,No,No,No,No,No,No,Male,0,No,No,No,0
5157,2019-10-01,,Month-to-month,No,Electronic check,44.8,169.65,DSL,No,No,No,No,No,No,Male,0,Yes,Yes,No,0
5158,2019-04-01,2019-11-01,Month-to-month,Yes,Mailed check,80.3,526.7,Fiber optic,No,No,No,No,Yes,No,Female,0,No,No,No,1
5159,2018-06-01,,One year,No,Mailed check,20.35,393.15,Fiber optic,No,No,No,No,No,No,Female,0,Yes,No,No,0
5160,2017-12-01,,Month-to-month,No,Mailed check,45.8,1147.0,DSL,Yes,No,No,Yes,No,Yes,Female,0,No,Yes,No,0
5161,2016-10-01,2019-10-01,Month-to-month,Yes,Electronic check,84.1,3021.6,Fiber optic,No,No,No,No,No,Yes,Male,1,Yes,No,Yes,1
5162,2015-09-01,,One year,Yes,Bank transfer (automatic),108.95,5718.2,Fiber optic,No,Yes,Yes,Yes,Yes,Yes,Female,0,Yes,No,Yes,0
5163,2019-09-01,2019-12-01,Month-to-month,Yes,Electronic check,69.35,191.35,DSL,No,No,No,Yes,Yes,Yes,Male,0,No,No,No,1
5164,2014-06-01,,Two year,No,Credit card (automatic),64.35,4539.6,DSL,Yes,Yes,Yes,Yes,Yes,Yes,Female,0,No,No,No,0
5165,2014-02-01,,Two year,Yes,Credit card (automatic),90.8,6397.6,DSL,Yes,Yes,Yes,Yes,Yes,Yes,Male,0,Yes,Yes,Yes,0
5166,2019-02-01,,One year,No,Credit card (automatic),24.95,280.4,Fiber optic,No,No,No,No,No,No,Male,0,No,No,Yes,0
5167,2017-02-01,2019-12-01,Month-to-month,Yes,Mailed check,79.6,2718.3,Fiber optic,No,Yes,No,No,No,No,Female,1,Yes,Yes,Yes,1
5168,2014-06-01,,Two year,Yes,Bank transfer (automatic),84.7,5711.05,Fiber optic,Yes,Yes,No,No,No,No,Female,0,Yes,No,Yes,0
5169,2015-12-01,,One year,Yes,Credit card (automatic),70.8,3478.15,DSL,Yes,No,Yes,Yes,Yes,No,Female,0,No,Yes,No,0
5170,2019-09-01,2019-10-01,Month-to-month,Yes,Electronic check,36.45,36.45,DSL,No,No,No,No,Yes,No,Female,1,No,No,No,1
5171,2016-09-01,,Month-to-month,Yes,Electronic check,104.4,4133.95,Fiber optic,No,Yes,Yes,No,Yes,Yes,Female,1,No,No,Yes,0
5172,2017-08-01,,Month-to-month,Yes,Electronic check,101.5,2917.65,Fiber optic,No,No,No,Yes,Yes,Yes,Male,1,Yes,No,Yes,0
5173,2020-01-01,,Month-to-month,No,Electronic check,54.3,54.3,DSL,No,Yes,No,No,No,No,Male,0,No,No,Yes,0
5174,2017-09-01,,Month-to-month,Yes,Electronic check,103.95,2964.8,Fiber optic,No,No,Yes,No,Yes,Yes,Male,1,Yes,Yes,Yes,0
5175,2018-03-01,,Two year,Yes,Credit card (automatic),91.1,2198.3,DSL,Yes,Yes,Yes,Yes,Yes,Yes,Female,0,Yes,Yes,Yes,0
5176,2015-02-01,,Two year,No,Mailed check,19.95,1189.9,Fiber optic,No,No,No,No,No,No,Male,0,No,Yes,No,0
5177,2014-02-01,,Two year,No,Credit card (automatic),26.45,1914.5,Fiber optic,No,No,No,No,No,No,Female,0,Yes,No,Yes,0
5178,2017-12-01,2019-10-01,Month-to-month,Yes,Electronic check,89.4,2001.5,Fiber optic,No,Yes,Yes,No,Yes,No,Male,0,No,Yes,No,1
5179,2014-02-01,,Two year,Yes,Bank transfer (automatic),75.1,5336.35,DSL,Yes,Yes,Yes,Yes,Yes,No,Male,0,No,No,No,0
5180,2014-08-01,,One year,No,Bank transfer (automatic),108.1,7238.6,Fiber optic,No,Yes,Yes,No,Yes,Yes,Female,1,No,No,Yes,0
5181,2014-02-01,,Two year,Yes,Electronic check,110.15,7998.8,Fiber optic,No,Yes,Yes,Yes,Yes,Yes,Female,0,Yes,No,Yes,0
5182,2015-12-01,2019-11-01,Month-to-month,No,Electronic check,80.35,3825.85,Fiber optic,Yes,No,No,No,No,No,Female,1,Yes,No,Yes,1
5183,2015-11-01,,One year,Yes,Electronic check,111.5,5703.25,Fiber optic,No,Yes,Yes,Yes,Yes,Yes,Female,0,No,No,Yes,0
5184,2014-04-01,,One year,Yes,Electronic check,106.5,7397.0,Fiber optic,No,Yes,Yes,No,Yes,Yes,Female,0,Yes,Yes,Yes,0
5185,2019-05-01,,One year,Yes,Electronic check,19.9,164.6,Fiber optic,No,No,No,No,No,No,Male,0,No,No,No,0
5186,2015-03-01,,Two year,Yes,Mailed check,111.1,6555.2,Fiber optic,Yes,Yes,No,Yes,Yes,Yes,Male,0,Yes,Yes,Yes,0
5187,2019-11-01,,Month-to-month,No,Mailed check,70.7,225.65,DSL,No,No,No,Yes,Yes,Yes,Male,0,No,Yes,No,0
5188,2016-12-01,,Month-to-month,Yes,Electronic check,24.85,955.75,DSL,No,No,No,No,No,No,Male,1,Yes,No,No,0
5189,2017-01-01,,Month-to-month,No,Bank transfer (automatic),91.2,3382.3,Fiber optic,Yes,Yes,Yes,No,No,No,Female,0,No,No,Yes,0
5190,2017-01-01,,Two year,No,Bank transfer (automatic),65.6,2313.8,DSL,Yes,Yes,Yes,Yes,No,No,Male,0,No,No,No,0
5191,2017-12-01,2019-12-01,Month-to-month,Yes,Credit card (automatic),40.65,933.3,DSL,No,No,Yes,No,No,Yes,Female,1,Yes,No,No,1
5192,2018-12-01,,Month-to-month,No,Bank transfer (automatic),59.45,780.85,DSL,Yes,Yes,No,Yes,No,No,Female,0,Yes,Yes,No,0
5193,2014-02-01,,Two year,Yes,Credit card (automatic),109.95,7852.4,Fiber optic,Yes,Yes,No,Yes,Yes,Yes,Male,0,Yes,No,Yes,0
5194,2015-06-01,2019-11-01,One year,Yes,Electronic check,60.45,3184.25,DSL,No,Yes,Yes,Yes,Yes,Yes,Male,0,Yes,No,No,1
5195,2019-02-01,2019-10-01,Month-to-month,Yes,Electronic check,84.9,764.95,Fiber optic,No,No,No,No,No,Yes,Female,0,Yes,No,Yes,1
5196,2014-02-01,,Two year,No,Credit card (automatic),38.5,2763.0,DSL,Yes,Yes,Yes,No,No,No,Male,0,Yes,Yes,No,0
5197,2018-09-01,,Month-to-month,Yes,Electronic check,92.55,1614.7,Fiber optic,No,No,No,No,Yes,Yes,Female,1,Yes,No,Yes,0
5198,2019-09-01,2019-11-01,Month-to-month,Yes,Bank transfer (automatic),73.55,145.4,Fiber optic,No,Yes,No,No,No,No,Female,0,Yes,Yes,No,1
5199,2019-02-01,2019-10-01,Month-to-month,No,Bank transfer (automatic),20.15,156.25,Fiber optic,No,No,No,No,No,No,Female,0,Yes,No,No,1
5200,2016-01-01,2020-01-01,One year,No,Mailed check,34.7,1604.5,DSL,No,Yes,Yes,No,No,No,Female,0,Yes,No,No,1
5201,2019-04-01,,Month-to-month,Yes,Mailed check,24.5,270.15,Fiber optic,No,No,No,No,No,No,Female,0,No,No,Yes,0
5202,2020-02-01,,One year,Yes,Mailed check,19.7,2291.023009417808,Fiber optic,No,No,No,No,No,No,Male,0,Yes,Yes,No,0
5203,2020-01-01,,Month-to-month,No,Mailed check,20.6,20.6,Fiber optic,No,No,No,No,No,No,Male,0,No,No,No,0
5204,2017-09-01,,One year,No,Credit card (automatic),58.0,1734.5,DSL,Yes,No,Yes,Yes,No,No,Female,0,No,No,No,0
5205,2014-09-01,,One year,Yes,Electronic check,107.45,7047.5,Fiber optic,No,Yes,Yes,No,Yes,Yes,Female,1,Yes,Yes,Yes,0
5206,2019-06-01,,Month-to-month,Yes,Bank transfer (automatic),65.5,573.15,DSL,Yes,Yes,Yes,No,No,No,Female,0,No,No,Yes,0
5207,2015-01-01,,Two year,No,Bank transfer (automatic),25.45,1538.6,Fiber optic,No,No,No,No,No,No,Male,0,Yes,No,Yes,0
5208,2016-05-01,,One year,Yes,Bank transfer (automatic),100.15,4459.8,Fiber optic,No,No,Yes,No,Yes,Yes,Female,1,No,No,Yes,0
5209,2014-02-01,,One year,Yes,Credit card (automatic),104.45,7459.0,Fiber optic,No,Yes,Yes,No,Yes,Yes,Male,0,Yes,Yes,Yes,0
5210,2019-02-01,,Month-to-month,Yes,Electronic check,21.15,306.05,Fiber optic,No,No,No,No,No,No,Male,0,Yes,Yes,No,0
5211,2019-07-01,,Month-to-month,No,Electronic check,96.2,639.7,Fiber optic,No,No,No,No,Yes,Yes,Male,0,No,No,Yes,0
5212,2019-05-01,,Month-to-month,Yes,Mailed check,44.4,348.15,DSL,No,No,No,No,No,No,Male,0,No,No,No,0
5213,2016-03-01,2019-10-01,One year,Yes,Electronic check,107.55,4533.9,Fiber optic,No,No,Yes,Yes,Yes,Yes,Female,1,Yes,No,Yes,1
5214,2015-04-01,,Two year,No,Bank transfer (automatic),94.35,5563.65,Fiber optic,No,No,Yes,Yes,No,Yes,Male,0,Yes,Yes,Yes,0
5215,2018-08-01,2019-12-01,Month-to-month,Yes,Electronic check,98.75,1587.55,Fiber optic,No,No,Yes,No,Yes,Yes,Male,1,Yes,No,Yes,1
5216,2019-12-01,,Month-to-month,No,Mailed check,20.3,40.25,Fiber optic,No,No,No,No,No,No,Male,0,Yes,Yes,No,0
5217,2019-05-01,2020-01-01,Month-to-month,No,Electronic check,101.15,842.9,Fiber optic,No,Yes,Yes,No,Yes,Yes,Female,0,Yes,No,No,1
5218,2016-10-01,,One year,No,Bank transfer (automatic),105.75,4228.55,Fiber optic,Yes,No,Yes,No,Yes,Yes,Female,0,Yes,No,Yes,0
5219,2019-05-01,,Month-to-month,Yes,Electronic check,81.15,784.45,Fiber optic,Yes,No,No,No,No,No,Male,0,No,No,Yes,0
5220,2016-09-01,,One year,Yes,Electronic check,89.55,3729.75,Fiber optic,No,Yes,No,Yes,Yes,No,Male,0,No,No,No,0
5221,2017-12-01,,Month-to-month,Yes,Credit card (automatic),54.75,1406.9,DSL,No,Yes,Yes,No,No,No,Female,0,No,No,No,0
5222,2017-05-01,,One year,Yes,Credit card (automatic),53.75,1857.3,DSL,No,Yes,No,Yes,No,No,Female,0,Yes,No,No,0
5223,2014-06-01,,One year,No,Credit card (automatic),105.75,7322.5,Fiber optic,No,Yes,Yes,Yes,Yes,Yes,Male,0,Yes,Yes,No,0
5224,2014-09-01,,Two year,Yes,Credit card (automatic),105.85,6725.5,Fiber optic,No,Yes,Yes,Yes,Yes,Yes,Female,1,Yes,No,No,0
5225,2015-07-01,,One year,Yes,Electronic check,64.2,3627.3,DSL,No,Yes,No,Yes,No,Yes,Male,0,No,No,No,0
5226,2018-02-01,2019-10-01,Month-to-month,Yes,Electronic check,88.7,1761.45,Fiber optic,No,No,Yes,No,Yes,No,Male,0,No,No,Yes,1
5227,2018-07-01,,One year,Yes,Credit card (automatic),87.7,1725.95,Fiber optic,No,No,No,Yes,No,Yes,Male,0,No,No,No,0
5228,2016-05-01,,Month-to-month,Yes,Credit card (automatic),89.3,4192.15,Fiber optic,No,No,Yes,No,No,Yes,Female,0,No,No,Yes,0
5229,2014-04-01,,Two year,Yes,Credit card (automatic),20.15,1411.2,Fiber optic,No,No,No,No,No,No,Female,0,Yes,Yes,No,0
5230,2019-10-01,2019-12-01,Month-to-month,Yes,Electronic check,79.75,164.5,Fiber optic,No,No,No,No,Yes,No,Female,0,No,No,No,1
5231,2017-07-01,2019-10-01,Month-to-month,Yes,Mailed check,94.55,2724.6,Fiber optic,No,No,No,No,Yes,Yes,Female,0,No,No,Yes,1
5232,2019-02-01,,Two year,Yes,Electronic check,20.05,264.55,Fiber optic,No,No,No,No,No,No,Female,0,Yes,No,No,0
5233,2014-02-01,,Two year,No,Credit card (automatic),67.2,4671.7,DSL,Yes,Yes,Yes,Yes,Yes,Yes,Male,0,No,Yes,No,0
5234,2019-02-01,,Month-to-month,No,Electronic check,94.55,1173.55,Fiber optic,No,No,No,No,Yes,Yes,Male,0,No,No,Yes,0
5235,2019-07-01,2019-12-01,Month-to-month,Yes,Mailed check,69.05,318.5,Fiber optic,No,No,No,No,No,No,Female,1,No,No,No,1
5236,2014-03-01,,Month-to-month,Yes,Electronic check,107.5,7713.55,Fiber optic,Yes,Yes,Yes,No,Yes,Yes,Male,1,Yes,No,Yes,0
5238,2014-04-01,,Two year,No,Credit card (automatic),114.75,7842.3,Fiber optic,Yes,Yes,Yes,Yes,Yes,Yes,Male,0,Yes,Yes,Yes,0
5239,2017-07-01,,Month-to-month,Yes,Electronic check,76.05,2227.8,Fiber optic,No,No,No,No,No,No,Female,0,No,No,Yes,0
5240,2015-07-01,2019-11-01,Two year,Yes,Bank transfer (automatic),96.25,4990.25,Fiber optic,No,No,Yes,Yes,No,Yes,Male,0,Yes,Yes,Yes,1
5241,2016-10-01,2019-11-01,Month-to-month,Yes,Electronic check,101.1,3744.05,Fiber optic,No,No,Yes,No,Yes,Yes,Male,1,No,No,Yes,1
5242,2014-03-01,2019-12-01,One year,Yes,Bank transfer (automatic),104.7,7220.35,Fiber optic,No,Yes,No,Yes,Yes,Yes,Male,0,No,No,Yes,1
5243,2017-08-01,,Month-to-month,No,Mailed check,77.9,2351.45,Fiber optic,No,No,No,No,No,No,Male,1,Yes,No,Yes,0
5244,2017-05-01,,Month-to-month,Yes,Electronic check,90.65,2989.6,Fiber optic,Yes,No,No,No,No,Yes,Female,0,No,No,Yes,0
5245,2015-08-01,,Two year,Yes,Electronic check,110.45,6077.75,Fiber optic,No,Yes,Yes,Yes,Yes,Yes,Male,1,Yes,No,Yes,0
5246,2015-03-01,,One year,No,Bank transfer (automatic),68.7,4070.95,DSL,Yes,No,No,Yes,No,Yes,Female,0,No,No,Yes,0
5247,2015-07-01,,Month-to-month,Yes,Electronic check,44.85,2479.05,DSL,Yes,Yes,No,No,Yes,No,Male,1,No,No,No,0
5248,2014-05-01,,One year,Yes,Credit card (automatic),29.8,2134.3,DSL,No,No,Yes,No,No,No,Male,1,Yes,No,No,0
5249,2014-08-01,,One year,Yes,Bank transfer (automatic),88.9,6000.1,Fiber optic,No,Yes,No,No,Yes,No,Female,0,No,No,Yes,0
5250,2017-01-01,,One year,Yes,Mailed check,58.75,2203.1,DSL,Yes,No,Yes,Yes,No,No,Male,0,Yes,Yes,No,0
5251,2019-05-01,,One year,No,Credit card (automatic),19.85,183.15,Fiber optic,No,No,No,No,No,No,Male,1,Yes,No,No,0
5252,2014-05-01,,Two year,No,Bank transfer (automatic),86.9,6194.1,DSL,Yes,No,Yes,Yes,Yes,Yes,Male,0,Yes,Yes,Yes,0
5253,2019-04-01,,Month-to-month,Yes,Mailed check,59.65,638.95,DSL,No,Yes,No,No,Yes,No,Male,0,No,No,No,0
5254,2016-07-01,2019-11-01,Month-to-month,Yes,Mailed check,55.25,2139.2,DSL,Yes,Yes,No,No,No,No,Male,0,No,Yes,No,1
5255,2019-01-01,,Month-to-month,No,Credit card (automatic),66.4,831.75,DSL,No,No,No,No,Yes,Yes,Male,0,No,Yes,No,0
5256,2019-05-01,2019-11-01,Month-to-month,Yes,Electronic check,90.1,521.3,Fiber optic,No,Yes,No,No,Yes,No,Female,0,No,No,Yes,1
5257,2014-05-01,,Two year,No,Bank transfer (automatic),20.15,1337.5,Fiber optic,No,No,No,No,No,No,Female,0,Yes,Yes,No,0
5258,2014-08-01,,One year,Yes,Credit card (automatic),108.1,7181.95,Fiber optic,No,Yes,Yes,Yes,Yes,Yes,Female,1,Yes,No,Yes,0
5259,2018-11-01,2019-10-01,Month-to-month,No,Electronic check,53.75,608.0,DSL,No,No,Yes,No,No,No,Male,0,No,No,Yes,1
5260,2016-04-01,,One year,No,Mailed check,56.9,2560.1,DSL,Yes,No,Yes,Yes,No,No,Male,0,Yes,Yes,No,0
5261,2019-06-01,2019-12-01,Month-to-month,No,Electronic check,89.3,577.6,Fiber optic,No,No,No,No,Yes,Yes,Female,0,No,No,No,1
5262,2015-06-01,,Month-to-month,Yes,Mailed check,109.6,5953.0,Fiber optic,Yes,No,Yes,Yes,Yes,Yes,Female,0,Yes,Yes,Yes,0
5263,2014-04-01,,Two year,No,Credit card (automatic),25.15,1790.15,Fiber optic,No,No,No,No,No,No,Male,0,Yes,Yes,Yes,0
5264,2017-05-01,,One year,Yes,Electronic check,79.15,2531.4,DSL,No,No,Yes,Yes,Yes,Yes,Female,0,Yes,Yes,Yes,0
5265,2014-02-01,,Two year,No,Credit card (automatic),66.75,4760.3,DSL,Yes,Yes,No,Yes,No,No,Female,0,Yes,Yes,Yes,0
5266,2019-10-01,2020-01-01,Month-to-month,Yes,Electronic check,95.2,292.85,Fiber optic,No,No,No,No,Yes,Yes,Female,0,Yes,No,Yes,1
5267,2018-07-01,,Month-to-month,No,Mailed check,48.8,953.65,DSL,No,No,No,Yes,No,No,Female,0,No,Yes,No,0
5268,2019-06-01,2019-11-01,Month-to-month,No,Electronic check,45.7,198.0,DSL,No,No,No,No,Yes,Yes,Female,1,No,No,No,1
5269,2014-03-01,,Two year,Yes,Credit card (automatic),80.7,5705.05,DSL,No,Yes,Yes,Yes,Yes,Yes,Female,0,Yes,No,No,0
5270,2019-04-01,2019-12-01,Month-to-month,Yes,Electronic check,74.5,609.9,Fiber optic,Yes,No,No,No,No,No,Male,0,Yes,No,No,1
5271,2020-01-01,,Month-to-month,No,Credit card (automatic),20.55,20.55,Fiber optic,No,No,No,No,No,No,Male,0,No,No,No,0
5272,2019-10-01,2019-11-01,Month-to-month,Yes,Electronic check,79.65,79.65,Fiber optic,No,No,No,No,Yes,No,Female,0,No,No,No,1
5273,2015-01-01,,One year,Yes,Mailed check,115.1,6993.65,Fiber optic,Yes,Yes,Yes,Yes,Yes,Yes,Female,0,No,No,Yes,0
5274,2014-03-01,,Two year,No,Bank transfer (automatic),59.7,4122.65,DSL,Yes,Yes,No,Yes,Yes,Yes,Female,0,Yes,Yes,No,0
5275,2014-06-01,,One year,No,Credit card (automatic),86.45,5762.95,Fiber optic,No,Yes,Yes,No,No,No,Female,0,Yes,No,Yes,0
5276,2016-04-01,,One year,No,Credit card (automatic),33.7,1537.85,DSL,No,No,Yes,Yes,No,No,Male,0,No,No,No,0
5277,2017-05-01,,One year,No,Bank transfer (automatic),80.1,2603.3,Fiber optic,Yes,No,No,No,No,No,Male,0,No,No,Yes,0
5278,2015-09-01,,Two year,Yes,Bank transfer (automatic),104.05,5566.4,Fiber optic,Yes,Yes,Yes,Yes,No,Yes,Female,0,Yes,Yes,Yes,0
5279,2015-12-01,,Month-to-month,No,Bank transfer (automatic),108.75,5431.9,Fiber optic,Yes,Yes,Yes,No,Yes,Yes,Female,1,Yes,No,Yes,0
5280,2015-05-01,,One year,Yes,Credit card (automatic),41.1,2258.25,DSL,Yes,No,Yes,Yes,No,No,Female,0,No,No,No,0
5281,2015-08-01,,Two year,Yes,Bank transfer (automatic),20.35,1092.35,Fiber optic,No,No,No,No,No,No,Female,0,Yes,Yes,No,0
5282,2015-02-01,,Month-to-month,Yes,Electronic check,105.9,6401.25,Fiber optic,No,Yes,Yes,No,Yes,Yes,Female,1,Yes,No,Yes,0
5283,2017-09-01,2020-01-01,Month-to-month,Yes,Credit card (automatic),101.3,2812.2,Fiber optic,No,No,No,Yes,Yes,Yes,Female,1,Yes,No,Yes,1
5284,2019-12-01,2020-01-01,Month-to-month,Yes,Mailed check,80.05,80.05,Fiber optic,No,No,No,No,Yes,No,Female,0,Yes,Yes,No,1
5285,2017-07-01,2019-12-01,Month-to-month,Yes,Electronic check,89.2,2698.35,Fiber optic,No,No,Yes,No,No,Yes,Male,0,Yes,Yes,Yes,1
5286,2019-04-01,,Month-to-month,Yes,Electronic check,65.5,616.9,DSL,No,Yes,No,Yes,No,Yes,Female,0,Yes,Yes,No,0
5287,2016-07-01,,Month-to-month,Yes,Electronic check,40.45,1912.85,DSL,Yes,Yes,Yes,No,No,No,Male,0,No,Yes,No,0
5288,2019-01-01,,Month-to-month,No,Bank transfer (automatic),70.45,849.1,Fiber optic,No,No,No,No,No,No,Male,1,Yes,No,No,0
5289,2016-07-01,,Two year,Yes,Electronic check,78.8,3460.3,DSL,Yes,No,Yes,Yes,Yes,Yes,Female,0,Yes,No,No,0
5290,2018-06-01,2020-01-01,Month-to-month,Yes,Electronic check,83.65,1465.75,Fiber optic,No,No,No,No,No,Yes,Male,0,Yes,Yes,Yes,1
5291,2020-01-01,,Month-to-month,Yes,Electronic check,90.1,90.1,Fiber optic,No,No,No,No,Yes,Yes,Male,0,Yes,Yes,No,0
5292,2014-05-01,,Two year,Yes,Credit card (automatic),82.45,5555.3,DSL,Yes,No,Yes,Yes,Yes,Yes,Female,0,No,No,No,0
5293,2015-01-01,,Two year,No,Credit card (automatic),20.25,1278.8,Fiber optic,No,No,No,No,No,No,Female,0,Yes,No,No,0
5294,2016-07-01,,Month-to-month,No,Bank transfer (automatic),66.25,2907.35,DSL,Yes,Yes,No,Yes,No,No,Male,0,Yes,No,Yes,0
5295,2019-07-01,2020-01-01,Month-to-month,No,Bank transfer (automatic),19.5,146.3,Fiber optic,No,No,No,No,No,No,Female,0,Yes,No,No,1
5296,2019-11-01,2019-12-01,Month-to-month,No,Mailed check,51.25,51.25,DSL,No,No,No,Yes,No,No,Male,0,No,No,No,1
5297,2015-06-01,,Month-to-month,No,Mailed check,89.7,4952.95,Fiber optic,No,No,No,No,Yes,Yes,Male,0,Yes,No,No,0
5298,2014-04-01,,Two year,No,Bank transfer (automatic),64.55,4504.9,DSL,Yes,Yes,Yes,Yes,Yes,Yes,Female,0,Yes,No,No,0
5299,2019-09-01,2019-10-01,Month-to-month,Yes,Electronic check,45.6,45.6,DSL,No,No,No,No,No,No,Male,0,No,No,No,1
5300,2016-01-01,,One year,Yes,Electronic check,93.65,4520.15,Fiber optic,No,Yes,Yes,No,Yes,No,Male,0,Yes,Yes,Yes,0
5301,2019-06-01,2019-12-01,Month-to-month,Yes,Bank transfer (automatic),49.65,267.35,DSL,No,No,No,Yes,No,No,Female,0,No,No,No,1
5302,2017-06-01,,Two year,No,Mailed check,73.6,2316.85,DSL,Yes,Yes,Yes,Yes,No,Yes,Female,0,Yes,Yes,No,0
5303,2014-02-01,,Two year,Yes,Mailed check,109.75,8075.35,Fiber optic,Yes,No,Yes,Yes,Yes,Yes,Female,1,Yes,No,Yes,0
5304,2017-01-01,,Two year,No,Credit card (automatic),61.45,2302.35,DSL,Yes,Yes,No,Yes,No,No,Male,0,No,Yes,No,0
5305,2014-05-01,,One year,Yes,Credit card (automatic),106.4,7251.9,Fiber optic,Yes,Yes,No,Yes,Yes,Yes,Female,0,Yes,No,No,0
5306,2017-12-01,,Month-to-month,No,Bank transfer (automatic),81.9,2078.55,DSL,No,Yes,Yes,Yes,Yes,Yes,Female,0,Yes,No,No,0
5307,2015-04-01,,One year,Yes,Credit card (automatic),105.2,6225.4,Fiber optic,No,Yes,Yes,No,Yes,Yes,Female,0,Yes,Yes,Yes,0
5308,2018-02-01,,One year,No,Bank transfer (automatic),54.6,1242.25,DSL,No,No,No,Yes,No,No,Male,0,No,No,Yes,0
5309,2019-09-01,,One year,No,Electronic check,20.55,99.45,Fiber optic,No,No,No,No,No,No,Male,0,Yes,Yes,No,0
5310,2018-07-01,2019-10-01,Month-to-month,Yes,Electronic check,20.0,288.05,Fiber optic,No,No,No,No,No,No,Male,0,Yes,Yes,No,1
5311,2017-08-01,,Two year,No,Mailed check,19.7,599.25,Fiber optic,No,No,No,No,No,No,Female,0,Yes,Yes,No,0
5312,2015-07-01,,One year,Yes,Credit card (automatic),66.05,3462.1,DSL,Yes,Yes,No,Yes,No,No,Female,0,Yes,No,Yes,0
5313,2017-09-01,2019-10-01,Month-to-month,Yes,Bank transfer (automatic),34.0,853.0,DSL,No,No,No,No,Yes,No,Female,0,Yes,No,No,1
5314,2018-12-01,2019-10-01,Month-to-month,Yes,Mailed check,92.5,934.1,Fiber optic,No,Yes,Yes,Yes,Yes,No,Male,1,Yes,No,No,1
5315,2016-06-01,,Two year,Yes,Credit card (automatic),54.05,2375.2,DSL,Yes,Yes,Yes,Yes,No,Yes,Male,0,Yes,Yes,No,0
5316,2016-03-01,,One year,Yes,Mailed check,58.9,2813.05,DSL,Yes,Yes,No,Yes,No,No,Female,0,No,No,No,0
5317,2018-09-01,2019-10-01,Month-to-month,No,Electronic check,88.35,1222.8,Fiber optic,No,No,No,No,Yes,Yes,Female,0,Yes,Yes,No,1
5318,2015-11-01,2019-12-01,Two year,Yes,Bank transfer (automatic),107.95,5293.2,Fiber optic,No,Yes,Yes,Yes,Yes,Yes,Female,0,Yes,Yes,Yes,1
5319,2014-10-01,,One year,Yes,Mailed check,96.9,6314.35,Fiber optic,Yes,No,No,Yes,Yes,Yes,Female,0,Yes,No,No,0
5320,2020-01-01,,Month-to-month,No,Mailed check,19.1,19.1,Fiber optic,No,No,No,No,No,No,Male,0,No,No,No,0
5321,2018-06-01,,Month-to-month,No,Mailed check,50.0,1003.05,DSL,No,No,No,Yes,No,No,Male,0,No,No,No,0
5322,2017-01-01,,Two year,No,Electronic check,45.4,1593.1,DSL,Yes,No,No,Yes,Yes,No,Female,0,Yes,No,No,0
5323,2017-08-01,,Month-to-month,No,Electronic check,85.45,2509.95,Fiber optic,No,No,No,No,Yes,No,Male,0,Yes,Yes,Yes,0
5324,2016-12-01,,One year,No,Bank transfer (automatic),84.1,3187.65,DSL,Yes,Yes,Yes,No,Yes,Yes,Female,0,No,No,Yes,0
5325,2019-10-01,2019-11-01,Month-to-month,Yes,Mailed check,74.45,74.45,Fiber optic,No,No,No,No,No,No,Female,1,No,No,Yes,1
5326,2016-09-01,2019-10-01,Month-to-month,Yes,Electronic check,64.75,2345.2,DSL,No,No,No,No,Yes,Yes,Female,0,No,No,No,1
5327,2015-10-01,,Two year,No,Credit card (automatic),66.25,3330.1,DSL,Yes,Yes,Yes,Yes,Yes,Yes,Female,0,Yes,No,No,0
5328,2014-03-01,,Two year,Yes,Credit card (automatic),76.9,5522.7,DSL,Yes,Yes,Yes,Yes,Yes,No,Male,0,No,Yes,No,0
5329,2017-11-01,2020-01-01,Month-to-month,No,Electronic check,89.8,2335.3,Fiber optic,No,Yes,Yes,No,Yes,No,Male,0,No,No,No,1
5330,2014-08-01,,Two year,Yes,Credit card (automatic),74.6,4798.4,DSL,Yes,Yes,Yes,No,No,Yes,Male,0,No,No,Yes,0
5331,2014-02-01,,Two year,Yes,Credit card (automatic),116.95,8594.4,Fiber optic,Yes,Yes,Yes,Yes,Yes,Yes,Male,0,Yes,No,Yes,0
5332,2018-01-01,,One year,Yes,Credit card (automatic),40.65,970.55,DSL,Yes,No,No,No,Yes,No,Male,0,No,Yes,No,0
5333,2014-05-01,,Two year,Yes,Bank transfer (automatic),114.35,7665.8,Fiber optic,Yes,Yes,Yes,Yes,Yes,Yes,Male,0,Yes,Yes,Yes,0
5334,2015-09-01,,Two year,No,Bank transfer (automatic),69.7,3686.05,DSL,Yes,Yes,No,No,No,Yes,Male,0,Yes,Yes,Yes,0
5335,2018-12-01,2019-12-01,One year,No,Mailed check,95.5,1115.15,Fiber optic,No,No,Yes,No,Yes,Yes,Female,0,No,No,No,1
5336,2017-12-01,,Month-to-month,Yes,Electronic check,98.65,2537.0,Fiber optic,No,No,Yes,Yes,Yes,Yes,Male,0,No,No,No,0
5337,2018-05-01,,Month-to-month,No,Mailed check,61.65,1393.6,DSL,No,No,Yes,No,No,Yes,Male,0,No,No,No,0
5338,2020-01-01,,Month-to-month,Yes,Electronic check,89.35,89.35,Fiber optic,No,No,No,No,Yes,Yes,Female,0,No,Yes,No,0
5339,2016-02-01,,Month-to-month,Yes,Electronic check,95.4,4445.3,Fiber optic,Yes,No,No,Yes,No,Yes,Male,0,No,No,Yes,0
5340,2017-12-01,,One year,No,Credit card (automatic),35.4,978.6,DSL,Yes,No,Yes,No,No,No,Female,0,Yes,No,No,0
5341,2015-02-01,,Two year,No,Mailed check,19.95,1258.15,Fiber optic,No,No,No,No,No,No,Male,0,Yes,No,No,0
5342,2018-08-01,,Month-to-month,No,Mailed check,19.25,331.35,Fiber optic,No,No,No,No,No,No,Male,0,No,No,No,0
5343,2019-01-01,2019-11-01,Month-to-month,Yes,Electronic check,29.65,291.4,DSL,No,No,No,Yes,No,No,Female,1,No,No,No,1
5344,2019-05-01,2019-10-01,Month-to-month,Yes,Electronic check,84.5,453.75,Fiber optic,Yes,No,Yes,No,No,No,Male,0,Yes,Yes,Yes,1
5345,2019-10-01,,One year,Yes,Mailed check,20.4,84.75,Fiber optic,No,No,No,No,No,No,Female,0,No,Yes,No,0
5346,2014-09-01,,Two year,No,Credit card (automatic),24.75,1715.1,Fiber optic,No,No,No,No,No,No,Male,0,Yes,Yes,Yes,0
5347,2014-04-01,,Two year,No,Mailed check,25.35,1715.15,Fiber optic,No,No,No,No,No,No,Male,0,Yes,Yes,Yes,0
5348,2018-05-01,2019-11-01,Month-to-month,Yes,Credit card (automatic),90.7,1597.25,Fiber optic,No,No,Yes,No,No,Yes,Male,0,No,No,Yes,1
5349,2014-12-01,,Two year,No,Bank transfer (automatic),20.0,1250.1,Fiber optic,No,No,No,No,No,No,Male,0,No,Yes,No,0
5350,2014-08-01,,Two year,Yes,Electronic check,59.75,3996.8,DSL,Yes,No,No,No,Yes,No,Female,0,Yes,Yes,No,0
5351,2014-09-01,,Two year,Yes,Bank transfer (automatic),82.5,5215.1,DSL,Yes,Yes,No,Yes,Yes,Yes,Female,0,Yes,Yes,Yes,0
5352,2019-10-01,2020-01-01,Month-to-month,Yes,Electronic check,70.3,235.5,Fiber optic,No,No,No,No,No,No,Female,1,No,No,No,1
5353,2017-04-01,,Month-to-month,No,Mailed check,20.35,673.2,Fiber optic,No,No,No,No,No,No,Female,0,No,No,No,0
5354,2018-10-01,,Month-to-month,Yes,Bank transfer (automatic),90.8,1442.2,Fiber optic,No,No,Yes,No,Yes,No,Male,0,Yes,Yes,Yes,0
5355,2015-04-01,2019-10-01,One year,Yes,Bank transfer (automatic),103.95,5639.05,Fiber optic,Yes,No,Yes,No,Yes,Yes,Female,0,No,No,Yes,1
5356,2015-12-01,,Month-to-month,Yes,Electronic check,104.95,5222.35,Fiber optic,No,No,Yes,Yes,Yes,Yes,Female,1,No,No,Yes,0
5357,2014-03-01,,Two year,Yes,Electronic check,105.25,7291.75,Fiber optic,No,Yes,Yes,Yes,Yes,Yes,Male,0,Yes,No,No,0
5358,2019-01-01,2019-11-01,Month-to-month,Yes,Electronic check,74.75,799.65,Fiber optic,No,No,No,No,No,No,Female,0,No,No,Yes,1
5359,2019-09-01,2019-10-01,Month-to-month,Yes,Electronic check,50.8,50.8,DSL,No,No,No,Yes,No,No,Female,0,No,No,No,1
5360,2018-08-01,,One year,No,Mailed check,23.75,424.5,Fiber optic,No,No,No,No,No,No,Male,0,No,No,Yes,0
5361,2019-10-01,,Month-to-month,Yes,Electronic check,61.3,249.4,DSL,No,No,No,Yes,Yes,No,Male,0,No,No,No,0
5362,2015-04-01,,Two year,No,Mailed check,75.8,4415.75,DSL,Yes,No,Yes,Yes,Yes,No,Female,0,Yes,Yes,Yes,0
5363,2015-06-01,,One year,Yes,Electronic check,98.0,5270.6,Fiber optic,Yes,No,No,No,Yes,Yes,Female,0,Yes,No,Yes,0
5364,2019-08-01,2019-10-01,Month-to-month,Yes,Electronic check,80.25,144.55,Fiber optic,No,No,No,No,Yes,No,Male,0,No,No,No,1
5365,2017-03-01,2019-11-01,Month-to-month,Yes,Electronic check,78.9,2447.95,Fiber optic,No,No,Yes,No,No,No,Male,0,Yes,No,Yes,1
5366,2015-06-01,,One year,Yes,Mailed check,52.0,2884.9,DSL,Yes,Yes,No,Yes,Yes,No,Male,0,Yes,Yes,No,0
5367,2016-12-01,2019-12-01,Month-to-month,Yes,Electronic check,84.75,3050.15,Fiber optic,No,No,No,No,No,Yes,Male,0,No,No,Yes,1
5368,2019-10-01,,Month-to-month,Yes,Mailed check,64.4,253.0,DSL,No,No,No,Yes,Yes,No,Female,0,No,No,Yes,0
5369,2015-06-01,2019-11-01,Month-to-month,No,Bank transfer (automatic),85.45,4517.25,Fiber optic,No,No,No,No,Yes,No,Male,0,No,No,Yes,1
5370,2019-04-01,,Month-to-month,Yes,Credit card (automatic),45.8,436.2,DSL,No,No,No,No,No,No,Male,0,No,No,No,0
5371,2019-10-01,,Month-to-month,No,Electronic check,30.5,118.4,DSL,No,No,No,Yes,No,No,Male,0,No,No,No,0
5372,2019-12-01,2020-01-01,Month-to-month,No,Mailed check,19.9,19.9,Fiber optic,No,No,No,No,No,No,Male,0,Yes,Yes,No,1
5373,2015-11-01,,Month-to-month,No,Mailed check,69.15,3649.6,Fiber optic,No,No,No,No,No,No,Female,0,Yes,No,No,0
5374,2018-12-01,2019-12-01,Month-to-month,Yes,Electronic check,99.45,1200.15,Fiber optic,No,No,Yes,No,Yes,Yes,Male,1,No,No,Yes,1
5375,2019-08-01,,One year,Yes,Mailed check,49.25,255.6,DSL,No,No,No,Yes,Yes,Yes,Female,0,No,No,No,0
5376,2014-11-01,,Two year,No,Bank transfer (automatic),39.35,2395.05,DSL,No,Yes,Yes,Yes,No,No,Male,0,Yes,Yes,No,0
5377,2019-12-01,2020-01-01,Month-to-month,Yes,Electronic check,70.6,70.6,Fiber optic,No,No,No,No,No,No,Female,0,No,No,No,1
5378,2016-02-01,,Month-to-month,Yes,Credit card (automatic),105.1,5083.55,Fiber optic,No,Yes,No,Yes,Yes,Yes,Female,0,Yes,No,Yes,0
5379,2019-07-01,2019-12-01,Month-to-month,Yes,Credit card (automatic),81.0,389.6,Fiber optic,No,No,No,No,Yes,No,Female,0,No,No,No,1
5380,2017-03-01,,One year,Yes,Credit card (automatic),20.1,644.5,Fiber optic,No,No,No,No,No,No,Female,0,No,Yes,No,0
5381,2019-07-01,2020-01-01,Month-to-month,Yes,Electronic check,84.85,523.5,Fiber optic,No,Yes,No,No,Yes,No,Male,0,No,No,No,1
5382,2019-12-01,,Month-to-month,No,Mailed check,19.75,39.3,Fiber optic,No,No,No,No,No,No,Male,0,No,No,No,0
5383,2015-12-01,,One year,No,Bank transfer (automatic),19.75,989.05,Fiber optic,No,No,No,No,No,No,Female,0,No,No,No,0
5384,2017-05-01,,Month-to-month,Yes,Bank transfer (automatic),70.4,2406.1,Fiber optic,No,No,No,No,No,No,Female,0,No,No,No,0
5385,2017-07-01,,Two year,No,Mailed check,20.45,638.55,Fiber optic,No,No,No,No,No,No,Male,0,No,No,No,0
5386,2019-05-01,,Two year,No,Mailed check,20.35,191.1,Fiber optic,No,No,No,No,No,No,Female,0,Yes,Yes,No,0
5387,2015-08-01,,Month-to-month,Yes,Electronic check,86.2,4524.05,DSL,No,Yes,Yes,Yes,Yes,Yes,Female,0,Yes,Yes,Yes,0
5388,2016-04-01,,One year,Yes,Credit card (automatic),95.65,4664.2,Fiber optic,Yes,Yes,Yes,No,Yes,No,Female,0,No,No,No,0
5389,2017-04-01,,One year,Yes,Electronic check,103.8,3470.8,Fiber optic,Yes,Yes,No,No,Yes,Yes,Male,0,No,Yes,Yes,0
5390,2014-03-01,,Two year,Yes,Electronic check,97.2,6910.3,Fiber optic,Yes,No,No,No,Yes,Yes,Male,0,Yes,Yes,Yes,0
5391,2014-11-01,,Two year,No,Mailed check,63.55,4014.2,DSL,Yes,Yes,Yes,Yes,No,No,Female,0,Yes,Yes,No,0
5392,2015-11-01,,Two year,No,Bank transfer (automatic),24.95,1288.0,Fiber optic,No,No,No,No,No,No,Female,0,No,No,Yes,0
5393,2017-11-01,2020-01-01,Month-to-month,Yes,Electronic check,89.15,2277.65,Fiber optic,No,Yes,No,No,Yes,No,Female,1,No,No,Yes,1
5394,2014-10-01,,Two year,Yes,Bank transfer (automatic),99.0,6375.8,Fiber optic,Yes,No,Yes,No,Yes,Yes,Female,0,Yes,No,No,0
5395,2019-10-01,2019-11-01,Month-to-month,Yes,Electronic check,24.8,24.8,DSL,No,No,No,No,No,No,Female,1,Yes,No,No,1
5396,2015-01-01,,One year,Yes,Bank transfer (automatic),85.55,5251.75,Fiber optic,No,Yes,No,Yes,No,No,Male,1,Yes,No,Yes,0
5397,2018-11-01,,Month-to-month,Yes,Credit card (automatic),94.0,1505.45,Fiber optic,No,No,Yes,No,Yes,Yes,Female,0,No,No,No,0
5398,2014-09-01,2020-01-01,One year,Yes,Credit card (automatic),105.65,6903.1,Fiber optic,No,Yes,No,Yes,Yes,Yes,Male,0,No,No,Yes,1
5399,2018-08-01,,Month-to-month,Yes,Electronic check,50.3,913.3,DSL,No,No,No,No,No,No,Female,0,No,No,Yes,0
5400,2015-05-01,,One year,Yes,Electronic check,95.0,5535.8,Fiber optic,No,Yes,No,No,Yes,Yes,Female,0,Yes,Yes,No,0
5401,2018-12-01,,Two year,Yes,Bank transfer (automatic),61.4,815.55,DSL,Yes,Yes,No,No,No,Yes,Male,0,Yes,Yes,No,0
5402,2018-08-01,,Month-to-month,Yes,Credit card (automatic),80.55,1411.65,Fiber optic,No,Yes,No,No,No,No,Male,1,No,No,Yes,0
5403,2014-02-01,,Two year,No,Bank transfer (automatic),78.5,5602.25,Fiber optic,Yes,No,No,No,No,No,Female,1,Yes,No,Yes,0
5404,2014-04-01,,Two year,No,Credit card (automatic),114.3,8244.3,Fiber optic,Yes,Yes,Yes,Yes,Yes,Yes,Male,0,Yes,No,Yes,0
5405,2016-12-01,,Two year,No,Mailed check,20.05,741.5,Fiber optic,No,No,No,No,No,No,Female,0,No,No,No,0
5406,2014-06-01,,Two year,No,Credit card (automatic),62.65,4375.8,DSL,Yes,Yes,Yes,Yes,No,No,Male,0,Yes,Yes,No,0
5407,2018-11-01,2019-12-01,Month-to-month,Yes,Electronic check,80.85,1008.7,Fiber optic,No,No,No,No,No,Yes,Male,0,No,No,No,1
5408,2014-09-01,,Two year,Yes,Credit card (automatic),92.7,5968.4,Fiber optic,Yes,Yes,No,No,Yes,No,Male,1,Yes,No,Yes,0
5409,2017-08-01,,Month-to-month,No,Electronic check,100.45,3096.9,Fiber optic,No,No,Yes,No,Yes,Yes,Female,0,No,No,Yes,0
5410,2015-11-01,,Two year,Yes,Bank transfer (automatic),75.2,3901.25,DSL,No,No,No,Yes,Yes,Yes,Male,0,Yes,No,Yes,0
5411,2017-07-01,,Month-to-month,Yes,Credit card (automatic),84.75,2613.4,Fiber optic,Yes,No,Yes,No,No,No,Female,0,No,No,Yes,0
5412,2019-02-01,2019-11-01,Month-to-month,No,Electronic check,89.45,853.1,Fiber optic,No,No,No,No,Yes,Yes,Female,0,Yes,No,No,1
5413,2014-02-01,,Two year,Yes,Bank transfer (automatic),79.5,5661.7,DSL,Yes,Yes,Yes,Yes,No,Yes,Female,0,Yes,Yes,Yes,0
5414,2019-02-01,2019-12-01,Month-to-month,Yes,Credit card (automatic),72.15,794.25,DSL,No,No,No,No,Yes,Yes,Male,0,No,No,Yes,1
5415,2017-01-01,,One year,Yes,Electronic check,19.8,695.05,Fiber optic,No,No,No,No,No,No,Female,0,No,No,No,0
5416,2019-11-01,2020-01-01,Month-to-month,No,Electronic check,76.4,160.8,DSL,No,No,Yes,Yes,Yes,Yes,Female,0,No,No,No,1
5417,2015-07-01,,One year,Yes,Mailed check,100.9,5552.05,Fiber optic,Yes,Yes,No,No,Yes,Yes,Male,0,No,No,No,0
5418,2017-05-01,,Month-to-month,Yes,Bank transfer (automatic),95.3,3275.15,Fiber optic,Yes,No,Yes,No,No,Yes,Male,0,No,Yes,Yes,0
5419,2016-04-01,,One year,No,Bank transfer (automatic),90.95,4236.6,Fiber optic,No,No,Yes,Yes,No,Yes,Female,0,Yes,Yes,No,0
5420,2020-01-01,,Month-to-month,No,Electronic check,54.5,54.5,DSL,Yes,No,No,Yes,No,No,Female,0,No,Yes,No,0
5421,2018-05-01,2020-01-01,Month-to-month,Yes,Mailed check,61.6,1174.35,DSL,No,No,No,No,No,Yes,Female,1,No,No,Yes,1
5422,2019-02-01,2019-11-01,Month-to-month,Yes,Electronic check,79.9,741.7,Fiber optic,No,Yes,Yes,No,No,No,Male,0,Yes,No,No,1
5423,2017-05-01,2020-01-01,Month-to-month,Yes,Credit card (automatic),96.15,3019.25,Fiber optic,No,No,No,No,Yes,Yes,Male,1,No,No,Yes,1
5424,2018-07-01,,Month-to-month,Yes,Bank transfer (automatic),49.6,962.9,DSL,No,No,Yes,No,No,No,Female,0,Yes,Yes,No,0
5425,2013-12-01,2019-10-01,Two year,No,Credit card (automatic),65.3,4759.75,DSL,Yes,No,Yes,Yes,No,No,Female,0,Yes,No,Yes,1
5426,2015-01-01,,Two year,Yes,Credit card (automatic),25.0,1498.35,Fiber optic,No,No,No,No,No,No,Female,0,No,Yes,Yes,0
5427,2017-12-01,,Month-to-month,No,Electronic check,45.45,1233.15,DSL,No,No,No,No,No,No,Male,0,No,No,No,0
5428,2016-05-01,,Month-to-month,Yes,Bank transfer (automatic),107.75,4882.8,Fiber optic,No,Yes,Yes,No,Yes,Yes,Male,0,Yes,No,Yes,0
5429,2014-12-01,,Two year,Yes,Credit card (automatic),89.1,5411.65,Fiber optic,No,No,Yes,No,Yes,No,Male,0,Yes,Yes,Yes,0
5430,2019-09-01,2019-10-01,Month-to-month,No,Mailed check,19.65,19.65,Fiber optic,No,No,No,No,No,No,Male,0,No,No,No,1
5431,2019-11-01,,Month-to-month,No,Mailed check,44.75,148.05,DSL,No,No,No,No,No,No,Female,0,No,No,No,0
5432,2016-09-01,,One year,Yes,Bank transfer (automatic),101.6,3930.55,Fiber optic,Yes,Yes,Yes,No,No,Yes,Female,0,Yes,Yes,Yes,0
5433,2014-07-01,,Two year,No,Bank transfer (automatic),103.15,6895.5,Fiber optic,No,Yes,Yes,Yes,Yes,Yes,Male,0,Yes,Yes,No,0
5434,2019-12-01,2020-01-01,Month-to-month,Yes,Mailed check,84.65,84.65,Fiber optic,No,No,No,No,Yes,No,Male,0,No,No,Yes,1
5435,2014-03-01,,One year,No,Mailed check,95.65,6856.95,Fiber optic,Yes,Yes,No,No,Yes,No,Female,0,Yes,No,Yes,0
5436,2017-01-01,,One year,No,Bank transfer (automatic),75.1,2658.8,DSL,Yes,Yes,No,No,Yes,Yes,Female,0,Yes,Yes,No,0
5437,2015-02-01,,Two year,Yes,Mailed check,61.35,3766.2,DSL,Yes,Yes,No,Yes,No,No,Male,0,Yes,No,No,0
5438,2019-10-01,2019-11-01,Month-to-month,Yes,Electronic check,69.55,69.55,Fiber optic,No,No,No,No,No,No,Female,1,Yes,No,No,1
5439,2019-08-01,,Month-to-month,No,Credit card (automatic),19.7,129.55,Fiber optic,No,No,No,No,No,No,Female,0,No,No,No,0
5440,2018-12-01,2020-01-01,Month-to-month,Yes,Electronic check,31.05,347.25,DSL,No,Yes,No,No,No,No,Female,0,No,No,No,1
5441,2019-03-01,,Month-to-month,No,Bank transfer (automatic),51.0,581.7,DSL,Yes,No,No,No,No,No,Female,0,Yes,Yes,No,0
5442,2019-05-01,2019-12-01,Month-to-month,Yes,Mailed check,51.0,354.05,DSL,Yes,No,No,No,No,No,Male,0,No,No,No,1
5443,2019-04-01,,Month-to-month,Yes,Electronic check,88.85,929.45,Fiber optic,No,No,No,No,Yes,Yes,Female,0,Yes,Yes,No,0
5444,2017-04-01,,Two year,No,Credit card (automatic),20.05,679.0,Fiber optic,No,No,No,No,No,No,Male,0,Yes,No,No,0
5445,2014-12-01,,Two year,Yes,Mailed check,65.1,3846.75,DSL,Yes,No,No,Yes,No,Yes,Female,0,No,No,No,0
5446,2014-10-01,,One year,Yes,Mailed check,70.15,4480.7,DSL,No,Yes,No,Yes,No,Yes,Male,0,Yes,No,Yes,0
5447,2019-11-01,2019-12-01,Month-to-month,Yes,Bank transfer (automatic),44.35,44.35,DSL,No,No,No,No,No,No,Female,0,Yes,Yes,No,1
5448,2018-01-01,,Two year,Yes,Mailed check,20.75,499.4,Fiber optic,No,No,No,No,No,No,Male,0,No,No,No,0
5449,2017-12-01,,One year,Yes,Mailed check,56.05,1553.2,DSL,No,Yes,Yes,No,No,No,Female,0,No,No,No,0
5450,2019-04-01,,One year,Yes,Bank transfer (automatic),19.95,219.5,Fiber optic,No,No,No,No,No,No,Male,0,No,Yes,No,0
5451,2015-09-01,,One year,No,Mailed check,98.6,5311.85,Fiber optic,Yes,Yes,Yes,No,Yes,No,Female,0,No,No,Yes,0
5452,2019-03-01,2019-10-01,Month-to-month,Yes,Electronic check,79.7,586.05,Fiber optic,No,No,No,No,Yes,No,Female,0,No,No,No,1
5453,2017-05-01,,Month-to-month,Yes,Credit card (automatic),79.0,2576.8,Fiber optic,No,Yes,Yes,No,No,No,Male,0,No,No,No,0
5454,2014-03-01,,Two year,No,Credit card (automatic),89.45,6435.25,Fiber optic,No,Yes,Yes,No,No,Yes,Female,1,Yes,No,No,0
5455,2017-09-01,,Month-to-month,Yes,Electronic check,74.2,1993.25,Fiber optic,No,No,No,No,No,No,Female,0,No,No,Yes,0
5456,2018-02-01,,Month-to-month,No,Bank transfer (automatic),81.0,1923.85,DSL,Yes,No,No,Yes,Yes,Yes,Male,0,Yes,Yes,Yes,0
5457,2018-06-01,,Month-to-month,Yes,Electronic check,49.6,939.8,DSL,No,No,Yes,No,No,No,Male,0,Yes,Yes,No,0
5458,2020-01-01,,Month-to-month,Yes,Electronic check,84.6,84.6,Fiber optic,No,No,No,No,Yes,No,Female,0,No,No,Yes,0
5459,2015-04-01,2019-10-01,Month-to-month,Yes,Credit card (automatic),55.0,3092.65,DSL,No,Yes,No,No,No,No,Male,0,No,Yes,Yes,1
5460,2019-05-01,2019-10-01,Month-to-month,Yes,Mailed check,84.85,415.55,Fiber optic,No,No,Yes,No,Yes,No,Female,1,No,No,No,1
5461,2014-02-01,,Two year,Yes,Bank transfer (automatic),84.2,5986.55,DSL,Yes,No,Yes,Yes,Yes,Yes,Female,0,Yes,Yes,Yes,0
5462,2015-10-01,,Two year,Yes,Electronic check,106.3,5487.0,Fiber optic,Yes,Yes,Yes,Yes,Yes,Yes,Male,0,Yes,No,No,0
5463,2019-05-01,,Month-to-month,No,Electronic check,69.05,651.5,Fiber optic,No,No,No,No,No,No,Female,0,No,No,No,0
5464,2020-01-01,,Month-to-month,Yes,Mailed check,45.4,45.4,DSL,No,No,No,No,No,No,Female,0,No,No,No,0
5465,2019-09-01,2019-10-01,Month-to-month,Yes,Electronic check,73.65,73.65,Fiber optic,No,No,No,No,No,No,Male,1,No,No,Yes,1
5466,2017-03-01,2019-12-01,One year,Yes,Mailed check,73.9,2405.05,DSL,No,No,Yes,Yes,Yes,Yes,Male,0,Yes,Yes,No,1
5467,2015-06-01,2020-01-01,Month-to-month,Yes,Electronic check,77.75,4458.15,Fiber optic,No,No,Yes,No,No,No,Female,0,Yes,No,Yes,1
5468,2014-05-01,,Two year,Yes,Electronic check,99.35,6856.45,Fiber optic,No,No,No,Yes,Yes,Yes,Male,0,Yes,Yes,Yes,0
5469,2020-01-01,,Month-to-month,Yes,Mailed check,50.75,50.75,DSL,Yes,No,No,No,No,No,Male,0,No,No,No,0
5470,2015-08-01,,Two year,No,Bank transfer (automatic),87.1,4735.2,DSL,Yes,No,Yes,Yes,Yes,Yes,Male,0,No,No,Yes,0
5471,2017-05-01,,One year,Yes,Mailed check,20.15,682.15,Fiber optic,No,No,No,No,No,No,Male,0,No,Yes,No,0
5472,2016-05-01,,One year,Yes,Bank transfer (automatic),98.7,4525.8,Fiber optic,No,Yes,Yes,Yes,Yes,No,Male,1,Yes,No,Yes,0
5473,2019-03-01,,Month-to-month,No,Electronic check,25.2,321.05,DSL,No,No,No,No,No,No,Female,0,No,Yes,No,0
5474,2019-08-01,,Month-to-month,Yes,Bank transfer (automatic),55.7,335.65,DSL,Yes,Yes,No,No,No,No,Male,0,No,No,No,0
5475,2018-05-01,,Month-to-month,No,Bank transfer (automatic),65.35,1424.4,DSL,Yes,No,Yes,No,Yes,No,Male,0,No,No,No,0
5476,2014-09-01,,Two year,Yes,Bank transfer (automatic),25.3,1748.55,Fiber optic,No,No,No,No,No,No,Female,0,Yes,Yes,Yes,0
5477,2019-06-01,2019-12-01,Month-to-month,Yes,Electronic check,84.35,474.9,Fiber optic,No,No,No,No,No,Yes,Female,1,Yes,No,Yes,1
5478,2019-02-01,2019-10-01,Month-to-month,No,Electronic check,84.95,668.4,Fiber optic,Yes,No,No,No,Yes,No,Female,0,No,No,No,1
5479,2018-12-01,2019-11-01,Month-to-month,Yes,Electronic check,73.85,926.25,Fiber optic,No,No,No,Yes,No,No,Male,0,No,No,No,1
5480,2016-07-01,,Two year,No,Mailed check,24.25,1077.95,Fiber optic,No,No,No,No,No,No,Male,0,Yes,Yes,Yes,0
5481,2015-09-01,2019-10-01,One year,Yes,Bank transfer (automatic),51.8,2541.25,DSL,No,Yes,No,No,Yes,Yes,Male,0,Yes,Yes,No,1
5482,2019-12-01,2020-01-01,Month-to-month,No,Electronic check,46.0,46.0,DSL,No,No,No,No,No,No,Female,1,Yes,No,No,1
5483,2018-09-01,2019-12-01,Month-to-month,Yes,Electronic check,79.4,1156.1,Fiber optic,No,No,No,No,No,Yes,Male,1,No,No,No,1
5484,2015-02-01,,Two year,No,Bank transfer (automatic),60.5,3694.45,DSL,Yes,Yes,Yes,No,No,No,Male,0,Yes,Yes,No,0
5485,2018-09-01,,Month-to-month,No,Credit card (automatic),25.1,382.8,DSL,No,No,No,No,No,No,Male,0,No,No,No,0
5486,2018-09-01,2020-01-01,Month-to-month,Yes,Bank transfer (automatic),71.8,1167.8,Fiber optic,No,No,No,No,No,No,Male,1,Yes,No,No,1
5487,2017-03-01,,One year,No,Bank transfer (automatic),20.05,746.75,Fiber optic,No,No,No,No,No,No,Male,0,Yes,Yes,No,0
5488,2016-02-01,2019-10-01,One year,No,Mailed check,88.4,3912.9,Fiber optic,No,Yes,No,No,No,Yes,Male,1,Yes,No,Yes,1
5489,2019-02-01,,One year,No,Credit card (automatic),30.25,368.85,DSL,No,No,No,Yes,No,No,Female,0,Yes,Yes,No,0
5490,2017-10-01,,One year,Yes,Electronic check,59.9,1654.7,DSL,Yes,Yes,No,Yes,No,No,Female,0,No,No,No,0
5491,2014-04-01,,Two year,No,Bank transfer (automatic),25.15,1940.85,Fiber optic,No,No,No,No,No,No,Male,0,Yes,No,Yes,0
5492,2019-07-01,2019-12-01,Month-to-month,No,Mailed check,46.0,221.7,DSL,No,No,No,No,No,No,Female,0,No,Yes,No,1
5493,2018-08-01,,Month-to-month,No,Credit card (automatic),101.3,1794.65,Fiber optic,No,Yes,Yes,No,Yes,Yes,Male,0,No,No,No,0
5494,2014-04-01,,Two year,Yes,Credit card (automatic),76.95,5289.8,DSL,Yes,No,No,Yes,Yes,Yes,Male,0,Yes,No,Yes,0
5495,2019-05-01,,Month-to-month,Yes,Mailed check,55.3,501.2,DSL,No,Yes,No,No,No,No,Female,0,Yes,Yes,Yes,0
5496,2014-07-01,,Two year,Yes,Bank transfer (automatic),92.45,6140.85,Fiber optic,Yes,Yes,No,Yes,Yes,No,Female,1,No,No,No,0
5497,2020-01-01,,Month-to-month,Yes,Bank transfer (automatic),48.45,48.45,DSL,Yes,No,No,No,No,No,Female,0,No,No,No,0
5498,2018-08-01,,Two year,No,Mailed check,19.35,309.25,Fiber optic,No,No,No,No,No,No,Female,0,Yes,Yes,No,0
5499,2019-08-01,2019-12-01,Month-to-month,No,Credit card (automatic),51.75,201.1,DSL,No,No,No,No,No,No,Male,0,No,No,Yes,1
5500,2014-03-01,,One year,Yes,Bank transfer (automatic),86.7,6179.35,Fiber optic,Yes,Yes,Yes,No,No,No,Male,1,Yes,Yes,No,0
5501,2017-06-01,2019-12-01,Month-to-month,Yes,Electronic check,94.4,2838.7,Fiber optic,Yes,Yes,No,No,Yes,No,Male,0,Yes,Yes,Yes,1
5502,2020-01-01,,Month-to-month,No,Mailed check,55.7,55.7,DSL,Yes,No,Yes,No,No,No,Male,0,Yes,No,No,0
5503,2015-07-01,,One year,Yes,Credit card (automatic),84.25,4589.85,Fiber optic,Yes,No,Yes,No,No,No,Female,0,No,No,Yes,0
5504,2015-03-01,,Month-to-month,Yes,Electronic check,64.65,3735.45,DSL,No,No,Yes,Yes,Yes,No,Male,0,No,No,No,0
5505,2019-12-01,2020-01-01,Month-to-month,Yes,Mailed check,70.15,70.15,Fiber optic,No,No,No,No,No,No,Female,0,No,No,No,1
5506,2019-07-01,,Month-to-month,Yes,Bank transfer (automatic),69.2,477.55,Fiber optic,No,No,No,No,No,No,Female,0,Yes,No,No,0
5507,2016-05-01,,Two year,No,Bank transfer (automatic),54.65,2553.7,DSL,Yes,No,No,Yes,No,No,Male,0,Yes,Yes,No,0
5508,2015-08-01,,One year,Yes,Bank transfer (automatic),24.75,1342.15,Fiber optic,No,No,No,No,No,No,Female,0,Yes,Yes,Yes,0
5509,2015-11-01,,One year,Yes,Mailed check,23.95,1216.35,Fiber optic,No,No,No,No,No,No,Male,0,Yes,Yes,Yes,0
5510,2014-02-01,,One year,No,Credit card (automatic),105.0,7578.05,Fiber optic,No,Yes,Yes,No,Yes,Yes,Female,1,Yes,No,Yes,0
5511,2016-06-01,,One year,Yes,Bank transfer (automatic),59.85,2603.95,DSL,Yes,Yes,No,Yes,No,No,Male,0,Yes,No,No,0
5512,2019-12-01,,Month-to-month,No,Mailed check,20.05,42.7,Fiber optic,No,No,No,No,No,No,Male,0,No,No,No,0
5513,2014-08-01,,One year,Yes,Bank transfer (automatic),92.15,6056.9,Fiber optic,No,No,Yes,No,Yes,No,Female,0,No,No,Yes,0
5514,2014-06-01,,One year,No,Mailed check,44.8,2983.65,DSL,Yes,Yes,No,No,Yes,No,Male,0,Yes,Yes,No,0
5515,2017-07-01,,Two year,No,Credit card (automatic),20.9,689.35,Fiber optic,No,No,No,No,No,No,Female,0,No,No,No,0
5516,2018-05-01,,Month-to-month,Yes,Bank transfer (automatic),95.4,2025.1,Fiber optic,No,No,No,No,Yes,Yes,Female,1,No,No,Yes,0
5517,2018-05-01,,Month-to-month,No,Electronic check,80.35,1747.2,Fiber optic,Yes,No,No,No,No,No,Male,0,No,Yes,Yes,0
5518,2015-07-01,,Two year,Yes,Bank transfer (automatic),85.1,4657.95,DSL,Yes,No,Yes,Yes,Yes,Yes,Female,0,Yes,Yes,Yes,0
5519,2019-04-01,2020-01-01,Month-to-month,Yes,Credit card (automatic),34.7,296.1,DSL,No,No,No,No,Yes,No,Male,0,No,No,No,1
5520,2014-03-01,,Two year,Yes,Bank transfer (automatic),115.05,8016.6,Fiber optic,Yes,Yes,Yes,Yes,Yes,Yes,Male,1,Yes,No,Yes,0
5521,2019-11-01,2019-12-01,Month-to-month,Yes,Electronic check,81.1,81.1,Fiber optic,No,No,No,No,No,Yes,Female,0,No,No,No,1
5522,2018-04-01,,One year,No,Mailed check,19.95,433.5,Fiber optic,No,No,No,No,No,No,Male,0,Yes,Yes,No,0
5523,2019-12-01,2020-01-01,Month-to-month,No,Mailed check,20.55,20.55,Fiber optic,No,No,No,No,No,No,Female,0,Yes,Yes,No,1
5524,2014-12-01,2020-01-01,Two year,Yes,Electronic check,106.6,6428.4,Fiber optic,No,No,Yes,Yes,Yes,Yes,Female,0,No,No,Yes,1
5525,2014-07-01,,Two year,No,Bank transfer (automatic),86.15,5883.85,DSL,No,Yes,Yes,Yes,Yes,Yes,Female,0,Yes,No,Yes,0
5526,2018-12-01,,Month-to-month,No,Electronic check,78.85,1043.8,Fiber optic,Yes,Yes,No,No,No,No,Female,1,No,No,No,0
5527,2015-01-01,2019-12-01,Month-to-month,Yes,Electronic check,106.75,6252.9,Fiber optic,Yes,Yes,Yes,Yes,Yes,No,Male,0,Yes,No,Yes,1
5528,2018-05-01,,Month-to-month,No,Bank transfer (automatic),86.55,1857.25,Fiber optic,No,No,Yes,No,Yes,No,Male,1,Yes,No,No,0
5529,2019-10-01,,Month-to-month,No,Mailed check,42.4,146.4,DSL,Yes,Yes,No,Yes,No,No,Male,0,No,No,No,0
5530,2019-10-01,2020-01-01,Month-to-month,Yes,Electronic check,89.45,240.45,Fiber optic,No,No,No,No,Yes,Yes,Female,0,No,No,No,1
5531,2014-04-01,,Two year,No,Bank transfer (automatic),24.25,1724.15,Fiber optic,No,No,No,No,No,No,Male,0,Yes,No,Yes,0
5532,2019-07-01,2019-10-01,Month-to-month,Yes,Electronic check,97.9,315.3,Fiber optic,No,Yes,No,Yes,Yes,Yes,Female,0,No,No,No,1
5533,2018-05-01,,One year,No,Bank transfer (automatic),20.5,429.55,Fiber optic,No,No,No,No,No,No,Male,1,No,No,No,0
5534,2018-06-01,,Month-to-month,Yes,Credit card (automatic),19.6,356.15,Fiber optic,No,No,No,No,No,No,Male,0,No,No,No,0
5535,2018-04-01,,One year,No,Bank transfer (automatic),20.25,488.25,Fiber optic,No,No,No,No,No,No,Male,0,Yes,Yes,No,0
5536,2019-12-01,2020-01-01,Month-to-month,Yes,Mailed check,55.7,55.7,DSL,No,No,No,No,No,Yes,Male,0,No,No,No,1
5537,2014-11-01,,Two year,Yes,Mailed check,20.6,1298.7,Fiber optic,No,No,No,No,No,No,Female,0,No,No,No,0
5538,2014-04-01,,Two year,No,Bank transfer (automatic),19.8,1378.75,Fiber optic,No,No,No,No,No,No,Female,0,Yes,Yes,No,0
5539,2018-12-01,2020-01-01,Month-to-month,Yes,Electronic check,79.8,973.45,Fiber optic,No,Yes,Yes,No,No,No,Male,0,No,No,No,1
5540,2019-09-01,,Month-to-month,No,Electronic check,80.2,384.25,Fiber optic,No,No,No,No,Yes,No,Female,0,No,No,No,0
5541,2014-02-01,,Two year,Yes,Credit card (automatic),116.4,8543.25,Fiber optic,Yes,Yes,Yes,Yes,Yes,Yes,Female,0,Yes,Yes,Yes,0
5542,2019-01-01,,Month-to-month,Yes,Electronic check,31.65,389.95,DSL,No,Yes,No,No,No,No,Female,0,No,No,No,0
5543,2015-01-01,,Month-to-month,No,Credit card (automatic),94.15,5731.85,Fiber optic,No,Yes,Yes,Yes,No,Yes,Male,0,Yes,No,No,0
5544,2020-01-01,,Month-to-month,No,Electronic check,20.65,20.65,Fiber optic,No,No,No,No,No,No,Male,0,No,No,No,0
5545,2015-06-01,,Month-to-month,Yes,Bank transfer (automatic),76.85,4275.75,Fiber optic,No,No,No,Yes,No,No,Female,1,Yes,No,Yes,0
5546,2019-10-01,,Month-to-month,No,Mailed check,20.15,84.5,Fiber optic,No,No,No,No,No,No,Female,0,No,No,No,0
5547,2017-03-01,,Two year,No,Mailed check,55.25,1924.1,DSL,Yes,No,No,No,No,No,Male,0,No,No,Yes,0
5548,2018-07-01,2020-01-01,Month-to-month,Yes,Electronic check,39.05,669.85,DSL,No,No,Yes,No,Yes,No,Female,0,Yes,No,No,1
5549,2014-02-01,,Two year,No,Bank transfer (automatic),82.15,5784.3,DSL,No,Yes,Yes,No,Yes,Yes,Male,0,Yes,No,Yes,0
5550,2016-01-01,,One year,No,Bank transfer (automatic),103.0,5166.2,Fiber optic,Yes,Yes,Yes,Yes,No,Yes,Female,1,No,No,Yes,0
5551,2016-06-01,,Month-to-month,Yes,Credit card (automatic),95.1,4060.55,Fiber optic,Yes,Yes,Yes,Yes,No,No,Female,0,Yes,No,Yes,0
5552,2019-09-01,2019-12-01,Month-to-month,Yes,Mailed check,83.9,267.4,Fiber optic,No,No,No,Yes,Yes,No,Female,1,Yes,No,No,1
5553,2017-01-01,,Month-to-month,Yes,Electronic check,95.15,3532.85,Fiber optic,No,Yes,Yes,No,No,Yes,Female,0,Yes,Yes,Yes,0
5554,2015-01-01,,One year,Yes,Electronic check,79.8,4914.8,DSL,No,Yes,Yes,No,Yes,Yes,Male,0,Yes,No,Yes,0
5555,2014-04-01,,Two year,Yes,Credit card (automatic),74.8,5315.8,DSL,Yes,No,Yes,Yes,No,Yes,Male,0,Yes,No,Yes,0
5556,2019-12-01,2020-01-01,Month-to-month,Yes,Electronic check,69.85,69.85,Fiber optic,No,No,No,No,No,No,Female,1,No,No,No,1
5557,2016-09-01,,Month-to-month,No,Electronic check,20.45,775.6,Fiber optic,No,No,No,No,No,No,Female,0,No,No,No,0
5558,2014-04-01,,One year,No,Bank transfer (automatic),78.35,5445.95,DSL,Yes,Yes,Yes,Yes,No,Yes,Male,0,Yes,Yes,Yes,0
5559,2019-11-01,2019-12-01,Month-to-month,Yes,Mailed check,53.55,53.55,DSL,No,No,No,No,Yes,No,Female,0,No,No,No,1
5560,2015-11-01,,One year,No,Electronic check,19.1,1007.8,Fiber optic,No,No,No,No,No,No,Male,0,No,No,No,0
5561,2016-08-01,,Two year,No,Mailed check,20.0,833.55,Fiber optic,No,No,No,No,No,No,Female,0,Yes,Yes,No,0
5562,2014-02-01,2019-12-01,Two year,No,Bank transfer (automatic),93.9,6579.05,Fiber optic,Yes,Yes,Yes,Yes,No,No,Female,0,Yes,Yes,Yes,1
5563,2016-02-01,,One year,No,Bank transfer (automatic),19.95,1004.5,Fiber optic,No,No,No,No,No,No,Male,0,No,No,No,0
5564,2014-05-01,2020-01-01,Two year,Yes,Electronic check,113.15,7856.0,Fiber optic,Yes,Yes,Yes,Yes,Yes,Yes,Male,0,Yes,Yes,Yes,1
5565,2016-02-01,,Two year,No,Credit card (automatic),24.0,1183.05,Fiber optic,No,No,No,No,No,No,Female,0,No,No,Yes,0
5566,2017-08-01,2019-10-01,Month-to-month,No,Electronic check,84.95,2169.75,Fiber optic,No,Yes,No,No,No,Yes,Female,1,Yes,No,No,1
5567,2019-02-01,2020-01-01,Month-to-month,Yes,Bank transfer (automatic),80.5,896.9,Fiber optic,No,Yes,No,No,No,No,Male,0,Yes,No,Yes,1
5568,2019-11-01,2019-12-01,Month-to-month,Yes,Mailed check,19.3,19.3,Fiber optic,No,No,No,No,No,No,Male,0,No,No,No,1
5569,2017-11-01,,One year,No,Mailed check,19.15,501.35,Fiber optic,No,No,No,No,No,No,Female,0,No,No,No,0
5570,2016-04-01,,One year,Yes,Bank transfer (automatic),91.3,4126.35,Fiber optic,No,Yes,Yes,No,Yes,No,Female,1,No,No,No,0
5571,2019-09-01,2019-10-01,Month-to-month,Yes,Mailed check,49.65,49.65,DSL,No,No,Yes,No,No,No,Male,0,No,No,No,1
5572,2016-02-01,2019-12-01,Two year,No,Credit card (automatic),54.35,2460.15,DSL,No,No,Yes,Yes,No,No,Female,0,No,No,No,1
5573,2018-01-01,,Month-to-month,Yes,Mailed check,19.15,477.6,Fiber optic,No,No,No,No,No,No,Male,0,Yes,Yes,No,0
5574,2019-08-01,2019-12-01,Month-to-month,Yes,Electronic check,88.45,370.65,Fiber optic,No,No,No,No,Yes,Yes,Male,0,No,No,No,1
5575,2019-01-01,,Two year,No,Mailed check,19.75,265.75,Fiber optic,No,No,No,No,No,No,Male,0,No,No,No,0
5576,2017-07-01,,One year,Yes,Credit card (automatic),75.5,2424.45,DSL,Yes,Yes,Yes,Yes,No,Yes,Male,0,Yes,No,No,0
5577,2018-03-01,,Month-to-month,Yes,Electronic check,83.75,1849.95,Fiber optic,No,No,No,No,Yes,No,Female,0,Yes,Yes,Yes,0
5578,2019-12-01,,Month-to-month,No,Mailed check,19.4,61.05,Fiber optic,No,No,No,No,No,No,Female,0,No,No,No,0
5579,2014-09-01,,Two year,No,Bank transfer (automatic),26.5,1698.55,Fiber optic,No,No,No,No,No,No,Female,0,No,No,Yes,0
5580,2018-01-01,2019-11-01,Month-to-month,Yes,Bank transfer (automatic),90.5,1910.6,Fiber optic,No,No,No,Yes,Yes,No,Male,1,No,No,Yes,1
5581,2015-07-01,,One year,No,Credit card (automatic),19.15,998.1,Fiber optic,No,No,No,No,No,No,Female,0,Yes,Yes,No,0
5582,2019-01-01,2019-10-01,Month-to-month,Yes,Mailed check,94.85,890.6,Fiber optic,No,Yes,Yes,Yes,Yes,No,Male,0,Yes,No,No,1
5583,2019-06-01,2020-01-01,Month-to-month,Yes,Bank transfer (automatic),69.95,529.5,Fiber optic,No,No,No,No,No,No,Male,0,Yes,Yes,No,1
5584,2017-03-01,,One year,No,Mailed check,40.9,1383.6,DSL,No,No,No,Yes,Yes,No,Female,0,Yes,Yes,No,0
5585,2019-08-01,,Two year,Yes,Mailed check,80.25,493.4,DSL,Yes,No,Yes,Yes,Yes,Yes,Male,0,No,No,No,0
5586,2019-12-01,2020-01-01,Month-to-month,Yes,Credit card (automatic),48.6,48.6,DSL,Yes,No,No,No,No,No,Female,0,No,No,No,1
5587,2018-09-01,,Month-to-month,Yes,Electronic check,70.8,1207.0,Fiber optic,No,No,No,No,No,No,Male,0,No,No,No,0
5588,2019-04-01,,Month-to-month,No,Mailed check,60.2,563.5,DSL,No,No,Yes,No,Yes,No,Male,0,Yes,Yes,No,0
5589,2018-11-01,,One year,No,Credit card (automatic),55.2,864.55,DSL,No,No,Yes,Yes,No,No,Male,0,No,Yes,No,0
5590,2016-08-01,2019-12-01,Month-to-month,Yes,Electronic check,55.8,2109.35,DSL,Yes,Yes,No,No,Yes,Yes,Female,1,No,No,No,1
5591,2019-01-01,,One year,No,Bank transfer (automatic),54.15,701.05,DSL,Yes,No,No,Yes,No,No,Female,0,Yes,Yes,No,0
5592,2017-05-01,2019-10-01,Month-to-month,Yes,Bank transfer (automatic),80.15,2265.25,Fiber optic,No,Yes,No,No,No,No,Male,0,Yes,No,Yes,1
5593,2019-10-01,2020-01-01,Month-to-month,Yes,Electronic check,75.5,220.6,Fiber optic,No,No,No,No,No,No,Female,0,No,No,Yes,1
5594,2015-04-01,,Month-to-month,Yes,Bank transfer (automatic),100.4,5749.8,Fiber optic,No,No,No,Yes,Yes,Yes,Female,1,Yes,No,Yes,0
5595,2016-05-01,,One year,Yes,Credit card (automatic),62.55,2796.45,DSL,Yes,Yes,No,Yes,No,No,Female,0,No,No,No,0
5596,2014-02-01,,Two year,Yes,Bank transfer (automatic),70.45,5165.7,DSL,Yes,Yes,Yes,Yes,No,No,Female,0,Yes,Yes,Yes,0
5597,2014-06-01,,One year,Yes,Bank transfer (automatic),85.5,5696.6,Fiber optic,Yes,Yes,No,No,No,No,Male,0,Yes,Yes,Yes,0
5598,2019-10-01,2019-11-01,Month-to-month,Yes,Bank transfer (automatic),20.2,20.2,Fiber optic,No,No,No,No,No,No,Male,0,No,No,No,1
5599,2016-12-01,,Month-to-month,No,Electronic check,54.5,2076.05,DSL,Yes,Yes,No,No,No,No,Female,0,Yes,Yes,No,0
5600,2019-12-01,,Month-to-month,No,Mailed check,20.75,44.2,Fiber optic,No,No,No,No,No,No,Male,0,No,No,No,0
5601,2019-03-01,,Month-to-month,No,Mailed check,20.35,215.25,Fiber optic,No,No,No,No,No,No,Male,0,No,No,No,0
5602,2018-06-01,,One year,Yes,Bank transfer (automatic),91.0,1859.5,Fiber optic,No,No,No,No,Yes,Yes,Female,1,Yes,No,No,0
5603,2014-02-01,,Two year,Yes,Bank transfer (automatic),104.8,7470.1,Fiber optic,No,Yes,Yes,No,Yes,Yes,Male,0,Yes,No,Yes,0
5604,2019-09-01,2019-12-01,Month-to-month,Yes,Credit card (automatic),74.75,229.5,Fiber optic,No,No,No,No,No,No,Female,0,Yes,No,Yes,1
5605,2017-12-01,2019-11-01,Month-to-month,Yes,Mailed check,104.05,2470.1,Fiber optic,No,No,Yes,Yes,Yes,Yes,Male,0,No,No,Yes,1
5606,2016-10-01,,Month-to-month,Yes,Electronic check,51.1,2092.9,DSL,No,No,No,Yes,No,No,Male,0,No,No,No,0
5607,2014-12-01,,Month-to-month,Yes,Bank transfer (automatic),89.8,5629.55,Fiber optic,No,Yes,No,No,No,Yes,Male,1,Yes,No,Yes,0
5608,2018-04-01,,Month-to-month,Yes,Electronic check,20.55,469.85,Fiber optic,No,No,No,No,No,No,Female,0,No,Yes,No,0
5609,2019-03-01,,Month-to-month,No,Bank transfer (automatic),64.05,733.95,DSL,Yes,No,Yes,No,No,Yes,Female,0,No,No,No,0
5610,2019-07-01,,Month-to-month,Yes,Electronic check,74.85,485.25,Fiber optic,No,No,No,No,No,No,Male,1,Yes,No,Yes,0
5611,2018-09-01,2019-10-01,Month-to-month,Yes,Electronic check,96.65,1244.5,Fiber optic,Yes,Yes,No,No,Yes,No,Female,0,No,No,Yes,1
5612,2019-12-01,2020-01-01,Month-to-month,No,Mailed check,20.05,20.05,Fiber optic,No,No,No,No,No,No,Male,1,No,No,No,1
5613,2016-10-01,2020-01-01,Month-to-month,Yes,Electronic check,103.45,3994.45,Fiber optic,No,Yes,Yes,No,Yes,Yes,Female,0,No,No,Yes,1
5614,2019-11-01,,Month-to-month,No,Mailed check,25.0,78.25,DSL,No,No,No,No,No,No,Male,0,Yes,No,No,0
5615,2015-04-01,,Two year,No,Credit card (automatic),20.3,1131.5,Fiber optic,No,No,No,No,No,No,Male,0,No,No,No,0
5616,2019-08-01,,Month-to-month,No,Mailed check,26.35,184.05,Fiber optic,No,No,No,No,No,No,Male,0,No,Yes,Yes,0
5617,2019-12-01,2020-01-01,Month-to-month,Yes,Electronic check,19.9,19.9,Fiber optic,No,No,No,No,No,No,Female,0,Yes,Yes,No,1
5618,2018-04-01,,Month-to-month,Yes,Mailed check,54.7,1178.75,DSL,No,Yes,Yes,No,No,No,Female,0,Yes,No,No,0
5619,2018-11-01,2020-01-01,Month-to-month,No,Electronic check,46.35,667.7,DSL,No,No,No,No,Yes,Yes,Male,0,Yes,No,No,1
5620,2014-10-01,,One year,No,Credit card (automatic),90.25,5629.15,Fiber optic,No,No,Yes,No,No,Yes,Male,0,Yes,Yes,Yes,0
5621,2019-12-01,2020-01-01,Month-to-month,No,Electronic check,19.95,19.95,Fiber optic,No,No,No,No,No,No,Male,0,No,No,No,1
5622,2019-08-01,,Month-to-month,No,Mailed check,20.65,109.3,Fiber optic,No,No,No,No,No,No,Male,0,No,No,No,0
5623,2019-12-01,2020-01-01,Month-to-month,No,Electronic check,79.6,79.6,Fiber optic,No,No,No,No,No,Yes,Male,0,No,No,No,1
5624,2016-11-01,,One year,No,Bank transfer (automatic),25.45,958.45,Fiber optic,No,No,No,No,No,No,Male,0,No,Yes,Yes,0
5625,2018-06-01,,One year,No,Mailed check,19.5,403.15,Fiber optic,No,No,No,No,No,No,Female,0,No,No,No,0
5626,2019-11-01,2019-12-01,Month-to-month,Yes,Electronic check,75.9,75.9,Fiber optic,No,No,No,Yes,No,No,Male,0,No,No,No,1
5627,2019-09-01,2019-10-01,Month-to-month,No,Electronic check,76.2,76.2,Fiber optic,No,No,Yes,No,No,No,Male,0,Yes,No,No,1
5628,2014-10-01,,One year,Yes,Credit card (automatic),66.15,4392.5,DSL,Yes,No,No,No,Yes,No,Male,0,Yes,No,Yes,0
5629,2019-10-01,2019-11-01,Month-to-month,No,Mailed check,19.25,19.25,Fiber optic,No,No,No,No,No,No,Male,0,No,Yes,No,1
5630,2016-04-01,,Month-to-month,Yes,Credit card (automatic),69.1,3168.0,DSL,No,Yes,No,No,Yes,Yes,Female,0,Yes,No,No,0
5631,2017-10-01,,One year,Yes,Electronic check,39.1,1096.6,DSL,No,Yes,No,No,No,Yes,Female,1,Yes,Yes,No,0
5632,2017-05-01,,Month-to-month,No,Mailed check,20.05,669.45,Fiber optic,No,No,No,No,No,No,Female,0,Yes,No,No,0
5633,2016-11-01,,One year,No,Electronic check,59.8,2343.85,DSL,Yes,Yes,Yes,No,No,No,Male,0,Yes,Yes,No,0
5634,2016-04-01,2019-10-01,Month-to-month,Yes,Electronic check,84.3,3588.4,Fiber optic,No,No,Yes,Yes,No,No,Female,0,Yes,No,Yes,1
5635,2020-01-01,,Month-to-month,Yes,Electronic check,48.6,48.6,DSL,No,Yes,No,No,No,No,Female,0,No,No,No,0
5636,2019-06-01,2020-01-01,Month-to-month,Yes,Electronic check,79.0,522.95,Fiber optic,No,No,No,No,Yes,No,Female,0,No,No,No,1
5637,2014-04-01,,Two year,No,Credit card (automatic),105.35,7511.9,Fiber optic,Yes,Yes,Yes,No,Yes,Yes,Male,1,Yes,No,No,0
5638,2014-09-01,,Two year,Yes,Bank transfer (automatic),25.1,1725.0,Fiber optic,No,No,No,No,No,No,Male,0,No,No,Yes,0
5639,2020-01-01,,Month-to-month,No,Electronic check,49.75,49.75,DSL,Yes,No,No,No,No,No,Male,0,No,No,No,0
5640,2018-08-01,,Month-to-month,Yes,Electronic check,94.75,1691.9,Fiber optic,No,No,No,No,Yes,Yes,Male,0,Yes,No,Yes,0
5641,2018-02-01,,Month-to-month,Yes,Electronic check,93.0,2248.05,Fiber optic,No,No,No,No,Yes,Yes,Male,0,Yes,No,Yes,0
5642,2014-11-01,,Two year,Yes,Bank transfer (automatic),71.9,4479.2,DSL,Yes,No,Yes,Yes,No,Yes,Male,0,No,No,Yes,0
5643,2016-06-01,,One year,Yes,Mailed check,77.55,3471.1,DSL,No,Yes,No,No,Yes,Yes,Female,0,No,Yes,Yes,0
5644,2019-10-01,,Month-to-month,Yes,Electronic check,19.85,63.0,Fiber optic,No,No,No,No,No,No,Male,0,No,No,No,0
5645,2019-10-01,2019-11-01,Month-to-month,Yes,Electronic check,70.25,70.25,Fiber optic,No,No,No,No,No,No,Female,0,No,No,No,1
5646,2017-01-01,,Month-to-month,Yes,Electronic check,95.25,3314.15,Fiber optic,No,No,No,No,Yes,Yes,Female,0,Yes,Yes,Yes,0
5647,2019-01-01,2019-11-01,Month-to-month,Yes,Credit card (automatic),84.6,865.55,Fiber optic,No,No,Yes,No,No,Yes,Female,1,No,No,No,1
5648,2017-04-01,,Month-to-month,Yes,Bank transfer (automatic),25.05,852.7,DSL,No,No,No,No,No,No,Male,0,No,No,No,0
5649,2017-03-01,,One year,No,Credit card (automatic),53.15,1930.9,DSL,Yes,No,Yes,No,Yes,Yes,Male,0,Yes,No,No,0
5650,2019-10-01,,Month-to-month,No,Electronic check,20.15,91.4,Fiber optic,No,No,No,No,No,No,Female,0,Yes,No,No,0
5651,2016-11-01,,Month-to-month,Yes,Electronic check,101.25,3949.15,Fiber optic,No,No,No,Yes,Yes,Yes,Female,1,Yes,No,Yes,0
5652,2016-07-01,,One year,Yes,Bank transfer (automatic),100.55,4304.0,Fiber optic,No,Yes,Yes,No,Yes,Yes,Male,1,Yes,No,No,0
5653,2018-06-01,2019-11-01,Month-to-month,No,Mailed check,24.1,409.9,Fiber optic,No,No,No,No,No,No,Female,0,Yes,Yes,Yes,1
5654,2015-01-01,,Two year,No,Bank transfer (automatic),25.3,1554.9,Fiber optic,No,No,No,No,No,No,Female,0,Yes,No,Yes,0
5655,2016-01-01,,One year,No,Electronic check,71.8,3472.05,DSL,Yes,Yes,Yes,No,No,Yes,Female,0,Yes,No,Yes,0
5656,2019-10-01,,One year,No,Mailed check,19.7,117.8,Fiber optic,No,No,No,No,No,No,Male,0,No,No,No,0
5657,2014-10-01,,Two year,No,Electronic check,49.85,3210.35,DSL,No,Yes,Yes,Yes,No,Yes,Female,0,Yes,Yes,No,0
5658,2019-11-01,,Month-to-month,Yes,Mailed check,69.6,207.4,Fiber optic,No,No,No,No,No,No,Male,0,No,No,No,0
5659,2020-01-01,,Month-to-month,No,Electronic check,19.75,19.75,Fiber optic,No,No,No,No,No,No,Male,0,Yes,Yes,No,0
5660,2016-10-01,,One year,No,Electronic check,80.8,3132.75,Fiber optic,No,Yes,Yes,No,No,No,Male,0,Yes,No,No,0
5661,2019-12-01,2020-01-01,Month-to-month,Yes,Electronic check,60.0,60.0,DSL,Yes,Yes,No,Yes,No,No,Female,0,No,Yes,No,1
5662,2019-03-01,2019-11-01,Month-to-month,Yes,Electronic check,86.55,649.65,Fiber optic,No,No,No,No,No,Yes,Male,0,No,No,Yes,1
5663,2019-10-01,2019-11-01,Month-to-month,Yes,Mailed check,20.85,20.85,Fiber optic,No,No,No,No,No,No,Female,1,Yes,No,No,1
5664,2017-04-01,,One year,No,Bank transfer (automatic),64.2,2106.3,DSL,No,No,Yes,Yes,Yes,No,Female,1,Yes,No,No,0
5665,2020-01-01,,Month-to-month,No,Electronic check,35.0,35.0,DSL,No,No,No,No,No,Yes,Female,0,Yes,No,No,0
5666,2016-10-01,2020-01-01,Month-to-month,Yes,Electronic check,50.75,2011.4,DSL,No,No,Yes,No,Yes,Yes,Female,0,No,No,No,1
5667,2014-12-01,2019-10-01,One year,Yes,Credit card (automatic),105.5,6205.5,Fiber optic,Yes,Yes,No,Yes,Yes,Yes,Female,1,Yes,No,No,1
5668,2016-05-01,,Two year,No,Electronic check,19.2,903.7,Fiber optic,No,No,No,No,No,No,Male,0,Yes,Yes,No,0
5669,2019-07-01,2020-01-01,Month-to-month,Yes,Bank transfer (automatic),85.15,503.6,Fiber optic,Yes,No,No,No,Yes,No,Male,1,No,No,No,1
5670,2016-07-01,,One year,Yes,Credit card (automatic),90.65,3882.3,Fiber optic,Yes,Yes,Yes,Yes,No,No,Male,0,No,No,No,0
5671,2016-09-01,,Two year,Yes,Mailed check,20.0,879.8,Fiber optic,No,No,No,No,No,No,Male,0,Yes,Yes,No,0
5672,2019-09-01,,Month-to-month,Yes,Electronic check,74.65,383.65,Fiber optic,No,Yes,No,No,No,No,Male,0,No,No,No,0
5673,2014-02-01,,Two year,Yes,Credit card (automatic),61.2,4390.25,DSL,Yes,No,Yes,Yes,Yes,Yes,Male,0,No,No,No,0
5674,2019-10-01,,One year,No,Mailed check,19.95,68.2,Fiber optic,No,No,No,No,No,No,Male,0,No,No,No,0
5675,2019-05-01,,Month-to-month,No,Mailed check,54.8,452.8,DSL,No,Yes,No,Yes,No,No,Male,0,Yes,Yes,No,0
5676,2014-02-01,,Two year,Yes,Credit card (automatic),73.45,5329.0,DSL,No,No,Yes,No,Yes,Yes,Male,1,Yes,No,Yes,0
5677,2017-05-01,,One year,Yes,Mailed check,51.45,1758.9,DSL,No,No,No,Yes,No,No,Female,0,Yes,No,No,0
5678,2014-02-01,,Two year,No,Bank transfer (automatic),80.45,5737.6,Fiber optic,Yes,No,No,No,No,No,Female,0,Yes,No,Yes,0
5679,2018-01-01,2019-11-01,Month-to-month,Yes,Electronic check,54.2,1152.7,DSL,Yes,No,No,Yes,No,No,Male,0,Yes,No,No,1
5680,2014-02-01,2019-12-01,One year,Yes,Electronic check,109.5,7674.55,Fiber optic,No,Yes,Yes,Yes,Yes,Yes,Female,0,Yes,No,Yes,1
5681,2018-01-01,2019-10-01,Month-to-month,No,Electronic check,104.4,2157.95,Fiber optic,No,Yes,Yes,No,Yes,Yes,Male,0,Yes,Yes,Yes,1
5682,2018-11-01,,Month-to-month,No,Electronic check,85.3,1219.85,Fiber optic,No,No,Yes,No,Yes,No,Male,0,No,No,No,0
5683,2017-09-01,,Month-to-month,Yes,Electronic check,79.3,2414.55,Fiber optic,No,No,No,Yes,No,No,Male,1,Yes,No,Yes,0
5684,2018-11-01,,Month-to-month,No,Bank transfer (automatic),76.5,1155.6,DSL,No,Yes,Yes,Yes,Yes,Yes,Female,0,Yes,Yes,No,0
5685,2014-02-01,2020-01-01,Month-to-month,Yes,Credit card (automatic),105.1,7548.1,Fiber optic,Yes,Yes,No,No,Yes,Yes,Male,1,Yes,Yes,Yes,1
5686,2014-02-01,,Two year,No,Bank transfer (automatic),25.4,1809.35,Fiber optic,No,No,No,No,No,No,Male,1,No,No,Yes,0
5687,2018-07-01,,Month-to-month,Yes,Electronic check,86.85,1564.4,Fiber optic,No,No,No,No,Yes,No,Female,0,Yes,No,Yes,0
5688,2020-01-01,,Month-to-month,No,Mailed check,19.65,19.65,Fiber optic,No,No,No,No,No,No,Male,0,No,No,No,0
5689,2019-12-01,2020-01-01,Month-to-month,Yes,Electronic check,75.7,75.7,Fiber optic,No,Yes,No,No,No,No,Female,0,No,No,No,1
5690,2019-12-01,,Month-to-month,No,Electronic check,45.55,84.4,DSL,No,No,No,No,No,No,Female,0,No,No,No,0
5691,2019-03-01,,Month-to-month,Yes,Credit card (automatic),78.1,864.85,Fiber optic,No,No,Yes,No,No,No,Female,1,Yes,Yes,Yes,0
5692,2019-02-01,,One year,No,Mailed check,19.3,228.75,Fiber optic,No,No,No,No,No,No,Female,0,No,No,No,0
5693,2014-04-01,,Two year,Yes,Electronic check,110.5,7752.05,Fiber optic,No,Yes,Yes,Yes,Yes,Yes,Female,0,Yes,No,Yes,0
5694,2018-04-01,2019-12-01,Month-to-month,No,Electronic check,90.8,1951.0,Fiber optic,No,No,Yes,No,Yes,No,Female,1,Yes,No,Yes,1
5695,2018-03-01,,Month-to-month,Yes,Bank transfer (automatic),20.3,470.6,Fiber optic,No,No,No,No,No,No,Female,0,No,No,No,0
5696,2016-01-01,,Two year,No,Credit card (automatic),81.35,4060.9,DSL,Yes,Yes,Yes,Yes,No,Yes,Male,1,No,No,Yes,0
5697,2019-08-01,2019-12-01,Month-to-month,Yes,Electronic check,97.95,384.5,Fiber optic,No,Yes,No,No,Yes,Yes,Female,0,Yes,Yes,Yes,1
5698,2017-04-01,2019-12-01,Month-to-month,Yes,Credit card (automatic),108.15,3432.9,Fiber optic,Yes,Yes,No,Yes,Yes,Yes,Male,0,No,No,Yes,1
5699,2019-12-01,,Month-to-month,Yes,Electronic check,55.3,108.65,DSL,No,No,No,No,No,Yes,Male,0,No,Yes,No,0
5700,2014-05-01,,Two year,No,Credit card (automatic),56.55,3952.65,DSL,Yes,Yes,No,No,Yes,Yes,Male,1,Yes,No,No,0
5701,2019-04-01,2019-10-01,Month-to-month,Yes,Credit card (automatic),80.5,463.05,Fiber optic,No,No,No,No,Yes,No,Male,0,No,No,No,1
6043,2017-12-01,,Month-to-month,Yes,Mailed check,49.5,1265.65,DSL,No,No,No,No,No,No,Female,0,No,Yes,Yes,0
5702,2018-02-01,,Two year,Yes,Mailed check,19.7,494.05,Fiber optic,No,No,No,No,No,No,Female,0,Yes,Yes,No,0
5703,2017-06-01,,One year,Yes,Credit card (automatic),104.05,3416.85,Fiber optic,No,Yes,Yes,No,Yes,Yes,Female,0,No,No,Yes,0
5704,2017-11-01,,Two year,No,Bank transfer (automatic),52.85,1498.65,DSL,Yes,Yes,No,No,No,No,Female,0,No,No,No,0
5705,2017-09-01,2019-12-01,Month-to-month,Yes,Bank transfer (automatic),104.3,2867.75,Fiber optic,Yes,No,No,Yes,Yes,Yes,Female,1,Yes,No,Yes,1
5706,2015-04-01,,Month-to-month,No,Bank transfer (automatic),80.65,4807.35,Fiber optic,No,No,No,Yes,No,No,Male,0,No,No,Yes,0
5707,2019-11-01,2019-12-01,Month-to-month,Yes,Mailed check,71.35,71.35,Fiber optic,No,No,No,No,No,No,Male,0,No,No,No,1
5708,2018-08-01,,Two year,Yes,Credit card (automatic),24.65,471.35,Fiber optic,No,No,No,No,No,No,Female,0,Yes,Yes,Yes,0
5709,2016-03-01,,Two year,Yes,Bank transfer (automatic),21.3,1041.8,Fiber optic,No,No,No,No,No,No,Female,0,Yes,Yes,No,0
5710,2014-04-01,,Two year,Yes,Electronic check,110.2,7689.8,Fiber optic,No,Yes,Yes,Yes,Yes,Yes,Female,0,Yes,Yes,Yes,0
5711,2018-09-01,2019-10-01,Month-to-month,No,Electronic check,89.4,1132.35,Fiber optic,No,Yes,Yes,Yes,No,No,Female,0,No,No,Yes,1
5712,2017-02-01,,Month-to-month,No,Credit card (automatic),51.05,1815.0,DSL,Yes,No,No,No,No,No,Female,0,Yes,Yes,No,0
5713,2014-07-01,,Two year,Yes,Mailed check,19.8,1311.3,Fiber optic,No,No,No,No,No,No,Male,0,No,No,No,0
5714,2019-04-01,,Month-to-month,Yes,Mailed check,19.9,199.45,Fiber optic,No,No,No,No,No,No,Female,0,No,No,No,0
5715,2018-07-01,,Month-to-month,Yes,Electronic check,87.3,1637.3,Fiber optic,Yes,No,No,No,No,Yes,Male,1,No,No,No,0
5716,2014-03-01,,Two year,No,Bank transfer (automatic),19.85,1326.35,Fiber optic,No,No,No,No,No,No,Female,0,Yes,Yes,No,0
5717,2014-02-01,,Two year,Yes,Mailed check,89.4,6376.55,DSL,Yes,Yes,Yes,Yes,Yes,Yes,Male,0,Yes,Yes,Yes,0
5718,2016-02-01,,Two year,No,Mailed check,20.0,935.9,Fiber optic,No,No,No,No,No,No,Female,0,Yes,Yes,No,0
5719,2018-08-01,,Month-to-month,No,Electronic check,83.25,1611.15,DSL,Yes,No,Yes,Yes,Yes,Yes,Male,0,Yes,Yes,No,0
5720,2019-09-01,2019-10-01,Month-to-month,No,Mailed check,20.6,20.6,Fiber optic,No,No,No,No,No,No,Male,0,No,No,No,1
5721,2014-07-01,,Two year,No,Bank transfer (automatic),102.9,6989.7,Fiber optic,No,Yes,No,Yes,Yes,Yes,Male,1,Yes,No,Yes,0
5722,2014-05-01,,Two year,No,Mailed check,39.1,2779.5,DSL,Yes,No,Yes,Yes,No,No,Male,0,Yes,Yes,No,0
5723,2018-06-01,2020-01-01,Month-to-month,Yes,Electronic check,99.95,1931.75,Fiber optic,No,Yes,No,No,Yes,Yes,Male,0,No,No,Yes,1
5724,2014-02-01,,Two year,Yes,Mailed check,114.5,8331.95,Fiber optic,Yes,Yes,Yes,Yes,Yes,Yes,Male,1,Yes,No,Yes,0
5725,2016-12-01,,Two year,No,Mailed check,20.2,735.9,Fiber optic,No,No,No,No,No,No,Female,1,No,No,No,0
5726,2016-10-01,,One year,No,Electronic check,55.8,2283.3,DSL,No,No,No,No,No,Yes,Male,1,Yes,No,No,0
5727,2015-01-01,,Two year,Yes,Mailed check,24.2,1445.2,Fiber optic,No,No,No,No,No,No,Female,0,Yes,Yes,Yes,0
5728,2019-03-01,2020-01-01,Month-to-month,Yes,Credit card (automatic),81.0,818.05,Fiber optic,No,Yes,No,No,No,No,Female,0,No,No,Yes,1
5729,2017-06-01,,One year,Yes,Credit card (automatic),72.8,2333.05,DSL,Yes,No,No,Yes,Yes,No,Male,0,Yes,No,Yes,0
5730,2018-05-01,,Month-to-month,Yes,Credit card (automatic),99.85,1992.55,Fiber optic,No,Yes,No,No,Yes,Yes,Female,0,No,No,Yes,0
5731,2015-03-01,,One year,Yes,Electronic check,99.5,5890.0,Fiber optic,No,No,Yes,No,Yes,Yes,Female,1,No,No,Yes,0
5732,2018-09-01,2019-10-01,Month-to-month,Yes,Electronic check,70.15,916.75,Fiber optic,No,No,No,No,No,No,Female,1,Yes,No,No,1
5733,2016-03-01,,Two year,No,Credit card (automatic),20.25,1029.8,Fiber optic,No,No,No,No,No,No,Female,0,No,No,No,0
5734,2014-05-01,,Two year,Yes,Bank transfer (automatic),26.0,1796.55,Fiber optic,No,No,No,No,No,No,Male,0,Yes,Yes,Yes,0
5735,2019-12-01,,Month-to-month,Yes,Credit card (automatic),19.9,33.7,Fiber optic,No,No,No,No,No,No,Male,0,No,No,No,0
5736,2018-04-01,,Month-to-month,No,Bank transfer (automatic),19.05,454.05,Fiber optic,No,No,No,No,No,No,Female,0,Yes,Yes,No,0
5737,2018-11-01,,Month-to-month,Yes,Electronic check,96.5,1392.25,Fiber optic,Yes,No,Yes,No,Yes,No,Male,1,Yes,No,Yes,0
5738,2015-09-01,,Two year,No,Credit card (automatic),19.85,1049.6,Fiber optic,No,No,No,No,No,No,Female,0,No,No,No,0
5739,2017-10-01,,Month-to-month,No,Mailed check,25.7,734.6,Fiber optic,No,No,No,No,No,No,Female,1,Yes,No,Yes,0
5740,2018-04-01,,One year,No,Mailed check,20.3,475.1,Fiber optic,No,No,No,No,No,No,Male,0,No,No,No,0
5741,2019-10-01,2019-11-01,Month-to-month,Yes,Mailed check,70.15,70.15,Fiber optic,No,No,No,No,No,No,Female,0,No,No,No,1
5742,2018-10-01,,Month-to-month,Yes,Electronic check,91.55,1540.05,Fiber optic,No,No,Yes,Yes,No,Yes,Male,1,Yes,No,No,0
5743,2016-02-01,,Two year,No,Mailed check,39.4,1978.65,DSL,Yes,Yes,No,Yes,No,No,Female,0,Yes,Yes,No,0
5744,2017-08-01,,Month-to-month,Yes,Bank transfer (automatic),105.7,3181.8,Fiber optic,Yes,Yes,Yes,Yes,Yes,No,Male,1,Yes,No,Yes,0
5745,2019-11-01,,Month-to-month,Yes,Electronic check,70.25,229.7,Fiber optic,No,No,No,No,No,No,Female,0,No,No,No,0
5746,2015-05-01,,Two year,No,Electronic check,93.75,5625.55,Fiber optic,Yes,No,No,Yes,No,Yes,Male,1,No,No,Yes,0
5747,2014-02-01,2019-10-01,One year,Yes,Credit card (automatic),96.55,6581.9,Fiber optic,Yes,Yes,No,No,No,Yes,Female,1,Yes,No,Yes,1
5748,2018-03-01,,One year,No,Bank transfer (automatic),60.0,1347.15,DSL,No,No,No,Yes,Yes,No,Female,0,Yes,No,No,0
5749,2014-09-01,,Two year,Yes,Credit card (automatic),59.8,3808.2,DSL,No,No,No,Yes,Yes,No,Female,0,Yes,No,No,0
5750,2016-06-01,,One year,Yes,Bank transfer (automatic),90.65,3974.15,Fiber optic,No,No,No,No,Yes,Yes,Male,0,Yes,No,No,0
5751,2014-03-01,,Two year,Yes,Bank transfer (automatic),109.0,7661.8,Fiber optic,Yes,Yes,Yes,No,Yes,Yes,Female,0,Yes,Yes,Yes,0
5752,2017-01-01,,One year,No,Credit card (automatic),68.1,2479.25,DSL,Yes,No,Yes,Yes,No,No,Female,0,Yes,No,Yes,0
5753,2019-02-01,,Month-to-month,No,Mailed check,20.4,266.6,Fiber optic,No,No,No,No,No,No,Female,0,No,No,No,0
5754,2014-05-01,,Two year,Yes,Bank transfer (automatic),81.95,5601.4,DSL,No,Yes,Yes,Yes,Yes,Yes,Male,0,Yes,Yes,Yes,0
5755,2017-03-01,,Month-to-month,No,Electronic check,60.55,1982.6,DSL,Yes,Yes,Yes,No,No,No,Female,0,No,No,No,0
5756,2019-09-01,,Month-to-month,Yes,Bank transfer (automatic),65.6,339.9,DSL,No,Yes,No,Yes,No,Yes,Male,0,No,No,No,0
5757,2015-04-01,,Two year,No,Bank transfer (automatic),82.5,4828.05,Fiber optic,No,No,No,No,Yes,No,Male,0,Yes,Yes,Yes,0
5758,2014-02-01,,Two year,Yes,Bank transfer (automatic),82.3,5980.55,DSL,Yes,Yes,Yes,Yes,No,Yes,Male,0,Yes,No,Yes,0
5759,2014-02-01,,Two year,No,Mailed check,68.15,4808.7,DSL,Yes,Yes,Yes,Yes,No,No,Male,0,Yes,No,Yes,0
5760,2020-01-01,,Month-to-month,No,Credit card (automatic),20.3,20.3,Fiber optic,No,No,No,No,No,No,Female,0,No,No,No,0
5761,2016-09-01,2019-12-01,One year,Yes,Electronic check,95.55,3692.85,Fiber optic,Yes,No,Yes,Yes,Yes,No,Female,0,No,No,No,1
5762,2015-09-01,,One year,No,Credit card (automatic),20.2,1068.15,Fiber optic,No,No,No,No,No,No,Male,0,Yes,Yes,No,0
5763,2017-11-01,,Month-to-month,Yes,Electronic check,89.2,2383.6,Fiber optic,No,No,Yes,Yes,No,Yes,Female,0,No,No,No,0
5764,2019-11-01,2019-12-01,Month-to-month,Yes,Electronic check,69.65,69.65,Fiber optic,No,No,No,No,No,No,Female,1,No,No,No,1
5765,2019-12-01,2020-01-01,Month-to-month,Yes,Electronic check,89.3,89.3,Fiber optic,No,No,No,No,Yes,Yes,Female,1,No,No,No,1
5766,2018-08-01,,Month-to-month,No,Electronic check,74.8,1438.05,Fiber optic,Yes,No,No,No,No,No,Female,0,Yes,No,No,0
5767,2016-04-01,,Two year,Yes,Mailed check,20.2,917.45,Fiber optic,No,No,No,No,No,No,Male,0,Yes,Yes,No,0
5768,2014-02-01,,Two year,Yes,Credit card (automatic),84.4,6096.45,DSL,Yes,No,Yes,Yes,Yes,Yes,Female,0,Yes,No,Yes,0
5769,2016-11-01,2019-11-01,Month-to-month,Yes,Electronic check,87.55,3078.1,Fiber optic,No,No,Yes,Yes,No,Yes,Female,0,No,No,No,1
5770,2019-10-01,,Month-to-month,Yes,Electronic check,25.15,99.95,DSL,No,No,No,No,No,No,Female,0,Yes,No,No,0
5771,2018-01-01,,Two year,No,Credit card (automatic),19.8,475.2,Fiber optic,No,No,No,No,No,No,Female,0,No,No,No,0
5772,2016-10-01,,Month-to-month,Yes,Electronic check,50.85,2036.55,DSL,No,Yes,No,No,Yes,Yes,Female,0,Yes,Yes,No,0
5773,2014-11-01,,Month-to-month,Yes,Electronic check,102.4,6444.05,Fiber optic,No,Yes,Yes,No,Yes,Yes,Male,0,Yes,No,Yes,0
5774,2018-08-01,2019-11-01,Month-to-month,Yes,Mailed check,96.3,1426.75,Fiber optic,Yes,No,Yes,Yes,No,Yes,Female,1,No,No,No,1
5775,2018-12-01,,Month-to-month,Yes,Credit card (automatic),55.5,767.55,DSL,No,Yes,No,No,No,No,Male,0,No,No,Yes,0
5776,2014-02-01,,Two year,Yes,Bank transfer (automatic),109.75,7932.5,Fiber optic,No,Yes,Yes,Yes,Yes,Yes,Male,1,Yes,No,Yes,0
5777,2016-11-01,,Month-to-month,Yes,Electronic check,106.4,4040.65,Fiber optic,Yes,Yes,No,No,Yes,Yes,Male,0,No,No,Yes,0
5778,2016-03-01,,Two year,Yes,Credit card (automatic),60.0,2768.65,DSL,Yes,Yes,Yes,No,Yes,Yes,Female,0,Yes,Yes,No,0
5779,2018-07-01,,Month-to-month,Yes,Credit card (automatic),88.8,1672.35,Fiber optic,Yes,Yes,No,Yes,No,No,Male,0,Yes,No,Yes,0
5780,2019-06-01,2019-11-01,Month-to-month,Yes,Electronic check,85.2,474.8,Fiber optic,No,No,No,No,Yes,No,Female,0,No,No,Yes,1
5781,2018-11-01,2019-12-01,Month-to-month,Yes,Electronic check,35.1,446.1,DSL,No,No,No,No,No,Yes,Female,0,No,No,No,1
5782,2018-09-01,,Month-to-month,No,Bank transfer (automatic),80.05,1345.65,Fiber optic,No,No,Yes,No,No,No,Female,0,No,No,Yes,0
5783,2017-04-01,,Month-to-month,Yes,Electronic check,75.55,2425.4,Fiber optic,No,No,No,No,No,No,Male,1,Yes,No,Yes,0
5784,2016-08-01,,Month-to-month,Yes,Electronic check,49.55,2077.95,DSL,No,Yes,No,No,No,No,Female,0,No,No,No,0
5785,2019-05-01,2019-10-01,Month-to-month,Yes,Electronic check,81.3,416.3,Fiber optic,No,Yes,No,No,No,No,Male,0,Yes,No,Yes,1
5786,2014-03-01,,Two year,No,Credit card (automatic),23.9,1663.5,Fiber optic,No,No,No,No,No,No,Female,0,Yes,Yes,Yes,0
5787,2018-07-01,,Month-to-month,No,Bank transfer (automatic),66.4,1286.05,DSL,Yes,No,Yes,No,Yes,No,Male,1,Yes,No,No,0
5788,2019-08-01,2019-10-01,Month-to-month,Yes,Electronic check,19.6,35.85,Fiber optic,No,No,No,No,No,No,Female,0,No,Yes,No,1
5789,2015-05-01,,Two year,No,Credit card (automatic),18.8,1094.35,Fiber optic,No,No,No,No,No,No,Male,0,No,No,No,0
5790,2014-02-01,,Two year,Yes,Electronic check,108.4,7719.5,Fiber optic,No,Yes,Yes,Yes,Yes,Yes,Male,0,Yes,No,Yes,0
5791,2019-08-01,,Month-to-month,Yes,Mailed check,85.95,514.6,Fiber optic,No,Yes,No,No,No,Yes,Female,0,No,No,No,0
5792,2018-05-01,2019-10-01,Month-to-month,Yes,Electronic check,85.45,1451.6,Fiber optic,No,No,No,No,No,Yes,Female,0,Yes,Yes,Yes,1
5793,2015-01-01,,Two year,No,Bank transfer (automatic),80.9,4932.5,DSL,No,Yes,Yes,No,Yes,Yes,Male,0,Yes,No,Yes,0
5794,2019-10-01,2019-11-01,Month-to-month,Yes,Electronic check,71.0,71.0,Fiber optic,No,No,No,No,No,No,Male,0,Yes,Yes,No,1
5795,2016-02-01,,Two year,No,Credit card (automatic),111.8,5443.65,Fiber optic,Yes,Yes,Yes,Yes,Yes,Yes,Male,0,Yes,Yes,Yes,0
5796,2018-10-01,,Month-to-month,Yes,Credit card (automatic),20.6,330.25,Fiber optic,No,No,No,No,No,No,Male,0,No,No,No,0
5797,2019-01-01,2019-10-01,Month-to-month,Yes,Electronic check,85.05,746.5,Fiber optic,No,No,No,No,No,Yes,Male,1,No,No,Yes,1
5798,2019-11-01,,Month-to-month,No,Electronic check,44.6,122.7,DSL,No,No,No,No,No,No,Female,0,No,No,No,0
5799,2019-11-01,2019-12-01,Month-to-month,Yes,Electronic check,44.4,44.4,DSL,No,No,No,No,No,No,Male,0,No,Yes,No,1
5800,2014-09-01,,Two year,No,Credit card (automatic),105.1,6631.85,Fiber optic,No,Yes,Yes,No,Yes,Yes,Male,0,No,No,Yes,0
5801,2014-04-01,,Two year,Yes,Credit card (automatic),115.15,8250.0,Fiber optic,Yes,Yes,Yes,Yes,Yes,Yes,Female,0,Yes,Yes,Yes,0
5802,2015-02-01,,One year,Yes,Mailed check,59.8,3561.15,DSL,Yes,No,No,No,Yes,No,Male,0,Yes,No,No,0
5803,2014-05-01,,One year,Yes,Electronic check,26.3,1763.55,Fiber optic,No,No,No,No,No,No,Female,0,Yes,No,Yes,0
5804,2017-03-01,,Month-to-month,No,Electronic check,70.55,2419.0,Fiber optic,No,No,No,No,No,No,Female,1,No,No,No,0
5805,2018-04-01,,Month-to-month,Yes,Mailed check,20.05,470.2,Fiber optic,No,No,No,No,No,No,Female,0,No,No,No,0
5806,2014-08-01,,Two year,No,Bank transfer (automatic),79.85,5234.95,DSL,No,Yes,Yes,No,Yes,Yes,Male,0,Yes,Yes,Yes,0
5807,2019-11-01,2019-12-01,Month-to-month,Yes,Electronic check,70.3,70.3,Fiber optic,No,No,No,No,No,No,Male,1,Yes,No,No,1
5808,2019-09-01,2019-10-01,Month-to-month,Yes,Bank transfer (automatic),79.35,79.35,Fiber optic,No,No,No,No,Yes,No,Female,0,Yes,No,No,1
5809,2017-04-01,,Month-to-month,Yes,Credit card (automatic),90.05,3097.0,Fiber optic,No,No,Yes,No,No,Yes,Male,0,Yes,Yes,Yes,0
5810,2014-02-01,,Two year,No,Bank transfer (automatic),24.45,1709.1,Fiber optic,No,No,No,No,No,No,Female,0,Yes,Yes,Yes,0
5811,2017-07-01,,One year,No,Electronic check,59.95,1848.8,DSL,Yes,No,Yes,Yes,Yes,Yes,Male,0,Yes,Yes,No,0
5812,2017-08-01,,One year,No,Bank transfer (automatic),25.35,723.3,Fiber optic,No,No,No,No,No,No,Male,0,No,Yes,Yes,0
5813,2019-03-01,2019-12-01,Month-to-month,Yes,Bank transfer (automatic),90.8,809.75,Fiber optic,No,No,No,No,Yes,Yes,Female,0,No,No,No,1
5814,2018-03-01,2019-11-01,Month-to-month,Yes,Electronic check,70.45,1470.95,Fiber optic,No,No,No,No,No,No,Male,0,Yes,Yes,No,1
5815,2018-07-01,,Month-to-month,Yes,Credit card (automatic),34.3,577.15,DSL,No,Yes,Yes,No,No,No,Male,1,Yes,No,No,0
5816,2014-09-01,,Month-to-month,Yes,Electronic check,105.05,6914.95,Fiber optic,Yes,No,Yes,No,Yes,Yes,Female,0,Yes,No,Yes,0
5817,2017-08-01,,Two year,No,Mailed check,19.3,602.9,Fiber optic,No,No,No,No,No,No,Female,0,Yes,Yes,No,0
5818,2019-08-01,,One year,No,Mailed check,19.15,124.4,Fiber optic,No,No,No,No,No,No,Male,0,No,No,No,0
5819,2019-12-01,,Month-to-month,No,Electronic check,51.4,96.8,DSL,No,Yes,No,No,Yes,Yes,Female,0,No,No,No,0
5820,2015-09-01,,Month-to-month,No,Electronic check,71.85,3827.9,DSL,Yes,No,No,Yes,No,Yes,Male,0,Yes,Yes,Yes,0
5821,2019-07-01,,Month-to-month,Yes,Electronic check,75.4,533.05,Fiber optic,No,No,No,No,No,No,Male,1,Yes,No,Yes,0
5822,2015-01-01,,One year,Yes,Bank transfer (automatic),49.7,2961.4,DSL,Yes,No,No,No,No,No,Female,0,Yes,Yes,No,0
5823,2014-03-01,2020-01-01,One year,Yes,Electronic check,45.25,3264.45,DSL,No,No,No,No,Yes,Yes,Male,1,No,No,No,1
5824,2019-01-01,,Month-to-month,Yes,Electronic check,78.75,995.35,DSL,Yes,No,Yes,No,Yes,Yes,Female,0,No,No,Yes,0
5825,2017-03-01,,One year,Yes,Bank transfer (automatic),81.6,2815.25,Fiber optic,No,No,Yes,No,No,No,Male,1,Yes,No,Yes,0
5826,2019-12-01,,Month-to-month,Yes,Credit card (automatic),70.4,154.8,Fiber optic,No,No,No,No,No,No,Female,0,Yes,No,No,0
5827,2019-10-01,2020-01-01,Month-to-month,Yes,Electronic check,75.8,246.3,Fiber optic,No,No,No,No,No,No,Female,0,No,No,Yes,1
5828,2019-11-01,,Month-to-month,No,Electronic check,76.1,257.6,Fiber optic,No,No,No,No,No,No,Female,0,No,No,Yes,0
5829,2014-12-01,,One year,Yes,Bank transfer (automatic),94.0,5757.2,Fiber optic,No,No,No,No,Yes,Yes,Female,0,No,No,Yes,0
5830,2014-02-01,,Two year,No,Credit card (automatic),103.95,7517.7,Fiber optic,Yes,Yes,Yes,Yes,No,Yes,Male,0,Yes,Yes,Yes,0
5831,2014-11-01,,Two year,Yes,Bank transfer (automatic),19.95,1234.8,Fiber optic,No,No,No,No,No,No,Male,0,Yes,No,No,0
5832,2018-04-01,2019-12-01,Month-to-month,No,Credit card (automatic),71.3,1389.2,Fiber optic,No,No,No,No,No,No,Male,1,No,No,No,1
5833,2017-03-01,,One year,Yes,Bank transfer (automatic),110.8,3836.3,Fiber optic,Yes,Yes,Yes,Yes,Yes,Yes,Female,1,No,No,Yes,0
5834,2018-01-01,2019-10-01,Month-to-month,Yes,Electronic check,69.1,1474.75,Fiber optic,No,No,No,No,No,No,Male,1,Yes,No,No,1
5835,2014-12-01,,One year,No,Electronic check,96.1,6001.45,Fiber optic,Yes,Yes,No,No,No,Yes,Male,0,Yes,No,Yes,0
5836,2018-11-01,,Month-to-month,Yes,Mailed check,48.8,720.1,DSL,No,No,No,No,No,No,Female,0,No,No,Yes,0
5837,2015-07-01,,Month-to-month,Yes,Credit card (automatic),50.55,2832.75,DSL,Yes,No,No,No,No,No,Female,0,No,No,No,0
5838,2019-03-01,,Month-to-month,Yes,Mailed check,44.65,472.25,DSL,No,No,No,No,No,No,Female,0,No,No,No,0
5839,2018-06-01,2019-11-01,Month-to-month,No,Electronic check,88.25,1460.65,Fiber optic,No,No,Yes,No,Yes,No,Female,0,Yes,Yes,Yes,1
5840,2015-01-01,,One year,No,Bank transfer (automatic),19.45,1336.35,Fiber optic,No,No,No,No,No,No,Female,0,No,No,No,0
5841,2014-03-01,,Two year,No,Credit card (automatic),89.3,6388.65,DSL,Yes,Yes,Yes,Yes,Yes,Yes,Female,0,Yes,No,Yes,0
5842,2019-10-01,2019-12-01,Month-to-month,No,Bank transfer (automatic),70.0,153.05,Fiber optic,No,No,No,No,No,No,Female,0,No,No,No,1
5843,2017-03-01,,Two year,No,Mailed check,19.25,677.9,Fiber optic,No,No,No,No,No,No,Male,0,No,No,No,0
5844,2018-09-01,,Month-to-month,No,Bank transfer (automatic),70.5,1165.6,Fiber optic,No,No,No,No,No,No,Female,0,No,No,No,0
5845,2018-03-01,2019-12-01,Month-to-month,Yes,Electronic check,97.35,2119.5,Fiber optic,No,No,No,No,Yes,Yes,Female,0,No,No,Yes,1
5846,2016-03-01,,Two year,No,Bank transfer (automatic),19.65,921.55,Fiber optic,No,No,No,No,No,No,Female,0,Yes,No,No,0
5847,2019-11-01,,Month-to-month,No,Mailed check,20.85,72.0,Fiber optic,No,No,No,No,No,No,Female,0,Yes,No,No,0
5848,2019-11-01,,Month-to-month,Yes,Mailed check,19.65,68.35,Fiber optic,No,No,No,No,No,No,Male,0,No,No,No,0
5849,2016-06-01,,Two year,Yes,Credit card (automatic),19.35,847.25,Fiber optic,No,No,No,No,No,No,Male,1,Yes,No,No,0
5850,2020-01-01,,Month-to-month,Yes,Mailed check,44.0,44.0,DSL,No,No,No,No,No,No,Female,0,No,No,No,0
5851,2016-06-01,,One year,No,Electronic check,94.4,4295.35,Fiber optic,No,Yes,Yes,No,No,Yes,Female,0,Yes,Yes,Yes,0
5852,2019-07-01,2019-12-01,Month-to-month,Yes,Bank transfer (automatic),25.9,135.0,Fiber optic,No,No,No,No,No,No,Male,0,Yes,Yes,Yes,1
5853,2017-10-01,2019-10-01,Month-to-month,Yes,Bank transfer (automatic),55.65,1400.55,DSL,Yes,No,No,No,No,No,Male,0,No,No,Yes,1
5854,2019-12-01,2020-01-01,Month-to-month,Yes,Electronic check,69.65,69.65,Fiber optic,No,No,No,No,No,No,Female,0,No,Yes,No,1
5855,2018-08-01,,Month-to-month,Yes,Electronic check,75.4,1380.4,Fiber optic,Yes,No,No,No,No,No,Female,0,No,No,No,0
5856,2019-01-01,2019-11-01,Month-to-month,Yes,Electronic check,100.6,1060.2,Fiber optic,No,No,Yes,No,Yes,Yes,Female,0,No,No,Yes,1
5857,2014-09-01,,Two year,No,Bank transfer (automatic),71.0,4386.2,DSL,Yes,Yes,Yes,No,No,Yes,Female,0,Yes,No,No,0
5858,2019-11-01,2019-12-01,Month-to-month,Yes,Electronic check,86.0,86.0,Fiber optic,No,Yes,No,No,No,Yes,Female,1,No,No,No,1
5859,2015-05-01,2019-10-01,One year,Yes,Credit card (automatic),106.95,5785.5,Fiber optic,Yes,No,Yes,No,Yes,Yes,Female,0,No,No,Yes,1
5860,2019-11-01,,One year,No,Mailed check,21.2,52.05,Fiber optic,No,No,No,No,No,No,Male,0,No,No,No,0
5861,2017-05-01,,Two year,Yes,Mailed check,61.05,2018.4,DSL,Yes,Yes,No,Yes,No,No,Male,0,Yes,No,No,0
5862,2019-09-01,2019-12-01,Month-to-month,Yes,Electronic check,29.6,79.45,DSL,No,Yes,No,No,No,No,Male,0,No,No,No,1
5863,2017-04-01,,One year,Yes,Bank transfer (automatic),79.95,2727.3,DSL,Yes,No,Yes,Yes,Yes,Yes,Female,0,No,No,No,0
5864,2018-12-01,,Two year,Yes,Mailed check,19.7,263.65,Fiber optic,No,No,No,No,No,No,Female,0,Yes,Yes,No,0
5865,2019-01-01,,Month-to-month,Yes,Mailed check,20.3,275.4,Fiber optic,No,No,No,No,No,No,Female,0,No,No,No,0
5866,2016-03-01,2020-01-01,One year,Yes,Bank transfer (automatic),59.9,2816.65,DSL,No,Yes,Yes,Yes,Yes,Yes,Male,1,Yes,No,No,1
5867,2018-03-01,,One year,No,Mailed check,24.35,538.5,Fiber optic,No,No,No,No,No,No,Male,0,Yes,Yes,Yes,0
5868,2016-03-01,,Two year,No,Mailed check,19.75,948.9,Fiber optic,No,No,No,No,No,No,Female,0,Yes,Yes,No,0
5869,2018-09-01,,Month-to-month,Yes,Mailed check,50.3,846.8,DSL,Yes,No,No,No,No,No,Male,0,No,Yes,No,0
5870,2015-11-01,2019-12-01,Month-to-month,Yes,Electronic check,95.6,4783.5,Fiber optic,No,No,No,No,Yes,Yes,Female,0,Yes,Yes,Yes,1
5871,2015-03-01,,Month-to-month,Yes,Electronic check,50.25,2997.45,DSL,No,Yes,No,No,Yes,Yes,Male,1,Yes,No,No,0
5872,2014-05-01,,Two year,Yes,Credit card (automatic),85.35,5897.4,DSL,Yes,No,Yes,Yes,Yes,Yes,Female,0,No,No,Yes,0
5873,2019-02-01,2020-01-01,One year,Yes,Electronic check,41.6,470.6,DSL,No,No,Yes,No,Yes,No,Male,0,No,No,No,1
5874,2019-04-01,,Month-to-month,Yes,Mailed check,51.65,524.5,DSL,Yes,No,No,No,No,No,Male,0,No,No,No,0
5875,2019-02-01,,Two year,Yes,Bank transfer (automatic),24.0,269.65,Fiber optic,No,No,No,No,No,No,Male,0,Yes,Yes,Yes,0
5876,2016-01-01,2019-10-01,Month-to-month,Yes,Credit card (automatic),100.85,4740.0,Fiber optic,No,Yes,No,No,Yes,Yes,Male,0,No,No,Yes,1
5877,2016-11-01,,Month-to-month,Yes,Mailed check,59.85,2341.5,DSL,No,No,Yes,No,Yes,No,Female,0,Yes,Yes,No,0
5878,2014-03-01,,Two year,No,Credit card (automatic),25.45,1789.65,Fiber optic,No,No,No,No,No,No,Male,1,Yes,No,Yes,0
5879,2014-03-01,,Two year,No,Credit card (automatic),23.9,1626.4,Fiber optic,No,No,No,No,No,No,Male,0,Yes,Yes,Yes,0
5880,2017-05-01,,One year,No,Credit card (automatic),24.15,800.3,Fiber optic,No,No,No,No,No,No,Female,0,Yes,Yes,Yes,0
5881,2014-07-01,,Month-to-month,Yes,Mailed check,75.7,5060.85,Fiber optic,No,No,No,No,No,No,Male,1,No,No,Yes,0
5882,2016-09-01,2019-10-01,Month-to-month,No,Bank transfer (automatic),40.2,1448.8,DSL,Yes,Yes,Yes,No,No,No,Male,0,Yes,Yes,No,1
5883,2015-11-01,2019-12-01,Month-to-month,No,Electronic check,84.5,4254.85,Fiber optic,No,No,No,No,Yes,No,Male,0,Yes,Yes,Yes,1
5884,2019-05-01,,Month-to-month,No,Mailed check,50.85,466.6,DSL,No,Yes,No,No,No,No,Female,0,Yes,No,No,0
5885,2015-10-01,,Two year,Yes,Credit card (automatic),91.6,4627.8,Fiber optic,Yes,No,Yes,Yes,No,No,Male,0,Yes,No,Yes,0
5886,2014-04-01,,One year,No,Electronic check,98.9,6838.6,Fiber optic,No,Yes,No,No,Yes,Yes,Female,0,No,No,Yes,0
5887,2020-01-01,,Month-to-month,Yes,Electronic check,85.0,85.0,Fiber optic,No,Yes,No,No,No,Yes,Male,0,No,No,No,0
5888,2018-11-01,2020-01-01,Month-to-month,Yes,Electronic check,78.95,1101.85,Fiber optic,No,Yes,No,No,No,No,Female,1,No,No,Yes,1
5889,2020-01-01,,Month-to-month,Yes,Mailed check,44.3,44.3,DSL,No,No,No,No,No,No,Male,0,No,No,No,0
5890,2019-12-01,2020-01-01,Month-to-month,No,Mailed check,20.2,20.2,Fiber optic,No,No,No,No,No,No,Male,0,No,No,No,1
5891,2015-10-01,,One year,Yes,Mailed check,80.2,4297.6,Fiber optic,No,Yes,No,No,No,No,Female,0,No,No,Yes,0
5892,2019-08-01,,Month-to-month,No,Mailed check,60.9,414.1,DSL,No,No,Yes,No,Yes,No,Male,0,No,No,No,0
5893,2019-07-01,,Month-to-month,No,Mailed check,34.2,256.6,DSL,Yes,Yes,No,No,No,No,Male,0,Yes,No,No,0
5894,2015-11-01,2019-10-01,Month-to-month,Yes,Bank transfer (automatic),85.2,3969.35,Fiber optic,No,Yes,Yes,No,No,No,Female,1,No,No,Yes,1
5895,2017-12-01,,One year,Yes,Credit card (automatic),87.15,2274.1,Fiber optic,Yes,No,Yes,Yes,No,No,Female,0,No,No,No,0
5896,2018-01-01,,Month-to-month,No,Electronic check,54.3,1296.8,DSL,Yes,No,No,Yes,No,No,Male,0,Yes,Yes,No,0
5897,2014-05-01,,Two year,Yes,Mailed check,19.1,1268.85,Fiber optic,No,No,No,No,No,No,Male,0,No,No,No,0
5898,2014-02-01,,Two year,Yes,Credit card (automatic),112.75,8192.6,Fiber optic,Yes,Yes,Yes,Yes,Yes,Yes,Female,0,No,No,Yes,0
5899,2019-10-01,,Month-to-month,Yes,Mailed check,19.95,59.25,Fiber optic,No,No,No,No,No,No,Male,0,No,No,No,0
5900,2015-03-01,,Two year,No,Mailed check,19.5,1147.85,Fiber optic,No,No,No,No,No,No,Male,0,Yes,Yes,No,0
5901,2014-07-01,,Two year,No,Bank transfer (automatic),65.55,4361.55,DSL,Yes,No,Yes,No,No,Yes,Male,0,No,No,No,0
5902,2017-12-01,,Month-to-month,Yes,Electronic check,78.8,2006.1,Fiber optic,No,No,No,No,No,Yes,Female,1,No,No,No,0
5903,2017-11-01,,One year,No,Mailed check,78.2,2078.95,DSL,No,Yes,Yes,Yes,Yes,Yes,Female,0,No,No,No,0
5904,2014-02-01,,Two year,No,Bank transfer (automatic),105.25,7609.75,Fiber optic,Yes,No,Yes,No,Yes,Yes,Male,0,Yes,Yes,Yes,0
5905,2019-08-01,,Month-to-month,Yes,Electronic check,89.25,487.05,Fiber optic,No,No,Yes,Yes,No,Yes,Female,0,No,No,No,0
5906,2014-12-01,,Two year,No,Credit card (automatic),20.65,1218.45,Fiber optic,No,No,No,No,No,No,Male,0,Yes,Yes,No,0
5907,2018-06-01,,One year,Yes,Electronic check,68.7,1416.2,DSL,No,Yes,No,Yes,Yes,No,Male,0,No,No,Yes,0
5908,2019-08-01,,Month-to-month,No,Credit card (automatic),78.65,483.3,DSL,Yes,No,Yes,Yes,Yes,Yes,Male,0,No,No,No,0
5909,2015-11-01,,Two year,No,Mailed check,24.75,1234.6,Fiber optic,No,No,No,No,No,No,Male,0,No,No,Yes,0
5910,2015-01-01,,Two year,No,Credit card (automatic),19.75,1311.6,Fiber optic,No,No,No,No,No,No,Female,0,Yes,Yes,No,0
5911,2014-12-01,,Month-to-month,Yes,Electronic check,89.1,5618.3,Fiber optic,Yes,Yes,Yes,No,No,No,Male,1,Yes,No,Yes,0
5912,2014-02-01,,Two year,Yes,Bank transfer (automatic),84.7,6185.15,Fiber optic,Yes,No,No,Yes,No,No,Female,0,No,No,Yes,0
5913,2018-12-01,2020-01-01,Month-to-month,Yes,Electronic check,98.0,1237.85,Fiber optic,No,Yes,Yes,No,Yes,Yes,Male,1,Yes,No,No,1
5914,2019-08-01,2020-01-01,Month-to-month,Yes,Electronic check,94.45,498.1,Fiber optic,No,No,Yes,No,Yes,Yes,Male,0,Yes,No,No,1
5915,2019-10-01,2020-01-01,Month-to-month,Yes,Electronic check,105.0,294.45,Fiber optic,No,Yes,Yes,No,Yes,Yes,Male,1,No,No,Yes,1
5916,2017-09-01,2019-11-01,Month-to-month,Yes,Electronic check,93.85,2381.55,Fiber optic,No,Yes,Yes,No,No,Yes,Female,1,Yes,No,Yes,1
5917,2019-01-01,,Month-to-month,Yes,Electronic check,59.9,788.35,DSL,No,Yes,No,No,Yes,No,Male,1,No,No,No,0
5918,2016-12-01,,Two year,Yes,Mailed check,19.95,756.4,Fiber optic,No,No,No,No,No,No,Female,0,Yes,Yes,No,0
5919,2019-04-01,2019-12-01,Month-to-month,Yes,Electronic check,84.0,613.4,Fiber optic,No,No,No,No,No,Yes,Female,1,Yes,No,Yes,1
5920,2017-04-01,,Month-to-month,Yes,Electronic check,108.9,3625.2,Fiber optic,No,Yes,Yes,Yes,Yes,Yes,Male,1,Yes,Yes,Yes,0
5921,2018-08-01,,Month-to-month,No,Mailed check,33.6,550.35,DSL,Yes,No,Yes,No,No,No,Male,0,No,No,No,0
5922,2015-06-01,,One year,Yes,Mailed check,85.85,4793.8,Fiber optic,No,Yes,Yes,Yes,No,No,Male,0,Yes,Yes,No,0
5923,2017-02-01,,Month-to-month,Yes,Bank transfer (automatic),34.85,1267.2,DSL,No,Yes,No,Yes,No,No,Female,0,No,No,No,0
5924,2019-02-01,2019-11-01,Month-to-month,Yes,Electronic check,48.75,442.2,DSL,No,No,Yes,No,Yes,Yes,Female,0,Yes,No,No,1
5925,2019-10-01,2019-11-01,Month-to-month,Yes,Electronic check,84.85,84.85,Fiber optic,No,No,Yes,No,Yes,No,Male,0,No,No,No,1
5926,2019-01-01,2020-01-01,Month-to-month,No,Mailed check,56.65,654.85,DSL,Yes,No,No,Yes,No,No,Male,0,No,No,No,1
5927,2015-05-01,,Month-to-month,Yes,Credit card (automatic),95.3,5567.45,Fiber optic,No,Yes,Yes,Yes,Yes,No,Female,1,Yes,Yes,No,0
5928,2016-04-01,2019-10-01,One year,No,Credit card (automatic),73.9,3160.55,DSL,Yes,Yes,Yes,Yes,No,Yes,Female,0,No,No,No,1
5929,2017-02-01,2019-11-01,Two year,Yes,Mailed check,24.5,740.3,Fiber optic,No,No,No,No,No,No,Female,0,Yes,Yes,Yes,1
5930,2014-04-01,,Two year,No,Bank transfer (automatic),84.6,5706.2,Fiber optic,Yes,Yes,No,Yes,No,No,Male,0,Yes,No,No,0
5931,2014-06-01,,Month-to-month,No,Electronic check,44.95,3085.35,DSL,No,Yes,No,Yes,No,Yes,Female,0,No,No,No,0
5932,2020-01-01,,Month-to-month,Yes,Electronic check,24.7,24.7,DSL,No,No,No,No,No,No,Male,0,No,Yes,No,0
6092,2018-07-01,,Month-to-month,Yes,Mailed check,59.8,1130.85,DSL,No,Yes,No,No,No,Yes,Female,0,Yes,No,No,0
5933,2017-01-01,,Month-to-month,No,Credit card (automatic),100.3,3541.4,Fiber optic,No,No,No,Yes,Yes,Yes,Female,0,No,No,Yes,0
5934,2019-10-01,,Month-to-month,Yes,Mailed check,25.45,84.2,Fiber optic,No,No,No,No,No,No,Female,0,No,Yes,Yes,0
5935,2020-01-01,,Month-to-month,Yes,Mailed check,50.7,50.7,DSL,Yes,No,No,No,No,No,Male,0,No,No,No,0
5936,2018-06-01,,Month-to-month,Yes,Credit card (automatic),55.0,1165.55,DSL,Yes,Yes,Yes,Yes,Yes,No,Male,0,No,No,No,0
5937,2014-02-01,,Two year,No,Bank transfer (automatic),68.4,4855.35,DSL,Yes,Yes,No,Yes,Yes,No,Male,0,Yes,Yes,No,0
5938,2017-04-01,2019-11-01,Month-to-month,Yes,Electronic check,89.9,2806.9,Fiber optic,No,No,Yes,No,No,Yes,Female,0,No,No,Yes,1
5939,2018-07-01,2020-01-01,Month-to-month,No,Electronic check,78.55,1422.65,Fiber optic,No,No,No,No,No,Yes,Male,1,Yes,No,No,1
5940,2019-03-01,,Month-to-month,Yes,Bank transfer (automatic),55.05,608.15,DSL,No,No,No,No,Yes,No,Male,0,Yes,No,No,0
5941,2017-05-01,,Two year,No,Credit card (automatic),19.8,641.35,Fiber optic,No,No,No,No,No,No,Female,0,Yes,Yes,No,0
5942,2014-12-01,,One year,No,Electronic check,84.45,4959.15,Fiber optic,No,No,No,No,Yes,No,Female,1,No,No,Yes,0
5943,2020-01-01,,Month-to-month,No,Mailed check,35.9,35.9,DSL,No,No,Yes,Yes,No,No,Female,0,No,No,No,0
5944,2018-10-01,,Month-to-month,No,Bank transfer (automatic),80.75,1321.3,Fiber optic,Yes,Yes,No,No,No,No,Male,0,Yes,No,No,0
5945,2018-04-01,,One year,Yes,Mailed check,78.65,1663.75,DSL,No,No,Yes,Yes,Yes,Yes,Male,0,Yes,Yes,Yes,0
5946,2016-01-01,,Month-to-month,No,Bank transfer (automatic),61.75,3024.15,DSL,Yes,No,Yes,Yes,No,No,Female,0,Yes,Yes,No,0
5947,2017-02-01,,One year,Yes,Credit card (automatic),63.7,2188.5,DSL,Yes,No,Yes,No,No,Yes,Male,0,Yes,Yes,No,0
5948,2016-05-01,2019-11-01,Month-to-month,Yes,Electronic check,99.45,4138.05,Fiber optic,No,Yes,Yes,Yes,No,Yes,Male,0,Yes,No,Yes,1
5949,2019-07-01,2019-11-01,Month-to-month,Yes,Bank transfer (automatic),25.2,102.5,DSL,No,No,No,No,No,No,Male,1,No,No,No,1
5950,2018-12-01,2019-12-01,One year,No,Mailed check,74.05,872.65,DSL,No,No,No,Yes,Yes,Yes,Female,0,No,No,Yes,1
5951,2017-07-01,,Month-to-month,No,Electronic check,87.6,2724.25,Fiber optic,Yes,No,Yes,Yes,No,No,Female,0,No,No,No,0
5952,2019-09-01,,Month-to-month,Yes,Electronic check,89.15,413.25,Fiber optic,Yes,No,No,No,No,Yes,Male,0,Yes,No,Yes,0
5953,2014-08-01,,Two year,No,Credit card (automatic),20.0,1374.2,Fiber optic,No,No,No,No,No,No,Male,0,Yes,Yes,No,0
5954,2018-07-01,2019-10-01,Month-to-month,No,Credit card (automatic),55.0,757.1,DSL,No,No,No,Yes,No,No,Female,1,No,No,Yes,1
5955,2014-10-01,,Two year,Yes,Bank transfer (automatic),104.4,6692.65,Fiber optic,No,Yes,Yes,No,Yes,Yes,Male,0,No,No,Yes,0
5956,2019-04-01,,Month-to-month,Yes,Credit card (automatic),20.05,218.5,Fiber optic,No,No,No,No,No,No,Male,0,Yes,Yes,No,0
5957,2019-05-01,2019-12-01,Month-to-month,Yes,Electronic check,89.75,608.8,Fiber optic,No,Yes,No,Yes,Yes,No,Male,0,Yes,Yes,No,1
5958,2017-09-01,,Month-to-month,No,Electronic check,34.3,1004.75,DSL,No,Yes,No,Yes,No,No,Male,0,No,No,No,0
5959,2015-05-01,,Two year,No,Bank transfer (automatic),20.65,1125.6,Fiber optic,No,No,No,No,No,No,Male,0,No,No,No,0
5960,2016-04-01,,Month-to-month,No,Mailed check,84.25,3847.6,Fiber optic,Yes,Yes,No,No,No,No,Female,0,No,No,Yes,0
5961,2015-09-01,,Two year,No,Bank transfer (automatic),19.65,978.0,Fiber optic,No,No,No,No,No,No,Male,0,No,No,No,0
5962,2018-09-01,,One year,No,Credit card (automatic),79.85,1387.35,DSL,Yes,Yes,No,Yes,Yes,Yes,Female,0,No,No,No,0
5963,2016-12-01,,Two year,Yes,Mailed check,20.2,746.05,Fiber optic,No,No,No,No,No,No,Female,0,Yes,Yes,No,0
5964,2018-11-01,,One year,No,Mailed check,19.8,304.6,Fiber optic,No,No,No,No,No,No,Male,0,No,No,No,0
5965,2018-04-01,,Month-to-month,Yes,Electronic check,50.35,1098.85,DSL,No,Yes,No,No,Yes,Yes,Female,0,No,No,No,0
5966,2018-11-01,2020-01-01,Month-to-month,Yes,Electronic check,85.15,1139.2,Fiber optic,No,No,No,No,No,Yes,Male,0,Yes,No,Yes,1
5967,2015-05-01,,One year,No,Bank transfer (automatic),74.6,4368.95,DSL,No,Yes,Yes,Yes,Yes,No,Female,0,Yes,No,Yes,0
5968,2019-03-01,,Month-to-month,Yes,Credit card (automatic),79.15,827.7,Fiber optic,No,No,No,No,No,Yes,Male,1,No,No,No,0
5969,2020-01-01,,Two year,No,Mailed check,20.35,20.35,Fiber optic,No,No,No,No,No,No,Female,0,Yes,Yes,No,0
5970,2019-02-01,,Two year,No,Bank transfer (automatic),21.05,262.05,Fiber optic,No,No,No,No,No,No,Male,0,Yes,Yes,No,0
5971,2019-07-01,2019-10-01,Month-to-month,Yes,Electronic check,94.6,279.55,Fiber optic,No,No,No,No,Yes,Yes,Male,1,Yes,No,Yes,1
5972,2017-02-01,,Month-to-month,Yes,Electronic check,94.7,3512.5,Fiber optic,No,Yes,No,No,Yes,Yes,Male,0,No,Yes,No,0
5973,2018-06-01,2019-10-01,Month-to-month,Yes,Electronic check,94.25,1483.25,Fiber optic,Yes,No,No,No,Yes,Yes,Male,0,No,No,No,1
5974,2014-05-01,2019-10-01,One year,No,Credit card (automatic),72.45,4653.85,DSL,Yes,Yes,Yes,No,No,Yes,Male,0,Yes,Yes,Yes,1
5975,2019-12-01,,Month-to-month,No,Electronic check,74.95,151.75,Fiber optic,No,Yes,No,No,No,No,Male,0,No,No,No,0
5976,2016-06-01,2019-12-01,Month-to-month,Yes,Electronic check,105.2,4400.75,Fiber optic,Yes,No,Yes,No,Yes,Yes,Female,0,No,No,Yes,1
5977,2014-02-01,,Two year,No,Bank transfer (automatic),111.95,8033.1,Fiber optic,Yes,Yes,Yes,Yes,Yes,Yes,Male,0,Yes,Yes,No,0
5978,2014-12-01,,Two year,No,Bank transfer (automatic),19.85,1253.65,Fiber optic,No,No,No,No,No,No,Male,0,No,No,No,0
5979,2019-08-01,,Month-to-month,Yes,Electronic check,89.75,552.65,Fiber optic,No,Yes,No,No,Yes,No,Female,0,No,No,Yes,0
5980,2016-02-01,,Two year,Yes,Mailed check,20.05,1036.0,Fiber optic,No,No,No,No,No,No,Male,0,Yes,No,No,0
5981,2017-03-01,,Two year,Yes,Electronic check,108.95,4025.5,Fiber optic,Yes,No,Yes,Yes,Yes,Yes,Male,0,No,No,Yes,0
5982,2015-10-01,,One year,No,Credit card (automatic),19.65,928.4,Fiber optic,No,No,No,No,No,No,Male,0,No,Yes,No,0
5983,2020-01-01,,Month-to-month,Yes,Mailed check,24.9,24.9,DSL,No,No,No,No,No,No,Female,0,No,No,No,0
5984,2019-05-01,2019-11-01,Month-to-month,Yes,Electronic check,82.85,460.25,Fiber optic,No,No,No,No,Yes,No,Male,0,Yes,No,Yes,1
5985,2014-03-01,,Two year,No,Credit card (automatic),93.2,6506.15,DSL,Yes,Yes,Yes,Yes,Yes,Yes,Female,0,Yes,No,Yes,0
5986,2014-07-01,,One year,No,Bank transfer (automatic),84.8,5598.3,Fiber optic,Yes,Yes,Yes,No,No,No,Female,0,Yes,Yes,No,0
5987,2015-02-01,,One year,Yes,Electronic check,71.75,4374.55,DSL,Yes,Yes,No,No,No,Yes,Male,1,No,No,Yes,0
5988,2018-03-01,,Month-to-month,Yes,Bank transfer (automatic),30.35,678.75,DSL,No,No,No,Yes,No,No,Male,0,Yes,Yes,No,0
5989,2016-11-01,,One year,No,Bank transfer (automatic),54.85,2191.7,DSL,No,No,Yes,Yes,Yes,Yes,Male,0,No,Yes,No,0
5990,2018-11-01,,One year,Yes,Mailed check,19.5,239.75,Fiber optic,No,No,No,No,No,No,Male,0,Yes,Yes,No,0
5991,2015-05-01,2019-10-01,Month-to-month,Yes,Electronic check,103.85,5485.5,Fiber optic,No,Yes,Yes,No,Yes,Yes,Male,1,Yes,No,Yes,1
5992,2018-02-01,,Two year,No,Mailed check,24.2,609.05,Fiber optic,No,No,No,No,No,No,Male,0,Yes,Yes,Yes,0
5993,2017-01-01,,Month-to-month,No,Electronic check,19.35,683.75,Fiber optic,No,No,No,No,No,No,Female,0,Yes,Yes,No,0
5994,2019-08-01,2020-01-01,Month-to-month,Yes,Electronic check,83.6,404.2,Fiber optic,No,Yes,No,No,No,Yes,Female,0,Yes,Yes,No,1
5995,2015-12-01,,One year,Yes,Electronic check,100.65,5189.75,Fiber optic,No,No,No,Yes,Yes,Yes,Female,1,Yes,No,Yes,0
5996,2015-08-01,,One year,Yes,Credit card (automatic),94.1,5060.9,Fiber optic,No,No,Yes,No,Yes,Yes,Female,0,No,No,No,0
5997,2019-11-01,,Month-to-month,Yes,Electronic check,74.55,233.65,Fiber optic,Yes,No,No,No,No,No,Female,0,No,No,No,0
5998,2014-02-01,2019-10-01,One year,No,Electronic check,108.45,7176.55,Fiber optic,No,Yes,Yes,Yes,Yes,Yes,Male,0,No,No,Yes,1
5999,2019-09-01,,Month-to-month,No,Electronic check,56.15,291.45,DSL,No,No,Yes,Yes,No,No,Male,0,No,No,No,0
6000,2017-05-01,,Two year,No,Mailed check,20.35,689.75,Fiber optic,No,No,No,No,No,No,Male,0,No,No,No,0
6019,2014-11-01,,Month-to-month,Yes,Bank transfer (automatic),109.4,7031.45,Fiber optic,Yes,Yes,Yes,No,Yes,Yes,Male,1,No,No,Yes,0
6020,2013-12-01,2019-10-01,Two year,Yes,Bank transfer (automatic),114.2,7723.9,Fiber optic,Yes,Yes,Yes,Yes,Yes,Yes,Female,0,Yes,Yes,Yes,1
6021,2017-08-01,2019-11-01,Month-to-month,No,Bank transfer (automatic),36.5,1032.0,DSL,No,No,No,No,No,Yes,Male,1,Yes,No,No,1
6022,2019-10-01,2019-11-01,Month-to-month,No,Mailed check,70.75,70.75,Fiber optic,No,No,No,No,No,No,Female,0,No,No,No,1
6023,2019-09-01,,Month-to-month,No,Mailed check,19.95,109.6,Fiber optic,No,No,No,No,No,No,Female,0,No,No,No,0
6024,2017-01-01,,One year,No,Mailed check,19.6,727.8,Fiber optic,No,No,No,No,No,No,Female,1,Yes,No,No,0
6025,2019-09-01,2019-12-01,Month-to-month,Yes,Mailed check,40.15,130.75,DSL,No,No,Yes,No,Yes,No,Male,0,No,No,No,1
6026,2019-02-01,,Month-to-month,Yes,Electronic check,76.6,893.0,Fiber optic,No,No,No,No,No,No,Female,0,No,Yes,Yes,0
6027,2016-12-01,,One year,No,Credit card (automatic),19.6,763.1,Fiber optic,No,No,No,No,No,No,Female,0,Yes,Yes,No,0
6028,2019-05-01,,Month-to-month,Yes,Credit card (automatic),85.3,781.4,Fiber optic,No,No,Yes,No,No,Yes,Female,0,No,No,No,0
6029,2019-01-01,,Month-to-month,Yes,Electronic check,65.85,902.25,DSL,Yes,No,No,No,No,Yes,Male,0,Yes,No,Yes,0
6030,2017-08-01,2020-01-01,Month-to-month,Yes,Electronic check,94.45,2653.65,Fiber optic,No,No,No,No,Yes,Yes,Male,1,Yes,No,Yes,1
6031,2016-03-01,,Two year,No,Credit card (automatic),20.05,1016.7,Fiber optic,No,No,No,No,No,No,Female,0,Yes,Yes,No,0
6032,2015-01-01,,Month-to-month,No,Bank transfer (automatic),99.4,5943.65,Fiber optic,Yes,No,Yes,Yes,Yes,No,Male,0,Yes,No,Yes,0
6033,2018-10-01,,Month-to-month,No,Mailed check,20.0,275.7,Fiber optic,No,No,No,No,No,No,Male,0,No,No,No,0
6034,2016-09-01,,Two year,No,Electronic check,78.45,3126.45,DSL,Yes,Yes,No,Yes,Yes,Yes,Female,0,Yes,Yes,No,0
6035,2016-07-01,,Two year,Yes,Electronic check,25.1,1070.15,Fiber optic,No,No,No,No,No,No,Female,0,No,Yes,Yes,0
6036,2016-12-01,2019-12-01,Month-to-month,Yes,Bank transfer (automatic),97.35,3457.9,Fiber optic,No,Yes,Yes,No,Yes,No,Female,0,Yes,Yes,Yes,1
6037,2019-08-01,,Month-to-month,Yes,Electronic check,55.0,340.4,DSL,No,No,No,No,No,Yes,Female,0,No,No,No,0
6038,2015-04-01,,One year,Yes,Credit card (automatic),71.1,4299.2,DSL,Yes,Yes,Yes,Yes,No,No,Female,0,No,No,Yes,0
6039,2018-07-01,,Month-to-month,Yes,Credit card (automatic),61.55,1093.2,DSL,No,No,No,Yes,Yes,No,Male,0,No,No,No,0
6040,2019-03-01,,Month-to-month,Yes,Bank transfer (automatic),45.9,521.9,DSL,No,No,No,No,No,No,Male,0,Yes,No,No,0
6041,2016-11-01,,One year,Yes,Bank transfer (automatic),40.3,1630.4,DSL,Yes,Yes,No,Yes,No,No,Female,0,No,No,No,0
6042,2019-06-01,,Month-to-month,Yes,Electronic check,87.1,713.6,Fiber optic,No,Yes,No,No,Yes,No,Female,1,No,No,No,0
6044,2015-09-01,,Month-to-month,Yes,Credit card (automatic),73.8,4003.85,Fiber optic,No,Yes,No,No,No,No,Female,1,No,No,No,0
6045,2014-04-01,,Two year,Yes,Mailed check,19.2,1401.4,Fiber optic,No,No,No,No,No,No,Female,0,Yes,Yes,No,0
6046,2019-12-01,2020-01-01,Month-to-month,Yes,Mailed check,45.3,45.3,DSL,No,No,No,No,Yes,Yes,Male,0,No,No,No,1
6047,2015-03-01,,Two year,No,Mailed check,25.0,1510.5,Fiber optic,No,No,No,No,No,No,Male,0,No,No,Yes,0
6048,2019-11-01,2020-01-01,Month-to-month,No,Electronic check,94.95,178.1,Fiber optic,No,No,Yes,No,Yes,Yes,Male,0,No,No,No,1
6049,2019-07-01,,One year,No,Mailed check,35.3,264.8,DSL,Yes,No,Yes,No,No,No,Male,0,No,No,No,0
6050,2018-11-01,2019-11-01,Month-to-month,Yes,Electronic check,44.55,480.6,DSL,No,No,No,No,No,No,Female,0,No,Yes,No,1
6051,2015-03-01,,One year,No,Credit card (automatic),76.75,4541.9,DSL,No,Yes,Yes,Yes,Yes,Yes,Male,0,Yes,Yes,No,0
6052,2015-01-01,,Two year,Yes,Bank transfer (automatic),81.0,4976.15,DSL,No,No,Yes,Yes,Yes,Yes,Male,0,Yes,Yes,Yes,0
6053,2014-02-01,,Two year,Yes,Bank transfer (automatic),105.55,7542.25,Fiber optic,Yes,No,Yes,No,Yes,Yes,Male,0,Yes,Yes,Yes,0
6054,2019-01-01,,Month-to-month,No,Mailed check,18.8,251.25,Fiber optic,No,No,No,No,No,No,Female,0,Yes,Yes,No,0
6055,2014-10-01,,One year,No,Mailed check,24.9,1595.5,Fiber optic,No,No,No,No,No,No,Female,0,Yes,Yes,Yes,0
6056,2019-11-01,2019-12-01,Month-to-month,Yes,Electronic check,23.45,23.45,DSL,No,No,No,No,No,No,Male,0,Yes,No,No,1
6057,2019-04-01,,One year,No,Mailed check,64.9,685.55,DSL,No,Yes,No,Yes,No,Yes,Female,0,No,No,No,0
6058,2014-09-01,,One year,No,Bank transfer (automatic),61.35,3874.1,DSL,Yes,Yes,Yes,No,No,No,Female,0,Yes,Yes,No,0
6059,2014-12-01,,Two year,No,Mailed check,113.95,6891.4,Fiber optic,Yes,Yes,Yes,Yes,Yes,Yes,Female,0,Yes,No,Yes,0
6060,2015-07-01,,One year,Yes,Electronic check,90.15,4916.95,DSL,Yes,Yes,Yes,Yes,Yes,Yes,Female,0,Yes,No,Yes,0
6061,2018-01-01,,Month-to-month,No,Electronic check,54.1,1373.0,DSL,No,Yes,No,No,No,No,Female,0,Yes,No,Yes,0
6062,2019-10-01,2019-11-01,Month-to-month,No,Mailed check,29.7,29.7,DSL,Yes,No,No,No,No,No,Male,0,No,No,No,1
6063,2020-01-01,,Month-to-month,Yes,Credit card (automatic),49.8,49.8,DSL,Yes,No,No,No,No,No,Male,0,No,No,No,0
6064,2014-12-01,2019-11-01,Month-to-month,No,Electronic check,101.1,6039.9,Fiber optic,No,Yes,No,No,Yes,Yes,Female,0,Yes,No,Yes,1
6065,2014-10-01,,Two year,Yes,Bank transfer (automatic),24.4,1548.65,Fiber optic,No,No,No,No,No,No,Male,1,Yes,Yes,Yes,0
6066,2017-02-01,,Month-to-month,Yes,Bank transfer (automatic),95.0,3440.25,Fiber optic,No,No,No,No,Yes,Yes,Male,0,Yes,No,Yes,0
6067,2019-08-01,2019-11-01,Month-to-month,Yes,Mailed check,50.65,151.3,DSL,No,No,No,No,No,No,Female,0,No,No,Yes,1
6068,2015-01-01,,Two year,Yes,Mailed check,69.9,4226.7,DSL,Yes,No,Yes,No,No,Yes,Male,0,Yes,No,Yes,0
6069,2017-12-01,,One year,Yes,Bank transfer (automatic),39.95,1023.75,DSL,No,Yes,No,No,Yes,No,Male,0,No,Yes,No,0
6070,2019-10-01,2019-11-01,Month-to-month,Yes,Electronic check,55.4,55.4,DSL,No,No,No,No,No,Yes,Female,0,No,No,No,1
6071,2019-12-01,2020-01-01,Month-to-month,Yes,Electronic check,90.6,90.6,Fiber optic,No,Yes,No,No,Yes,No,Female,1,Yes,No,Yes,1
6072,2014-06-01,,Two year,Yes,Credit card (automatic),103.25,7074.4,Fiber optic,Yes,Yes,Yes,No,Yes,Yes,Male,0,Yes,Yes,No,0
6073,2019-09-01,2019-11-01,Month-to-month,Yes,Mailed check,86.85,156.35,Fiber optic,No,No,No,No,Yes,No,Male,1,Yes,No,Yes,1
6074,2014-02-01,,Two year,Yes,Bank transfer (automatic),94.25,6849.75,Fiber optic,Yes,Yes,Yes,Yes,No,No,Female,0,Yes,No,Yes,0
6076,2015-05-01,,Two year,No,Credit card (automatic),20.55,1252.85,Fiber optic,No,No,No,No,No,No,Male,0,No,No,No,0
6077,2019-10-01,,Month-to-month,Yes,Mailed check,19.65,67.55,Fiber optic,No,No,No,No,No,No,Male,0,No,No,No,0
6078,2020-01-01,,Month-to-month,Yes,Electronic check,70.2,70.2,Fiber optic,No,No,No,No,No,No,Female,1,No,No,No,0
6079,2014-02-01,,Two year,No,Credit card (automatic),81.0,5750.0,DSL,Yes,Yes,Yes,Yes,No,Yes,Male,0,Yes,Yes,Yes,0
6080,2018-05-01,,One year,Yes,Bank transfer (automatic),75.9,1549.75,DSL,Yes,No,No,No,Yes,Yes,Male,0,Yes,Yes,Yes,0
6081,2014-03-01,,Two year,No,Bank transfer (automatic),24.7,1810.55,Fiber optic,No,No,No,No,No,No,Female,0,Yes,Yes,Yes,0
6082,2017-07-01,2019-12-01,Month-to-month,Yes,Bank transfer (automatic),99.05,2952.85,Fiber optic,No,No,Yes,No,Yes,Yes,Female,1,Yes,No,Yes,1
6083,2014-05-01,,Two year,No,Credit card (automatic),110.25,7467.55,Fiber optic,Yes,No,Yes,Yes,Yes,Yes,Female,1,No,No,Yes,0
6084,2014-10-01,,Two year,Yes,Credit card (automatic),85.0,5484.4,DSL,Yes,No,Yes,Yes,Yes,Yes,Female,0,Yes,No,Yes,0
6085,2018-10-01,,Month-to-month,No,Credit card (automatic),19.75,294.9,Fiber optic,No,No,No,No,No,No,Male,0,No,No,No,0
6086,2019-10-01,,One year,No,Electronic check,23.9,97.5,Fiber optic,No,No,No,No,No,No,Female,0,No,No,Yes,0
6087,2015-07-01,2019-11-01,One year,Yes,Credit card (automatic),111.25,5916.45,Fiber optic,Yes,Yes,No,Yes,Yes,Yes,Female,0,No,No,Yes,1
6088,2019-10-01,2019-12-01,Month-to-month,Yes,Mailed check,55.1,113.35,DSL,Yes,No,Yes,No,No,No,Male,0,No,No,No,1
6089,2020-01-01,,Month-to-month,No,Mailed check,19.95,19.95,Fiber optic,No,No,No,No,No,No,Male,0,No,No,No,0
6090,2018-08-01,,Month-to-month,No,Mailed check,25.15,476.8,DSL,No,No,No,No,No,No,Male,0,No,No,No,0
6091,2019-12-01,,Month-to-month,No,Mailed check,54.15,101.65,DSL,No,Yes,No,No,No,No,Female,0,No,No,Yes,0
6093,2016-10-01,,Month-to-month,No,Bank transfer (automatic),83.85,3532.25,Fiber optic,No,No,No,No,No,Yes,Female,0,No,No,Yes,0
6094,2014-08-01,,One year,Yes,Electronic check,104.9,6891.45,Fiber optic,No,Yes,Yes,No,Yes,Yes,Female,1,Yes,Yes,Yes,0
6095,2018-05-01,,Month-to-month,No,Mailed check,75.3,1570.7,Fiber optic,No,No,No,No,No,No,Male,0,No,No,Yes,0
6096,2019-06-01,,Month-to-month,Yes,Electronic check,66.65,520.95,DSL,No,Yes,No,Yes,Yes,No,Male,0,No,No,No,0
6097,2014-02-01,,Two year,Yes,Credit card (automatic),109.5,7854.9,Fiber optic,Yes,Yes,Yes,Yes,Yes,Yes,Female,0,Yes,Yes,No,0
6098,2016-02-01,,One year,Yes,Bank transfer (automatic),73.85,3581.4,DSL,No,Yes,Yes,Yes,Yes,No,Female,0,No,No,Yes,0
6099,2014-05-01,,Two year,Yes,Bank transfer (automatic),19.3,1447.9,Fiber optic,No,No,No,No,No,No,Male,0,No,No,No,0
6100,2014-02-01,,Two year,Yes,Electronic check,118.2,8547.15,Fiber optic,Yes,Yes,Yes,Yes,Yes,Yes,Male,0,No,No,Yes,0
6101,2018-12-01,,One year,No,Credit card (automatic),51.45,727.85,DSL,No,Yes,No,No,No,No,Female,0,No,No,No,0
6102,2019-08-01,,Month-to-month,No,Electronic check,59.45,357.6,DSL,No,Yes,No,No,Yes,No,Male,0,No,No,No,0
6103,2019-06-01,,Two year,No,Bank transfer (automatic),19.5,159.35,Fiber optic,No,No,No,No,No,No,Female,0,Yes,Yes,No,0
6104,2018-09-01,,One year,No,Mailed check,19.55,280.85,Fiber optic,No,No,No,No,No,No,Female,0,No,No,No,0
6105,2014-09-01,,One year,No,Electronic check,93.55,6069.25,Fiber optic,Yes,No,No,Yes,No,Yes,Male,0,No,No,Yes,0
6106,2015-05-01,,One year,Yes,Mailed check,59.3,3274.35,DSL,Yes,No,Yes,Yes,No,No,Female,0,Yes,Yes,No,0
6107,2018-09-01,2019-10-01,Month-to-month,Yes,Credit card (automatic),102.25,1359.0,Fiber optic,No,No,Yes,No,Yes,Yes,Male,0,Yes,No,Yes,1
6108,2018-05-01,2019-12-01,Month-to-month,Yes,Credit card (automatic),95.9,1777.9,Fiber optic,No,No,Yes,No,Yes,Yes,Male,1,No,No,No,1
6109,2015-06-01,,One year,No,Bank transfer (automatic),109.8,6109.65,Fiber optic,Yes,Yes,Yes,No,Yes,Yes,Female,0,Yes,No,Yes,0
6110,2018-12-01,,Month-to-month,Yes,Electronic check,78.1,1122.4,Fiber optic,No,No,No,No,No,Yes,Female,0,Yes,No,No,0
6111,2015-10-01,,Month-to-month,Yes,Electronic check,39.9,2020.9,DSL,Yes,No,No,No,No,Yes,Male,0,Yes,No,No,0
6112,2015-04-01,,Two year,Yes,Credit card (automatic),64.9,3795.45,DSL,Yes,Yes,Yes,Yes,No,No,Female,0,No,No,No,0
6113,2015-12-01,2019-11-01,Month-to-month,Yes,Electronic check,95.05,4504.55,Fiber optic,No,Yes,No,Yes,Yes,No,Female,1,No,No,Yes,1
6114,2014-07-01,,Month-to-month,Yes,Credit card (automatic),53.4,3579.15,DSL,No,No,Yes,Yes,Yes,Yes,Female,0,No,No,No,0
6115,2019-12-01,,Month-to-month,Yes,Credit card (automatic),24.9,49.7,DSL,No,No,No,No,No,No,Male,0,No,No,No,0
6116,2019-08-01,,Month-to-month,No,Credit card (automatic),44.7,276.5,DSL,No,No,No,No,No,No,Male,1,No,No,No,0
6117,2014-03-01,,Two year,Yes,Bank transfer (automatic),114.0,8175.9,Fiber optic,Yes,Yes,Yes,Yes,Yes,Yes,Male,0,Yes,Yes,Yes,0
6118,2016-04-01,,Two year,No,Bank transfer (automatic),20.25,890.35,Fiber optic,No,No,No,No,No,No,Female,0,Yes,Yes,No,0
6119,2019-06-01,2019-11-01,Month-to-month,No,Credit card (automatic),53.85,259.8,DSL,Yes,No,No,Yes,No,No,Female,0,No,No,No,1
6120,2014-07-01,,Month-to-month,No,Bank transfer (automatic),83.85,5588.8,Fiber optic,Yes,Yes,No,No,No,No,Male,1,Yes,No,Yes,0
6121,2019-11-01,,Month-to-month,No,Bank transfer (automatic),20.2,50.6,Fiber optic,No,No,No,No,No,No,Male,0,No,Yes,No,0
6122,2019-11-01,,Month-to-month,No,Mailed check,19.95,58.0,Fiber optic,No,No,No,No,No,No,Female,0,No,No,No,0
6123,2015-09-01,2020-01-01,Month-to-month,Yes,Electronic check,104.2,5568.35,Fiber optic,Yes,No,Yes,No,Yes,Yes,Male,1,Yes,No,Yes,1
6124,2016-06-01,2019-12-01,Month-to-month,Yes,Electronic check,50.25,2203.65,DSL,No,No,No,No,No,No,Female,0,Yes,No,Yes,1
6125,2015-12-01,,One year,Yes,Mailed check,20.35,938.95,Fiber optic,No,No,No,No,No,No,Male,0,Yes,Yes,No,0
6126,2018-03-01,,Month-to-month,Yes,Electronic check,90.0,2024.1,Fiber optic,Yes,Yes,No,No,No,Yes,Male,1,Yes,No,No,0
6127,2014-07-01,,Two year,No,Credit card (automatic),54.2,3623.95,DSL,Yes,Yes,Yes,Yes,Yes,No,Female,0,Yes,Yes,No,0
6128,2017-10-01,2019-11-01,Month-to-month,Yes,Electronic check,99.5,2369.05,Fiber optic,No,Yes,Yes,No,Yes,Yes,Female,0,No,No,No,1
6129,2016-11-01,,One year,No,Mailed check,99.1,3877.95,Fiber optic,Yes,Yes,No,No,Yes,Yes,Female,1,Yes,No,No,0
6130,2014-05-01,,Two year,Yes,Mailed check,66.9,4577.9,DSL,Yes,Yes,No,Yes,No,No,Female,0,No,No,Yes,0
6131,2020-01-01,,One year,No,Mailed check,25.85,25.85,DSL,No,No,No,No,No,No,Female,0,No,No,No,0
6132,2017-06-01,,Month-to-month,No,Electronic check,91.05,2871.5,Fiber optic,No,No,No,No,Yes,Yes,Male,0,No,No,No,0
6133,2019-01-01,2019-10-01,Month-to-month,No,Electronic check,71.0,672.55,Fiber optic,No,No,No,No,No,No,Female,0,No,No,No,1
6134,2018-07-01,2019-11-01,Month-to-month,Yes,Credit card (automatic),93.2,1573.7,Fiber optic,No,Yes,Yes,No,No,Yes,Female,0,No,No,No,1
6135,2015-02-01,,Two year,Yes,Bank transfer (automatic),20.95,1270.55,Fiber optic,No,No,No,No,No,No,Male,0,Yes,Yes,No,0
6136,2014-02-01,,Two year,Yes,Bank transfer (automatic),109.2,7711.45,Fiber optic,No,Yes,Yes,Yes,Yes,Yes,Female,0,Yes,Yes,Yes,0
6137,2019-05-01,2019-10-01,Month-to-month,No,Mailed check,19.35,126.05,Fiber optic,No,No,No,No,No,No,Male,0,Yes,No,No,1
6138,2017-12-01,,Month-to-month,Yes,Credit card (automatic),85.8,2193.65,Fiber optic,Yes,No,No,No,Yes,No,Female,1,No,No,No,0
6139,2019-07-01,2019-10-01,Month-to-month,No,Mailed check,19.85,64.55,Fiber optic,No,No,No,No,No,No,Male,0,No,No,No,1
6140,2019-12-01,,Month-to-month,Yes,Electronic check,19.65,31.2,Fiber optic,No,No,No,No,No,No,Male,0,No,No,No,0
6141,2019-12-01,,One year,No,Bank transfer (automatic),20.5,38.25,Fiber optic,No,No,No,No,No,No,Female,0,No,Yes,No,0
6142,2017-02-01,,One year,Yes,Credit card (automatic),89.65,3348.1,DSL,Yes,No,Yes,Yes,Yes,Yes,Female,0,No,No,Yes,0
6143,2019-07-01,,Month-to-month,No,Mailed check,74.35,533.6,Fiber optic,Yes,No,No,No,No,No,Male,0,No,No,No,0
6144,2015-02-01,,Two year,Yes,Credit card (automatic),49.45,2907.55,DSL,No,Yes,No,No,Yes,Yes,Female,1,Yes,No,No,0
6145,2018-07-01,,Month-to-month,Yes,Electronic check,89.1,1620.8,Fiber optic,No,Yes,No,No,No,Yes,Female,0,Yes,No,Yes,0
6146,2016-05-01,,Two year,No,Credit card (automatic),75.15,3480.35,DSL,Yes,No,Yes,Yes,No,Yes,Male,1,Yes,No,Yes,0
6147,2019-10-01,,Month-to-month,Yes,Electronic check,70.65,293.85,Fiber optic,No,No,No,No,No,No,Male,1,No,No,No,0
6148,2017-03-01,2019-10-01,Month-to-month,Yes,Electronic check,104.2,3243.45,Fiber optic,No,No,Yes,Yes,Yes,Yes,Female,0,Yes,Yes,Yes,1
6149,2016-03-01,,Month-to-month,No,Electronic check,90.05,4137.2,Fiber optic,Yes,No,Yes,No,No,Yes,Male,0,Yes,Yes,No,0
6150,2019-10-01,2019-11-01,Month-to-month,Yes,Electronic check,79.25,79.25,Fiber optic,No,No,No,No,No,Yes,Male,0,No,No,No,1
6151,2019-12-01,2020-01-01,Month-to-month,Yes,Bank transfer (automatic),44.9,44.9,DSL,No,No,No,No,No,No,Female,0,No,No,No,1
6152,2020-01-01,,Month-to-month,No,Credit card (automatic),19.4,19.4,Fiber optic,No,No,No,No,No,No,Female,0,No,No,No,0
6153,2015-03-01,,Month-to-month,Yes,Credit card (automatic),88.75,5348.65,Fiber optic,No,No,Yes,No,No,Yes,Female,1,Yes,Yes,Yes,0
6154,2019-01-01,2019-11-01,Month-to-month,Yes,Electronic check,70.1,659.65,Fiber optic,No,No,No,No,No,No,Male,0,Yes,No,No,1
6155,2017-03-01,,Month-to-month,No,Credit card (automatic),91.0,3180.5,Fiber optic,Yes,No,No,No,No,Yes,Male,1,No,No,Yes,0
6156,2019-07-01,2019-11-01,Month-to-month,Yes,Electronic check,29.65,118.5,DSL,No,No,Yes,No,No,No,Male,0,No,No,No,1
6157,2017-06-01,,One year,Yes,Electronic check,90.8,3023.85,Fiber optic,Yes,Yes,No,No,No,Yes,Male,0,Yes,Yes,No,0
6158,2016-06-01,2020-01-01,Month-to-month,Yes,Electronic check,77.85,3365.85,Fiber optic,No,Yes,No,No,No,No,Male,0,No,No,Yes,1
6159,2019-08-01,2019-12-01,Month-to-month,No,Electronic check,54.3,195.3,DSL,No,No,No,No,No,Yes,Male,0,No,No,No,1
6160,2015-08-01,,Two year,Yes,Mailed check,18.95,1031.1,Fiber optic,No,No,No,No,No,No,Female,1,Yes,No,No,0
6161,2018-11-01,2019-10-01,Month-to-month,Yes,Bank transfer (automatic),95.15,997.65,Fiber optic,No,No,No,No,Yes,Yes,Female,1,No,No,Yes,1
6162,2014-08-01,,Two year,Yes,Bank transfer (automatic),102.4,6471.85,Fiber optic,Yes,No,No,No,Yes,Yes,Female,1,No,No,Yes,0
6163,2015-01-01,,One year,Yes,Electronic check,99.9,6241.35,Fiber optic,No,No,Yes,No,Yes,Yes,Male,0,Yes,Yes,Yes,0
6164,2014-02-01,,Two year,No,Credit card (automatic),88.7,6501.35,DSL,Yes,Yes,Yes,Yes,Yes,Yes,Male,0,Yes,Yes,Yes,0
6165,2016-06-01,,One year,Yes,Electronic check,54.3,2317.1,DSL,No,No,Yes,Yes,Yes,Yes,Male,0,Yes,Yes,No,0
6166,2016-09-01,,Month-to-month,Yes,Bank transfer (automatic),55.7,2237.55,DSL,No,No,Yes,No,No,No,Male,0,No,No,Yes,0
6167,2015-12-01,,One year,Yes,Electronic check,103.95,5231.3,Fiber optic,Yes,No,Yes,No,Yes,Yes,Male,0,Yes,No,Yes,0
6168,2015-12-01,2019-11-01,One year,Yes,Credit card (automatic),110.85,5275.8,Fiber optic,Yes,No,Yes,Yes,Yes,Yes,Male,0,Yes,No,Yes,1
6169,2019-06-01,,Two year,No,Mailed check,20.15,165.5,Fiber optic,No,No,No,No,No,No,Male,0,Yes,Yes,No,0
6170,2018-08-01,,Month-to-month,No,Mailed check,20.05,358.5,Fiber optic,No,No,No,No,No,No,Male,0,No,No,No,0
6171,2014-02-01,,Two year,Yes,Credit card (automatic),91.95,6614.9,DSL,Yes,Yes,Yes,Yes,Yes,Yes,Male,0,Yes,Yes,Yes,0
6172,2019-11-01,2019-12-01,Month-to-month,No,Electronic check,80.5,80.5,Fiber optic,No,No,No,No,No,Yes,Male,0,No,No,No,1
6173,2016-08-01,,Month-to-month,No,Electronic check,55.65,2421.75,DSL,No,No,Yes,No,No,No,Female,1,No,No,Yes,0
6174,2018-08-01,,Month-to-month,Yes,Electronic check,74.7,1294.6,Fiber optic,No,Yes,No,No,No,No,Female,1,No,No,No,0
6175,2019-01-01,,One year,Yes,Credit card (automatic),104.15,1299.1,Fiber optic,No,Yes,Yes,No,Yes,Yes,Female,0,No,Yes,Yes,0
6176,2014-06-01,,One year,Yes,Bank transfer (automatic),83.65,5733.4,Fiber optic,No,Yes,No,Yes,No,No,Female,0,Yes,Yes,Yes,0
6177,2019-08-01,2019-12-01,Month-to-month,Yes,Bank transfer (automatic),72.2,305.55,Fiber optic,No,No,No,No,No,No,Male,0,No,No,Yes,1
6178,2014-05-01,,Two year,Yes,Credit card (automatic),110.05,7430.75,Fiber optic,Yes,Yes,Yes,No,Yes,Yes,Male,0,No,No,Yes,0
6179,2018-08-01,2020-01-01,Month-to-month,No,Mailed check,51.5,900.5,DSL,No,No,No,Yes,No,No,Male,0,No,No,No,1
6180,2018-01-01,,Two year,No,Credit card (automatic),25.5,630.6,Fiber optic,No,No,No,No,No,No,Male,0,Yes,Yes,Yes,0
6181,2016-04-01,2019-11-01,Month-to-month,Yes,Mailed check,89.55,3856.75,Fiber optic,No,No,No,No,Yes,Yes,Male,1,No,No,No,1
6182,2015-03-01,,Two year,No,Credit card (automatic),19.5,1222.65,Fiber optic,No,No,No,No,No,No,Female,0,Yes,Yes,No,0
6183,2019-09-01,,Month-to-month,No,Electronic check,80.7,374.8,Fiber optic,Yes,Yes,No,No,No,No,Female,1,No,No,No,0
6184,2018-03-01,2019-12-01,One year,No,Mailed check,77.5,1625.0,DSL,Yes,Yes,No,Yes,Yes,No,Male,0,Yes,Yes,Yes,1
6185,2014-05-01,,One year,Yes,Credit card (automatic),105.1,7234.8,Fiber optic,Yes,Yes,Yes,Yes,Yes,No,Female,0,Yes,Yes,Yes,0
6186,2019-01-01,,Month-to-month,Yes,Bank transfer (automatic),25.15,331.85,DSL,No,No,No,No,No,No,Male,0,No,No,No,0
6187,2016-06-01,2019-12-01,Month-to-month,Yes,Bank transfer (automatic),95.25,3959.35,Fiber optic,No,Yes,Yes,No,Yes,No,Male,0,Yes,No,Yes,1
6188,2015-10-01,,Month-to-month,Yes,Credit card (automatic),95.65,5088.4,Fiber optic,No,Yes,No,Yes,No,Yes,Male,0,Yes,No,Yes,0
6189,2016-01-01,2019-11-01,Month-to-month,No,Electronic check,85.0,3969.4,Fiber optic,Yes,No,No,No,No,Yes,Male,1,No,No,No,1
6190,2015-01-01,,Two year,Yes,Bank transfer (automatic),80.8,4860.85,DSL,Yes,Yes,Yes,Yes,No,Yes,Male,0,Yes,No,Yes,0
6191,2017-09-01,,One year,Yes,Mailed check,24.85,788.05,DSL,No,No,No,No,No,No,Male,0,No,No,No,0
6192,2018-01-01,,One year,Yes,Credit card (automatic),54.75,1266.35,DSL,No,Yes,No,Yes,No,No,Female,0,No,Yes,No,0
6193,2019-07-01,2019-12-01,Month-to-month,Yes,Electronic check,85.75,470.95,Fiber optic,No,No,No,Yes,Yes,No,Female,0,Yes,Yes,No,1
6194,2018-11-01,,One year,No,Electronic check,50.75,688.2,DSL,No,No,Yes,No,Yes,Yes,Male,0,No,No,No,0
6195,2018-07-01,,Two year,No,Mailed check,20.15,387.7,Fiber optic,No,No,No,No,No,No,Female,0,Yes,Yes,No,0
6196,2016-06-01,,Two year,No,Mailed check,20.05,845.25,Fiber optic,No,No,No,No,No,No,Male,0,No,No,No,0
6197,2019-06-01,2019-12-01,Month-to-month,Yes,Electronic check,98.25,560.6,Fiber optic,No,Yes,No,No,Yes,Yes,Female,1,No,No,Yes,1
6198,2015-04-01,,Two year,No,Credit card (automatic),71.6,4230.25,DSL,Yes,Yes,Yes,Yes,No,No,Male,0,Yes,Yes,Yes,0
6199,2014-12-01,,One year,Yes,Credit card (automatic),81.45,4983.05,Fiber optic,Yes,Yes,No,No,No,No,Male,0,Yes,Yes,No,0
6200,2014-04-01,,One year,Yes,Bank transfer (automatic),58.4,4113.15,DSL,No,Yes,Yes,Yes,Yes,Yes,Female,0,Yes,Yes,No,0
6201,2019-12-01,2020-01-01,Month-to-month,Yes,Mailed check,25.7,25.7,DSL,No,No,No,No,No,No,Female,1,No,No,No,1
6202,2019-04-01,,Two year,No,Credit card (automatic),53.7,521.0,DSL,Yes,Yes,Yes,Yes,No,Yes,Male,0,Yes,Yes,No,0
6203,2017-12-01,,One year,Yes,Bank transfer (automatic),19.6,471.85,Fiber optic,No,No,No,No,No,No,Male,0,No,No,No,0
6204,2014-08-01,,Month-to-month,No,Credit card (automatic),89.4,5976.9,Fiber optic,No,Yes,No,No,No,Yes,Male,0,No,No,Yes,0
6205,2019-04-01,2019-11-01,Month-to-month,Yes,Electronic check,69.0,506.9,Fiber optic,No,No,No,No,No,No,Female,0,Yes,Yes,No,1
6206,2015-11-01,,One year,No,Bank transfer (automatic),84.2,4299.75,Fiber optic,No,Yes,No,Yes,No,No,Male,0,Yes,Yes,Yes,0
6207,2014-02-01,,Two year,Yes,Credit card (automatic),106.1,7548.6,Fiber optic,Yes,Yes,Yes,Yes,Yes,No,Male,0,Yes,Yes,Yes,0
6208,2014-09-01,,Two year,No,Mailed check,25.75,1654.75,Fiber optic,No,No,No,No,No,No,Male,0,No,No,Yes,0
6209,2019-11-01,2020-01-01,Month-to-month,No,Bank transfer (automatic),46.05,80.35,DSL,No,No,No,No,No,No,Male,0,No,No,No,1
6210,2014-04-01,,One year,No,Bank transfer (automatic),64.95,4551.5,DSL,Yes,Yes,No,Yes,No,No,Male,0,No,Yes,Yes,0
6211,2014-02-01,,Two year,Yes,Credit card (automatic),85.45,6227.5,DSL,No,Yes,Yes,Yes,Yes,Yes,Male,0,Yes,No,Yes,0
6212,2020-01-01,,Month-to-month,No,Mailed check,20.05,20.05,Fiber optic,No,No,No,No,No,No,Female,0,Yes,Yes,No,0
6213,2019-12-01,2020-01-01,Month-to-month,Yes,Mailed check,76.4,76.4,Fiber optic,No,Yes,No,No,No,No,Female,1,Yes,No,No,1
6214,2019-07-01,2019-12-01,Month-to-month,Yes,Electronic check,100.5,514.0,Fiber optic,No,No,Yes,No,Yes,Yes,Female,0,No,No,Yes,1
6215,2019-11-01,,Month-to-month,No,Mailed check,20.7,57.5,Fiber optic,No,No,No,No,No,No,Male,0,No,No,No,0
6216,2015-04-01,,Two year,Yes,Credit card (automatic),25.3,1474.35,Fiber optic,No,No,No,No,No,No,Male,0,No,No,Yes,0
6217,2018-03-01,2020-01-01,Month-to-month,No,Mailed check,40.05,880.2,DSL,Yes,No,No,No,No,Yes,Male,1,Yes,Yes,No,1
6218,2017-05-01,,Month-to-month,Yes,Bank transfer (automatic),100.6,3270.25,Fiber optic,No,Yes,No,No,Yes,Yes,Male,1,Yes,No,Yes,0
6219,2019-09-01,2019-10-01,Month-to-month,No,Electronic check,69.95,69.95,Fiber optic,No,No,No,No,No,No,Male,0,No,No,No,1
6220,2015-08-01,,Month-to-month,No,Bank transfer (automatic),74.0,3919.15,Fiber optic,No,No,No,No,No,No,Male,1,Yes,No,Yes,0
6221,2014-02-01,,Two year,Yes,Electronic check,99.4,7285.7,Fiber optic,No,Yes,No,No,Yes,Yes,Male,0,Yes,No,Yes,0
6222,2019-10-01,2019-11-01,Month-to-month,Yes,Electronic check,93.3,93.3,Fiber optic,No,No,No,No,Yes,Yes,Male,0,No,Yes,Yes,1
6223,2019-07-01,2019-10-01,Month-to-month,Yes,Electronic check,49.15,169.05,DSL,No,No,Yes,No,No,No,Male,0,No,No,No,1
6224,2014-02-01,,Two year,No,Credit card (automatic),107.45,7658.3,Fiber optic,Yes,Yes,Yes,Yes,No,Yes,Female,0,Yes,Yes,Yes,0
6225,2014-02-01,,Two year,Yes,Credit card (automatic),83.6,5959.3,DSL,Yes,Yes,Yes,No,Yes,Yes,Female,0,Yes,Yes,Yes,0
6226,2015-08-01,,Month-to-month,Yes,Credit card (automatic),99.05,5295.7,Fiber optic,No,No,Yes,No,Yes,Yes,Male,1,Yes,No,Yes,0
6227,2015-03-01,,One year,Yes,Electronic check,80.1,4693.2,DSL,No,Yes,No,Yes,Yes,Yes,Female,0,Yes,No,Yes,0
6228,2015-08-01,,Two year,Yes,Bank transfer (automatic),65.3,3512.9,DSL,Yes,Yes,No,No,Yes,No,Male,0,No,No,No,0
6229,2015-02-01,,Two year,Yes,Electronic check,89.55,5231.2,Fiber optic,No,No,Yes,No,Yes,No,Male,0,No,No,Yes,0
6230,2015-02-01,,Two year,No,Credit card (automatic),60.8,3603.45,DSL,No,Yes,Yes,Yes,Yes,Yes,Female,0,Yes,No,No,0
6231,2019-11-01,,Month-to-month,No,Electronic check,74.5,217.45,Fiber optic,No,No,No,No,No,No,Male,0,No,No,Yes,0
6232,2014-05-01,,Two year,No,Bank transfer (automatic),99.15,6875.35,Fiber optic,Yes,No,No,No,Yes,Yes,Female,0,Yes,No,Yes,0
6233,2020-01-01,,Month-to-month,No,Electronic check,19.25,19.25,Fiber optic,No,No,No,No,No,No,Female,0,Yes,Yes,No,0
6234,2015-12-01,,Month-to-month,Yes,Credit card (automatic),39.45,2021.35,DSL,Yes,No,No,No,Yes,No,Male,0,Yes,Yes,No,0
6235,2015-06-01,,Month-to-month,Yes,Credit card (automatic),44.85,2564.95,DSL,No,No,No,No,Yes,Yes,Female,0,No,No,No,0
6236,2015-02-01,,Two year,Yes,Electronic check,97.2,5611.75,Fiber optic,Yes,No,No,Yes,Yes,Yes,Female,0,Yes,No,No,0
6237,2014-05-01,,One year,Yes,Mailed check,110.55,7610.1,Fiber optic,Yes,No,Yes,Yes,Yes,Yes,Male,1,Yes,No,Yes,0
6238,2019-09-01,2019-10-01,Month-to-month,No,Mailed check,35.05,35.05,DSL,No,No,No,No,No,Yes,Female,0,No,No,No,1
6239,2019-12-01,2020-01-01,Month-to-month,Yes,Electronic check,73.0,73.0,Fiber optic,No,Yes,No,No,No,No,Female,1,No,No,No,1
6240,2019-11-01,,Month-to-month,Yes,Mailed check,19.9,45.75,Fiber optic,No,No,No,No,No,No,Female,0,Yes,No,No,0
6241,2015-02-01,,Two year,No,Bank transfer (automatic),76.95,4543.95,DSL,No,Yes,No,Yes,Yes,Yes,Male,0,Yes,Yes,No,0
6242,2019-01-01,,Two year,No,Mailed check,35.4,450.4,DSL,No,No,Yes,Yes,No,No,Female,0,No,No,No,0
6243,2014-12-01,,Two year,No,Bank transfer (automatic),20.45,1297.35,Fiber optic,No,No,No,No,No,No,Male,0,Yes,Yes,No,0
6244,2016-05-01,,One year,No,Bank transfer (automatic),96.75,4442.75,Fiber optic,Yes,Yes,No,No,No,Yes,Female,0,No,No,Yes,0
6245,2018-01-01,,One year,No,Electronic check,54.2,1423.15,DSL,No,No,Yes,Yes,Yes,Yes,Female,0,No,No,No,0
6246,2016-06-01,,Two year,No,Bank transfer (automatic),100.1,4378.35,Fiber optic,No,No,Yes,Yes,Yes,Yes,Male,0,No,No,No,0
6247,2019-12-01,,Month-to-month,Yes,Mailed check,45.25,74.2,DSL,No,No,No,No,No,No,Female,0,No,No,No,0
6248,2017-04-01,2020-01-01,Month-to-month,Yes,Credit card (automatic),83.85,2716.3,Fiber optic,No,Yes,Yes,No,No,No,Male,1,No,No,Yes,1
6249,2019-12-01,2020-01-01,Month-to-month,Yes,Electronic check,70.1,70.1,Fiber optic,No,No,No,No,No,No,Female,0,No,No,No,1
6250,2018-04-01,,One year,No,Bank transfer (automatic),20.85,450.65,Fiber optic,No,No,No,No,No,No,Female,0,No,No,No,0
6251,2017-03-01,,Month-to-month,Yes,Mailed check,33.45,1175.85,DSL,No,No,Yes,Yes,No,No,Female,0,No,No,No,0
6252,2017-09-01,,Two year,No,Mailed check,20.2,558.8,Fiber optic,No,No,No,No,No,No,Female,0,Yes,Yes,No,0
6253,2017-11-01,,One year,Yes,Electronic check,85.9,2220.1,Fiber optic,Yes,No,Yes,No,No,No,Male,1,Yes,No,Yes,0
6254,2015-08-01,,One year,Yes,Electronic check,61.0,3283.05,DSL,No,Yes,Yes,Yes,No,No,Male,0,No,Yes,No,0
6255,2019-08-01,2019-10-01,Month-to-month,Yes,Electronic check,70.65,142.35,Fiber optic,No,No,No,No,No,No,Female,1,No,No,No,1
6256,2015-05-01,,One year,Yes,Electronic check,86.9,4939.25,Fiber optic,No,No,No,No,Yes,No,Male,0,No,No,Yes,0
6257,2014-12-01,,Two year,No,Bank transfer (automatic),69.4,4237.5,DSL,Yes,Yes,Yes,Yes,No,No,Male,0,No,No,Yes,0
6258,2018-11-01,,One year,No,Credit card (automatic),20.35,335.95,Fiber optic,No,No,No,No,No,No,Female,0,Yes,Yes,No,0
6259,2019-10-01,2019-12-01,Month-to-month,No,Mailed check,20.35,33.2,Fiber optic,No,No,No,No,No,No,Male,0,No,No,No,1
6260,2014-04-01,,Two year,Yes,Bank transfer (automatic),104.3,7188.5,Fiber optic,No,No,Yes,Yes,Yes,Yes,Female,0,Yes,No,Yes,0
6261,2018-05-01,,Month-to-month,Yes,Electronic check,44.95,926.25,DSL,No,No,No,No,No,No,Female,0,Yes,Yes,No,0
6262,2018-03-01,,One year,Yes,Electronic check,49.45,1119.35,DSL,No,No,No,Yes,No,No,Female,0,No,Yes,No,0
6263,2019-08-01,,One year,No,Mailed check,20.6,116.6,Fiber optic,No,No,No,No,No,No,Male,0,No,No,No,0
6264,2019-10-01,,Two year,No,Credit card (automatic),19.55,68.8,Fiber optic,No,No,No,No,No,No,Male,0,Yes,Yes,No,0
6265,2019-07-01,2019-10-01,Month-to-month,Yes,Credit card (automatic),99.0,287.4,Fiber optic,Yes,No,Yes,No,Yes,Yes,Female,0,No,No,No,1
6266,2018-03-01,,Month-to-month,Yes,Electronic check,93.5,2341.55,Fiber optic,No,No,No,No,Yes,Yes,Female,0,No,No,Yes,0
6267,2017-12-01,,One year,No,Credit card (automatic),54.55,1362.85,DSL,Yes,No,No,Yes,Yes,Yes,Male,0,No,No,No,0
6268,2019-06-01,,Month-to-month,No,Mailed check,20.05,163.6,Fiber optic,No,No,No,No,No,No,Female,0,No,Yes,No,0
6269,2017-11-01,2020-01-01,Month-to-month,Yes,Electronic check,83.95,2254.2,Fiber optic,No,No,No,No,No,Yes,Male,0,No,No,Yes,1
6270,2019-12-01,,Month-to-month,Yes,Electronic check,79.45,145.15,Fiber optic,No,Yes,No,No,No,No,Male,0,No,No,Yes,0
6271,2014-05-01,2019-12-01,Two year,No,Credit card (automatic),116.2,7752.3,Fiber optic,Yes,Yes,Yes,Yes,Yes,Yes,Male,0,No,No,Yes,1
6272,2013-12-01,2019-11-01,Two year,Yes,Bank transfer (automatic),93.7,6585.35,Fiber optic,No,No,No,No,Yes,Yes,Female,0,Yes,No,Yes,1
6273,2015-03-01,,One year,No,Credit card (automatic),79.85,4786.1,DSL,Yes,Yes,Yes,Yes,No,Yes,Female,0,No,No,Yes,0
6274,2016-11-01,,One year,No,Electronic check,100.0,3835.55,Fiber optic,No,No,Yes,No,Yes,Yes,Male,0,Yes,Yes,Yes,0
6275,2018-05-01,,Two year,No,Mailed check,19.6,397.0,Fiber optic,No,No,No,No,No,No,Male,0,No,Yes,No,0
6276,2019-10-01,2019-11-01,Month-to-month,No,Mailed check,19.7,19.7,Fiber optic,No,No,No,No,No,No,Male,0,No,No,No,1
6277,2016-02-01,,Two year,No,Bank transfer (automatic),20.2,1027.25,Fiber optic,No,No,No,No,No,No,Female,0,Yes,Yes,No,0
6278,2017-07-01,,One year,Yes,Credit card (automatic),50.4,1580.1,DSL,Yes,Yes,Yes,No,No,Yes,Female,1,Yes,No,No,0
6279,2014-10-01,,One year,No,Electronic check,113.35,7222.75,Fiber optic,Yes,Yes,Yes,Yes,Yes,Yes,Female,0,Yes,Yes,Yes,0
6280,2016-04-01,,Month-to-month,Yes,Bank transfer (automatic),80.0,3769.7,Fiber optic,No,Yes,No,No,No,No,Male,0,Yes,Yes,Yes,0
6281,2015-10-01,,Two year,Yes,Bank transfer (automatic),80.95,4233.95,DSL,No,No,Yes,Yes,Yes,Yes,Female,0,No,No,Yes,0
6282,2014-07-01,,Two year,Yes,Mailed check,24.9,1680.25,Fiber optic,No,No,No,No,No,No,Female,0,Yes,Yes,Yes,0
6283,2014-07-01,,Month-to-month,No,Electronic check,54.9,3725.5,DSL,No,Yes,No,No,No,No,Female,1,No,No,Yes,0
6284,2019-08-01,2020-01-01,Month-to-month,No,Electronic check,75.55,413.65,Fiber optic,No,No,No,No,No,No,Female,0,No,No,Yes,1
6285,2014-03-01,,Two year,No,Electronic check,109.25,7707.7,Fiber optic,No,Yes,Yes,Yes,Yes,Yes,Female,0,Yes,No,Yes,0
6286,2019-02-01,2019-11-01,Month-to-month,Yes,Bank transfer (automatic),77.65,714.15,Fiber optic,No,No,No,No,Yes,No,Female,0,No,No,No,1
6287,2017-08-01,2019-10-01,Month-to-month,Yes,Electronic check,95.0,2497.2,Fiber optic,Yes,Yes,No,No,No,Yes,Female,1,No,No,Yes,1
6288,2014-03-01,,One year,Yes,Bank transfer (automatic),116.3,8309.55,Fiber optic,Yes,Yes,Yes,Yes,Yes,Yes,Male,0,No,No,Yes,0
6289,2017-06-01,,Month-to-month,No,Bank transfer (automatic),19.9,601.55,Fiber optic,No,No,No,No,No,No,Female,0,No,No,No,0
6290,2019-12-01,,Month-to-month,No,Electronic check,70.35,139.25,Fiber optic,No,No,No,No,No,No,Female,0,No,No,No,0
6291,2014-03-01,,Two year,No,Credit card (automatic),25.6,1888.25,Fiber optic,No,No,No,No,No,No,Female,0,Yes,No,Yes,0
6292,2015-02-01,,One year,Yes,Electronic check,44.45,2773.9,DSL,Yes,No,Yes,No,No,Yes,Female,0,No,No,No,0
6293,2015-07-01,,One year,Yes,Electronic check,100.15,5409.75,Fiber optic,No,No,Yes,No,Yes,Yes,Female,1,No,No,Yes,0
6294,2015-05-01,2019-11-01,One year,Yes,Credit card (automatic),105.4,5643.4,Fiber optic,Yes,Yes,No,Yes,Yes,Yes,Male,0,No,No,No,1
6295,2019-09-01,2019-11-01,Month-to-month,Yes,Electronic check,95.85,197.7,Fiber optic,No,No,Yes,No,Yes,Yes,Male,0,No,No,No,1
6296,2019-08-01,,Month-to-month,Yes,Mailed check,73.85,401.3,Fiber optic,No,No,No,No,No,No,Female,0,No,No,Yes,0
6297,2016-02-01,,Two year,Yes,Credit card (automatic),70.1,3238.4,DSL,Yes,Yes,Yes,No,No,Yes,Female,0,Yes,Yes,No,0
6298,2014-11-01,,Two year,No,Mailed check,25.25,1573.05,Fiber optic,No,No,No,No,No,No,Male,0,Yes,Yes,Yes,0
6299,2019-09-01,2019-10-01,Month-to-month,Yes,Electronic check,79.15,79.15,Fiber optic,No,Yes,No,No,No,No,Male,0,No,No,Yes,1
6300,2019-02-01,,Month-to-month,No,Credit card (automatic),21.05,235.8,Fiber optic,No,No,No,No,No,No,Male,0,No,Yes,No,0
6301,2015-08-01,,Month-to-month,Yes,Bank transfer (automatic),24.95,1364.75,DSL,No,No,No,No,No,No,Male,1,Yes,No,No,0
6302,2017-08-01,,One year,Yes,Electronic check,64.5,1985.15,DSL,No,No,Yes,Yes,Yes,No,Female,0,Yes,Yes,No,0
6303,2017-04-01,2019-10-01,Month-to-month,No,Bank transfer (automatic),19.65,655.85,Fiber optic,No,No,No,No,No,No,Female,0,Yes,No,No,1
6304,2019-07-01,2019-11-01,Month-to-month,Yes,Electronic check,79.0,303.15,Fiber optic,No,No,No,No,Yes,No,Female,0,No,No,No,1
6305,2016-10-01,,One year,Yes,Credit card (automatic),105.95,4335.2,Fiber optic,No,No,Yes,Yes,Yes,Yes,Female,0,No,No,Yes,0
6306,2019-05-01,,Month-to-month,Yes,Electronic check,75.85,647.5,Fiber optic,No,No,No,Yes,No,No,Female,0,Yes,Yes,No,0
6307,2018-07-01,2019-12-01,Month-to-month,No,Electronic check,91.85,1574.45,Fiber optic,Yes,No,No,Yes,Yes,No,Female,0,Yes,Yes,No,1
6308,2014-12-01,,Two year,Yes,Credit card (automatic),43.6,2748.7,DSL,No,Yes,Yes,No,No,Yes,Female,0,No,No,No,0
6309,2017-10-01,,One year,Yes,Bank transfer (automatic),91.25,2483.65,Fiber optic,No,Yes,No,Yes,Yes,No,Male,0,No,No,No,0
6310,2014-04-01,,Two year,No,Credit card (automatic),89.75,6367.2,DSL,Yes,Yes,Yes,Yes,Yes,Yes,Female,0,No,No,Yes,0
6311,2016-04-01,,Two year,Yes,Bank transfer (automatic),104.4,4904.2,Fiber optic,No,Yes,Yes,Yes,Yes,Yes,Female,0,No,No,No,0
6312,2018-03-01,,Month-to-month,No,Mailed check,90.15,2044.95,Fiber optic,No,No,Yes,No,No,Yes,Female,0,Yes,No,Yes,0
6313,2016-03-01,,One year,No,Electronic check,40.3,1794.8,DSL,Yes,No,Yes,Yes,No,No,Male,0,Yes,Yes,No,0
6314,2014-06-01,,Two year,Yes,Bank transfer (automatic),105.25,7173.15,Fiber optic,Yes,Yes,Yes,No,Yes,Yes,Male,0,Yes,Yes,No,0
6315,2014-11-01,2019-11-01,One year,Yes,Electronic check,106.0,6441.4,Fiber optic,No,No,Yes,Yes,Yes,Yes,Female,1,No,No,Yes,1
6316,2014-07-01,,Two year,Yes,Electronic check,104.0,7039.05,Fiber optic,No,Yes,No,Yes,Yes,Yes,Female,0,No,Yes,Yes,0
6317,2018-12-01,,Month-to-month,Yes,Electronic check,69.65,921.4,DSL,No,No,No,Yes,Yes,Yes,Female,0,No,No,No,0
6318,2015-05-01,,Month-to-month,Yes,Electronic check,74.3,4018.35,Fiber optic,No,No,No,No,No,No,Male,0,Yes,Yes,Yes,0
6319,2015-07-01,,One year,No,Mailed check,100.9,5448.6,Fiber optic,Yes,No,No,No,Yes,Yes,Female,0,Yes,Yes,Yes,0
6320,2020-01-01,,Month-to-month,Yes,Mailed check,20.25,20.25,Fiber optic,No,No,No,No,No,No,Male,0,No,No,No,0
6321,2019-09-01,2019-10-01,Month-to-month,Yes,Mailed check,49.9,49.9,DSL,No,No,No,Yes,No,No,Male,0,No,Yes,No,1
6322,2018-03-01,,Month-to-month,Yes,Credit card (automatic),96.9,2085.45,Fiber optic,No,No,Yes,Yes,Yes,No,Male,0,No,No,Yes,0
6323,2018-10-01,2019-11-01,Month-to-month,Yes,Electronic check,100.35,1358.85,Fiber optic,Yes,No,No,No,Yes,Yes,Female,0,No,No,Yes,1
6324,2016-03-01,,Month-to-month,Yes,Electronic check,104.1,5135.15,Fiber optic,No,Yes,Yes,No,Yes,Yes,Male,0,Yes,No,Yes,0
6325,2016-12-01,,One year,No,Mailed check,20.1,730.1,Fiber optic,No,No,No,No,No,No,Male,0,No,No,No,0
6326,2016-09-01,2019-11-01,Month-to-month,Yes,Bank transfer (automatic),74.95,2869.85,Fiber optic,No,No,No,No,No,No,Female,1,Yes,No,Yes,1
6327,2019-12-01,,Month-to-month,Yes,Credit card (automatic),56.55,118.25,DSL,No,Yes,No,No,No,No,Female,1,No,No,Yes,0
6328,2019-12-01,2020-01-01,Month-to-month,Yes,Credit card (automatic),49.25,49.25,DSL,No,No,No,Yes,No,No,Male,1,Yes,Yes,No,1
6329,2018-11-01,,Month-to-month,Yes,Bank transfer (automatic),68.6,1108.6,Fiber optic,No,No,No,No,No,No,Male,0,Yes,No,No,0
6330,2017-12-01,,Month-to-month,Yes,Credit card (automatic),69.05,1815.65,Fiber optic,No,No,No,No,No,No,Female,0,No,No,No,0
6331,2017-03-01,,Two year,No,Credit card (automatic),19.7,730.4,Fiber optic,No,No,No,No,No,No,Female,0,Yes,Yes,No,0
6332,2019-11-01,,Month-to-month,Yes,Mailed check,20.05,75.45,Fiber optic,No,No,No,No,No,No,Male,0,No,Yes,No,0
6333,2015-11-01,2020-01-01,Month-to-month,No,Electronic check,103.7,5071.05,Fiber optic,No,Yes,No,Yes,Yes,Yes,Male,0,Yes,Yes,Yes,1
6334,2016-08-01,,Month-to-month,Yes,Electronic check,94.4,4014.6,Fiber optic,Yes,No,Yes,No,No,Yes,Male,0,Yes,No,Yes,0
6335,2019-04-01,,Month-to-month,Yes,Credit card (automatic),54.95,568.85,DSL,Yes,No,No,Yes,No,No,Male,0,Yes,No,No,0
6336,2015-01-01,,One year,No,Bank transfer (automatic),93.7,5860.7,Fiber optic,Yes,Yes,No,Yes,No,Yes,Female,0,Yes,No,No,0
6337,2014-06-01,,Two year,No,Credit card (automatic),110.25,7279.35,Fiber optic,Yes,Yes,No,Yes,Yes,Yes,Female,0,No,No,Yes,0
6338,2019-04-01,,One year,Yes,Electronic check,98.9,1064.95,Fiber optic,Yes,No,Yes,No,Yes,Yes,Male,0,No,No,No,0
6339,2014-07-01,2019-12-01,One year,No,Electronic check,89.75,5769.6,Fiber optic,Yes,Yes,Yes,No,No,No,Male,0,Yes,No,Yes,1
6340,2014-02-01,,Two year,Yes,Bank transfer (automatic),80.45,5886.85,DSL,Yes,No,Yes,Yes,Yes,Yes,Female,0,Yes,Yes,No,0
6341,2015-07-01,,Month-to-month,No,Electronic check,79.4,4238.45,Fiber optic,No,Yes,No,Yes,No,No,Male,0,Yes,Yes,No,0
6342,2019-12-01,2020-01-01,Month-to-month,Yes,Mailed check,20.3,20.3,Fiber optic,No,No,No,No,No,No,Female,0,No,No,No,1
6343,2019-07-01,,Month-to-month,No,Bank transfer (automatic),62.8,418.3,DSL,No,No,Yes,Yes,No,Yes,Female,0,No,No,No,0
6344,2019-12-01,,Month-to-month,Yes,Mailed check,74.9,136.05,Fiber optic,No,No,No,No,No,No,Female,0,No,No,Yes,0
6345,2019-05-01,,Month-to-month,Yes,Electronic check,74.85,708.2,Fiber optic,Yes,No,No,No,No,No,Female,0,No,No,No,0
6346,2017-11-01,,Two year,Yes,Credit card (automatic),25.85,788.55,Fiber optic,No,No,No,No,No,No,Male,0,No,Yes,Yes,0
6347,2019-04-01,2019-11-01,Month-to-month,Yes,Electronic check,101.95,700.85,Fiber optic,No,No,Yes,No,Yes,Yes,Male,1,Yes,No,Yes,1
6348,2014-10-01,,Two year,Yes,Mailed check,68.3,4378.8,DSL,No,Yes,Yes,Yes,No,Yes,Female,0,Yes,No,No,0
6349,2014-04-01,,Two year,No,Bank transfer (automatic),48.4,3442.8,DSL,Yes,No,Yes,Yes,No,Yes,Male,0,No,No,No,0
6350,2019-08-01,2019-10-01,Month-to-month,Yes,Electronic check,94.0,181.7,Fiber optic,No,No,No,No,Yes,Yes,Male,1,No,No,Yes,1
6351,2014-07-01,,Two year,Yes,Electronic check,105.05,7171.7,Fiber optic,Yes,Yes,No,Yes,Yes,Yes,Male,1,No,No,No,0
6352,2016-03-01,2019-12-01,Month-to-month,Yes,Credit card (automatic),89.3,4016.85,Fiber optic,No,Yes,No,No,Yes,No,Female,0,No,No,Yes,1
6353,2018-02-01,,Two year,No,Credit card (automatic),25.15,553.0,Fiber optic,No,No,No,No,No,No,Female,0,No,No,Yes,0
6354,2019-10-01,,Two year,No,Credit card (automatic),19.5,96.85,Fiber optic,No,No,No,No,No,No,Male,0,Yes,Yes,No,0
6355,2016-06-01,,Month-to-month,Yes,Bank transfer (automatic),92.95,4122.9,Fiber optic,No,No,Yes,No,Yes,Yes,Male,0,Yes,Yes,No,0
6356,2014-02-01,,Two year,Yes,Mailed check,20.7,1482.3,Fiber optic,No,No,No,No,No,No,Female,0,Yes,Yes,No,0
6357,2019-11-01,2019-12-01,Month-to-month,Yes,Credit card (automatic),74.3,74.3,Fiber optic,No,Yes,No,No,No,No,Female,0,No,No,No,1
6358,2014-08-01,,Two year,No,Bank transfer (automatic),19.35,1240.8,Fiber optic,No,No,No,No,No,No,Male,0,No,No,No,0
6359,2019-11-01,2019-12-01,Month-to-month,Yes,Mailed check,44.65,44.65,DSL,No,Yes,No,Yes,No,Yes,Male,0,No,No,No,1
6360,2018-09-01,2019-10-01,Month-to-month,No,Electronic check,84.05,1095.3,Fiber optic,Yes,No,No,No,No,Yes,Male,0,Yes,Yes,No,1
